timestamp,data_center_id,cooling_setpoint_c,fan_speed_pct,pump_speed_pct,cooling_power_kw,cooling_load_kw,optimal_cooling_setpoint_c,optimal_fan_speed_pct,optimal_pump_speed_pct,optimized_cooling_power_kw,energy_savings_pct
2024-01-01 00:00:00,DC_1,23.39,49.6,43.82,19.39,275.07,23.39,34.6,30.0,17.35293233,10.51
2024-01-01 02:30:00,DC_1,25.21,38.14,32.53,12.75,210.49,25.21,30.0,30.0,10.21580903,19.88
2024-01-01 05:00:00,DC_1,23.15,37.92,36.42,9.82,167.25,23.15,30.0,30.0,8.821385732,10.17
2024-01-01 07:30:00,DC_1,25.65,42.67,33.24,6.88,176.65,25.65,30.0,30.0,6.593633781,4.16
2024-01-01 10:00:00,DC_1,21.28,43.77,40.36,14.84,178.75,23.28,30.0,30.0,12.57350547,15.27
2024-01-01 12:30:00,DC_1,22.04,59.24,48.45,28.33,302.71,22.04,59.24,48.45,28.33,0.0
2024-01-01 15:00:00,DC_1,22.6,66.02,51.37,35.79,357.44,23.1,51.02,36.37,34.44377973,3.76
2024-01-01 17:30:00,DC_1,22.7,62.88,58.17,44.12,419.69,23.2,47.88,43.17,40.57245823,8.04
2024-01-01 20:00:00,DC_1,23.33,52.66,56.45,39.6,383.16,23.33,37.66,41.45,37.79510495,4.56
2024-01-01 22:30:00,DC_1,22.18,51.71,55.2,28.5,334.09,23.18,51.71,40.2,26.34150189,7.57
2024-01-02 01:00:00,DC_1,23.87,39.21,45.37,17.66,246.43,23.87,30.0,30.37,14.60398319,17.3
2024-01-02 03:30:00,DC_1,24.78,40.03,39.86,11.09,208.11,24.78,30.0,30.0,9.480192968,14.52
2024-01-02 06:00:00,DC_1,20.45,48.84,38.43,13.57,169.04,22.95,33.84,30.0,10.50962976,22.55
2024-01-02 08:30:00,DC_1,18.03,65.0,39.85,15.14,173.82,20.53,50.0,30.0,14.03329681,7.31
2024-01-02 11:00:00,DC_1,23.57,42.65,45.32,15.34,221.12,23.57,42.65,45.32,15.33551155,0.03
2024-01-02 13:30:00,DC_1,24.54,53.73,44.4,28.15,280.86,24.54,38.73,30.0,26.20841256,6.9
2024-01-02 16:00:00,DC_1,22.01,61.9,61.37,37.72,358.62,23.01,46.9,46.37,35.46035705,5.99
2024-01-02 18:30:00,DC_1,20.47,69.43,55.46,52.14,412.53,22.97,54.43,40.46,47.6931264,8.53
2024-01-02 21:00:00,DC_1,24.12,58.35,46.05,24.3,358.89,24.12,43.35,31.05,22.28358325,8.3
2024-01-02 23:30:00,DC_1,22.56,53.67,46.98,26.35,286.79,23.06,38.67,31.98,23.91211932,9.25
2024-01-03 02:00:00,DC_1,21.14,49.08,47.56,20.71,232.85,23.14,34.08,32.56,18.09523882,12.63
2024-01-03 04:30:00,DC_1,24.13,44.54,32.76,7.85,173.04,24.13,30.0,30.0,7.022686417,10.54
2024-01-03 07:00:00,DC_1,16.28,54.41,52.82,13.04,152.88,18.78,39.41,37.82,12.13247542,6.96
2024-01-03 09:30:00,DC_1,23.1,45.71,41.1,7.64,182.96,23.1,30.71,30.0,7.464804112,2.29
2024-01-03 12:00:00,DC_1,21.11,57.56,47.25,24.86,236.67,23.11,42.56,32.25,20.68028238,16.81
2024-01-03 14:30:00,DC_1,23.62,52.97,50.54,24.01,281.37,23.62,37.97,35.54,21.932149,8.65
2024-01-03 17:00:00,DC_1,22.05,61.4,53.57,50.77,429.74,23.05,46.4,38.57,48.50195152,4.47
2024-01-03 19:30:00,DC_1,21.38,58.43,54.21,37.05,372.42,23.38,43.43,39.21,36.4181002,1.71
2024-01-03 22:00:00,DC_1,22.79,61.17,53.8,25.78,347.61,22.79,61.17,53.8,25.77988681,0.0
2024-01-04 00:30:00,DC_1,23.98,51.02,36.33,12.66,256.09,23.98,51.02,36.33,12.6572222,0.02
2024-01-04 03:00:00,DC_1,22.2,47.21,42.53,13.16,194.64,23.2,32.21,30.0,11.62263972,11.68
2024-01-04 05:30:00,DC_1,21.7,39.89,43.8,9.27,164.11,21.7,39.89,43.8,9.267817412,0.02
2024-01-04 08:00:00,DC_1,22.27,41.6,45.99,18.55,228.59,22.27,41.6,45.99,18.55,0.0
2024-01-04 10:30:00,DC_1,25.99,39.64,35.84,15.74,223.51,25.99,30.0,30.0,14.66451303,6.83
2024-01-04 13:00:00,DC_1,25.29,46.29,47.74,19.35,271.43,25.29,46.29,47.74,19.34620195,0.02
2024-01-04 15:30:00,DC_1,21.98,61.86,57.11,33.86,327.45,23.48,46.86,42.11,32.88017727,2.89
2024-01-04 18:00:00,DC_1,26.01,63.0,52.42,51.08,455.3,26.01,48.0,37.42,49.65235612,2.79
2024-01-04 20:30:00,DC_1,20.58,61.02,52.11,37.27,355.2,23.08,46.02,37.11,33.03869831,11.35
2024-01-04 23:00:00,DC_1,22.98,46.86,46.86,18.46,284.34,22.98,46.86,46.86,18.45830199,0.01
2024-01-05 01:30:00,DC_1,22.92,46.82,51.0,16.84,266.14,22.92,46.82,51.0,16.8367937,0.02
2024-01-05 04:00:00,DC_1,24.42,43.18,35.18,9.35,180.55,24.42,30.0,30.0,7.340949727,21.49
2024-01-05 06:30:00,DC_1,24.0,36.62,39.75,8.76,152.58,24.0,36.62,39.75,8.759808149,0.0
2024-01-05 09:00:00,DC_1,21.67,46.66,42.11,14.07,176.28,23.17,31.66,30.0,12.63774981,10.18
2024-01-05 11:30:00,DC_1,22.84,52.0,39.16,16.92,236.77,23.34,37.0,30.0,16.16537283,4.46
2024-01-05 14:00:00,DC_1,21.04,62.36,50.57,28.27,291.71,23.04,47.36,35.57,26.39590605,6.63
2024-01-05 16:30:00,DC_1,19.71,57.76,62.79,51.4,369.72,22.21,42.76,47.79,46.55636865,9.42
2024-01-05 19:00:00,DC_1,23.23,59.21,55.03,36.78,356.02,23.23,44.21,40.03,34.38834037,6.5
2024-01-05 21:30:00,DC_1,20.96,59.34,57.59,38.62,371.5,20.96,59.34,57.59,38.61922268,0.0
2024-01-06 00:00:00,DC_1,21.31,46.57,42.76,18.52,210.69,23.31,31.57,30.0,17.30972532,6.53
2024-01-06 02:30:00,DC_1,17.11,60.06,55.36,14.33,193.28,17.11,60.06,55.36,14.32545691,0.03
2024-01-06 05:00:00,DC_1,23.82,48.8,37.41,9.68,168.83,23.82,33.8,30.0,7.124707603,26.4
2024-01-06 07:30:00,DC_1,24.05,40.5,31.07,10.71,166.1,24.05,30.0,30.0,9.692761439,9.5
2024-01-06 10:00:00,DC_1,21.55,48.44,44.23,11.35,172.49,23.05,33.44,30.0,10.89121783,4.04
2024-01-06 12:30:00,DC_1,23.38,42.08,37.64,8.73,163.48,23.38,30.0,30.0,8.591996136,1.58
2024-01-06 15:00:00,DC_1,27.72,49.14,33.95,12.99,226.69,27.72,34.14,30.0,11.74507618,9.58
2024-01-06 17:30:00,DC_1,23.05,55.06,47.4,22.44,281.15,23.05,40.06,32.4,21.25323008,5.29
2024-01-06 20:00:00,DC_1,16.32,60.41,64.59,32.43,266.2,18.82,45.41,49.59,30.79628991,5.04
2024-01-06 22:30:00,DC_1,22.88,49.7,43.52,19.13,228.79,23.38,34.7,30.0,16.83263414,12.01
2024-01-07 01:00:00,DC_1,24.2,39.81,37.1,10.5,200.54,24.2,39.81,37.1,10.49795168,0.02
2024-01-07 03:30:00,DC_1,23.15,43.23,43.1,12.13,185.68,23.15,30.0,30.0,9.554407378,21.23
2024-01-07 06:00:00,DC_1,22.84,44.65,39.3,11.72,149.51,23.34,30.0,30.0,10.83823087,7.52
2024-01-07 08:30:00,DC_1,24.54,42.08,30.41,6.71,154.3,24.54,30.0,30.0,5.735348826,14.53
2024-01-07 11:00:00,DC_1,22.52,49.63,41.49,19.79,225.74,23.02,34.63,30.0,17.80375982,10.04
2024-01-07 13:30:00,DC_1,22.97,50.57,32.99,11.67,188.98,23.47,35.57,30.0,11.47361638,1.68
2024-01-07 16:00:00,DC_1,22.99,49.09,51.37,18.38,257.4,22.99,49.09,51.37,18.38,0.0
2024-01-07 18:30:00,DC_1,24.14,49.5,41.21,18.62,241.04,24.14,34.5,30.0,18.60438835,0.08
2024-01-07 21:00:00,DC_1,22.48,41.67,39.44,19.05,258.21,22.48,41.67,39.44,19.05,0.0
2024-01-07 23:30:00,DC_1,21.35,44.95,49.56,19.78,254.57,23.35,30.0,34.56,17.29733418,12.55
2024-01-08 02:00:00,DC_1,22.72,42.38,40.32,12.85,209.39,23.22,30.0,30.0,12.10556915,5.79
2024-01-08 04:30:00,DC_1,21.94,43.24,50.9,13.26,166.47,23.44,30.0,35.9,12.2974479,7.26
2024-01-08 07:00:00,DC_1,23.13,42.59,35.42,9.11,155.75,23.13,42.59,35.42,9.11,0.0
2024-01-08 09:30:00,DC_1,21.89,46.36,47.32,9.06,185.23,21.89,46.36,47.32,9.057212677,0.03
2024-01-08 12:00:00,DC_1,24.07,53.05,41.29,17.25,251.14,24.07,38.05,30.0,16.50232905,4.33
2024-01-08 14:30:00,DC_1,23.67,53.78,64.03,29.12,386.59,23.67,38.78,49.03,28.82137374,1.03
2024-01-08 17:00:00,DC_1,21.97,58.87,68.16,35.52,354.95,23.47,43.87,53.16,34.07345318,4.07
2024-01-08 19:30:00,DC_1,24.32,56.09,55.38,36.8,375.42,24.32,41.09,40.38,34.61293877,5.94
2024-01-08 22:00:00,DC_1,22.54,57.22,59.89,26.03,310.78,23.04,42.22,44.89,24.34494612,6.47
2024-01-09 00:30:00,DC_1,21.79,49.23,49.18,25.21,288.63,23.29,34.23,34.18,24.36301281,3.36
2024-01-09 03:00:00,DC_1,21.92,49.36,43.47,13.48,196.39,23.42,34.36,30.0,13.43775018,0.31
2024-01-09 05:30:00,DC_1,24.84,43.23,32.41,18.07,255.67,24.84,30.0,30.0,17.75822039,1.73
2024-01-09 08:00:00,DC_1,21.61,52.12,35.15,13.8,166.21,23.11,37.12,30.0,11.69989779,15.22
2024-01-09 10:30:00,DC_1,22.05,61.82,48.6,19.77,198.52,23.05,46.82,33.6,18.3644161,7.11
2024-01-09 13:00:00,DC_1,23.34,53.08,49.49,21.8,279.49,23.34,53.08,49.49,21.8,0.0
2024-01-09 15:30:00,DC_1,18.41,67.47,59.02,45.15,352.61,20.91,52.47,44.02,42.17307762,6.59
2024-01-09 18:00:00,DC_1,23.42,61.23,54.04,45.57,428.39,23.42,46.23,39.04,42.47668777,6.79
2024-01-09 20:30:00,DC_1,23.98,53.22,51.64,31.84,339.38,23.98,38.22,36.64,30.68927534,3.61
2024-01-09 23:00:00,DC_1,22.43,55.8,50.36,23.56,325.04,23.43,40.8,35.36,21.89606296,7.06
2024-01-10 01:30:00,DC_1,20.05,49.67,51.28,16.6,228.15,22.55,34.67,36.28,15.26738649,8.03
2024-01-10 04:00:00,DC_1,22.05,48.95,44.6,7.41,180.24,22.05,48.95,44.6,7.41,0.0
2024-01-10 06:30:00,DC_1,24.12,37.0,39.47,10.33,164.36,24.12,30.0,30.0,9.515556405,7.88
2024-01-10 09:00:00,DC_1,22.11,52.41,43.62,17.03,229.72,23.11,37.41,30.0,14.64609545,14.0
2024-01-10 11:30:00,DC_1,21.55,46.86,47.29,23.72,237.43,23.05,31.86,32.29,21.50578047,9.33
2024-01-10 14:00:00,DC_1,23.9,49.46,53.04,14.58,220.54,23.9,49.46,53.04,14.57635176,0.03
2024-01-10 16:30:00,DC_1,25.07,53.69,49.26,28.37,350.2,25.07,38.69,34.26,27.1415627,4.33
2024-01-10 19:00:00,DC_1,22.85,59.66,53.68,48.0,428.32,23.35,44.66,38.68,46.0046175,4.16
2024-01-10 21:30:00,DC_1,21.02,55.33,62.14,43.82,419.64,23.02,52.6,47.14,41.31702849,5.71
2024-01-11 00:00:00,DC_1,22.61,55.41,43.84,19.1,247.56,23.11,40.41,30.0,17.77761188,6.92
2024-01-11 02:30:00,DC_1,20.17,49.65,43.03,13.58,194.29,22.67,34.65,30.0,11.90954255,12.3
2024-01-11 05:00:00,DC_1,23.16,33.12,42.93,9.05,157.99,23.16,33.12,42.93,9.05,0.0
2024-01-11 07:30:00,DC_1,22.91,42.42,41.39,11.88,177.33,23.41,30.0,30.0,10.9695131,7.66
2024-01-11 10:00:00,DC_1,24.24,52.58,36.74,15.65,186.03,24.24,37.58,30.0,13.84695127,11.52
2024-01-11 12:30:00,DC_1,23.71,57.48,33.63,19.41,240.2,23.71,42.48,30.0,18.98317585,2.2
2024-01-11 15:00:00,DC_1,21.44,56.69,45.24,33.7,308.02,23.44,41.69,30.24,31.76074839,5.75
2024-01-11 17:30:00,DC_1,21.79,72.44,59.95,45.2,419.37,23.29,57.44,44.95,44.3345972,1.91
2024-01-11 20:00:00,DC_1,24.75,51.69,47.34,25.24,347.47,24.75,51.69,47.34,25.23874808,0.0
2024-01-11 22:30:00,DC_1,22.67,47.67,50.46,30.23,318.29,23.17,32.67,35.46,29.38554866,2.79
2024-01-12 01:00:00,DC_1,28.69,46.5,46.76,12.02,251.36,28.69,46.5,46.76,12.02,0.0
2024-01-12 03:30:00,DC_1,25.14,35.22,34.66,9.56,194.76,25.14,30.0,30.0,9.475784698,0.88
2024-01-12 06:00:00,DC_1,22.7,39.14,40.06,9.93,160.75,23.2,30.0,30.0,9.074682543,8.61
2024-01-12 08:30:00,DC_1,23.57,44.41,38.04,7.99,149.83,23.57,30.0,30.0,6.462955816,19.11
2024-01-12 11:00:00,DC_1,20.68,42.07,38.9,15.48,196.51,23.18,30.0,30.0,13.80899911,10.79
2024-01-12 13:30:00,DC_1,23.05,52.61,48.22,20.04,245.59,23.05,37.61,33.22,19.23734234,4.01
2024-01-12 16:00:00,DC_1,23.32,56.53,63.56,41.42,385.72,23.32,41.53,48.56,40.33720506,2.61
2024-01-12 18:30:00,DC_1,21.0,58.37,53.06,45.72,377.16,23.5,43.37,38.06,41.78094385,8.62
2024-01-12 21:00:00,DC_1,21.99,60.35,54.14,34.12,378.27,23.49,45.35,39.14,32.06007544,6.04
2024-01-12 23:30:00,DC_1,28.24,54.98,53.73,28.09,403.67,28.24,54.98,53.73,28.0879042,0.01
2024-01-13 02:00:00,DC_1,20.98,48.34,41.25,8.98,187.91,20.98,48.34,41.25,8.979299752,0.01
2024-01-13 04:30:00,DC_1,20.62,54.54,38.88,11.91,167.5,20.62,54.54,38.88,11.91,0.0
2024-01-13 07:00:00,DC_1,25.01,45.57,50.41,6.94,159.08,25.01,30.57,30.0,6.739613387,2.89
2024-01-13 09:30:00,DC_1,24.74,40.16,40.01,6.92,153.71,24.74,30.0,30.0,6.546082307,5.4
2024-01-13 12:00:00,DC_1,25.26,41.62,39.45,15.11,204.51,25.26,30.0,30.0,14.50590106,4.0
2024-01-13 14:30:00,DC_1,21.93,53.82,48.22,18.28,229.22,21.93,53.82,48.22,18.27618949,0.02
2024-01-13 17:00:00,DC_1,23.37,52.51,48.12,17.32,246.05,23.37,37.51,33.12,15.35550236,11.34
2024-01-13 19:30:00,DC_1,23.62,52.95,53.23,23.48,287.61,23.62,52.95,53.23,23.48,0.0
2024-01-13 22:00:00,DC_1,23.71,42.59,37.1,15.95,221.68,23.71,42.59,37.1,15.95,0.0
2024-01-14 00:30:00,DC_1,23.7,38.15,44.44,17.29,237.53,23.7,38.15,30.0,16.64065266,3.76
2024-01-14 03:00:00,DC_1,21.67,46.7,38.21,12.62,184.68,23.17,31.7,30.0,10.31574915,18.26
2024-01-14 05:30:00,DC_1,23.61,43.6,43.04,7.64,170.5,23.61,30.0,30.0,6.449009485,15.59
2024-01-14 08:00:00,DC_1,22.69,41.5,42.55,10.43,149.41,23.19,30.0,30.0,9.596742062,7.99
2024-01-14 10:30:00,DC_1,23.16,41.36,42.52,12.5,168.86,23.16,30.0,30.0,11.61247378,7.1
2024-01-14 13:00:00,DC_1,22.8,49.39,47.7,14.5,192.78,22.8,49.39,47.7,14.5,0.0
2024-01-14 15:30:00,DC_1,21.4,57.49,43.72,22.38,242.13,23.4,42.49,30.0,20.42786232,8.72
2024-01-14 18:00:00,DC_1,28.73,48.09,40.43,16.11,257.32,28.73,48.09,40.43,16.11,0.0
2024-01-14 20:30:00,DC_1,23.22,44.32,44.66,19.01,235.2,23.22,30.0,30.0,16.33041367,14.1
2024-01-14 23:00:00,DC_1,24.09,45.94,39.21,12.39,239.96,24.09,30.94,30.0,12.27531567,0.93
2024-01-15 01:30:00,DC_1,24.42,45.26,42.58,15.12,234.17,24.42,30.26,30.0,14.79789611,2.13
2024-01-15 04:00:00,DC_1,25.05,38.52,41.57,9.74,192.0,25.05,38.52,41.57,9.74,0.0
2024-01-15 06:30:00,DC_1,21.58,40.28,41.34,7.18,144.9,21.58,40.28,41.34,7.18,0.0
2024-01-15 09:00:00,DC_1,21.94,45.65,50.41,13.68,177.39,23.44,30.65,30.0,11.50424039,15.9
2024-01-15 11:30:00,DC_1,23.12,51.63,41.76,22.96,253.98,23.12,36.63,30.0,21.35390174,7.0
2024-01-15 14:00:00,DC_1,22.55,49.59,54.96,33.32,315.1,23.05,34.59,39.96,32.18277965,3.41
2024-01-15 16:30:00,DC_1,22.51,60.5,56.24,44.23,415.31,23.01,45.5,41.24,43.93303857,0.67
2024-01-15 19:00:00,DC_1,22.94,62.2,58.3,47.85,422.05,23.44,47.2,43.3,46.68230553,2.44
2024-01-15 21:30:00,DC_1,24.09,58.25,48.85,26.65,343.31,24.09,43.25,33.85,25.08925234,5.86
2024-01-16 00:00:00,DC_1,22.12,50.73,46.95,21.64,267.67,23.12,35.73,31.95,19.07658667,11.85
2024-01-16 02:30:00,DC_1,23.1,44.01,44.49,11.95,197.11,23.1,30.0,30.0,10.58377497,11.43
2024-01-16 05:00:00,DC_1,22.23,40.27,33.96,9.42,168.49,23.23,30.0,30.0,9.179157853,2.56
2024-01-16 07:30:00,DC_1,21.34,45.77,46.0,11.32,156.9,23.34,30.77,31.0,10.86858584,3.99
2024-01-16 10:00:00,DC_1,23.58,58.64,46.91,13.67,197.46,23.58,43.64,31.91,12.17188078,10.96
2024-01-16 12:30:00,DC_1,26.57,44.8,38.32,17.58,268.61,26.57,30.0,30.0,16.61926909,5.46
2024-01-16 15:00:00,DC_1,22.85,53.55,47.34,30.2,333.68,22.85,53.55,47.34,30.1981578,0.01
2024-01-16 17:30:00,DC_1,24.18,52.41,56.13,38.42,366.84,24.18,52.41,56.13,38.42,0.0
2024-01-16 20:00:00,DC_1,20.97,61.35,51.55,50.77,443.52,23.47,46.35,36.55,46.96877066,7.49
2024-01-16 22:30:00,DC_1,23.57,51.61,54.56,25.42,338.11,23.57,36.61,39.56,23.52192051,7.47
2024-01-17 01:00:00,DC_1,24.87,47.64,43.56,16.93,213.58,24.87,32.64,30.0,14.75091804,12.87
2024-01-17 03:30:00,DC_1,23.59,46.72,47.3,17.58,219.25,23.59,31.72,32.3,16.78100181,4.54
2024-01-17 06:00:00,DC_1,22.21,47.91,39.84,13.81,186.93,23.21,32.91,30.0,11.3807968,17.59
2024-01-17 08:30:00,DC_1,20.19,40.94,39.95,10.45,151.3,22.69,30.0,30.0,9.165143876,12.3
2024-01-17 11:00:00,DC_1,21.69,51.85,42.39,22.24,198.82,23.19,36.85,30.0,21.05513608,5.33
2024-01-17 13:30:00,DC_1,23.29,58.55,45.79,20.88,236.44,23.29,43.55,30.79,19.15691406,8.25
2024-01-17 16:00:00,DC_1,25.41,60.31,49.61,24.18,352.54,25.41,45.31,34.61,24.05923531,0.5
2024-01-17 18:30:00,DC_1,27.12,48.11,47.34,33.58,376.17,27.12,40.11,32.34,32.35482277,3.65
2024-01-17 21:00:00,DC_1,24.6,59.16,60.92,47.49,453.35,24.6,44.16,45.92,46.75180392,1.55
2024-01-17 23:30:00,DC_1,21.17,53.81,48.16,26.45,308.37,23.17,38.81,33.16,24.74345385,6.45
2024-01-18 02:00:00,DC_1,22.96,40.35,33.73,15.48,207.59,23.46,30.0,30.0,13.72591961,11.33
2024-01-18 04:30:00,DC_1,22.78,35.05,37.02,10.0,166.81,22.78,35.05,37.02,9.999724268,0.0
2024-01-18 07:00:00,DC_1,22.7,47.23,37.14,9.35,161.05,22.7,47.23,37.14,9.347461747,0.03
2024-01-18 09:30:00,DC_1,23.34,45.94,45.66,16.16,192.19,23.34,30.94,30.66,15.46182707,4.32
2024-01-18 12:00:00,DC_1,22.49,49.79,40.58,19.34,242.98,23.49,34.79,30.0,17.25597579,10.78
2024-01-18 14:30:00,DC_1,23.14,53.28,48.13,20.26,284.81,23.14,53.28,48.13,20.26,0.0
2024-01-18 17:00:00,DC_1,26.52,46.73,45.69,30.62,369.26,26.52,38.73,30.69,29.87234022,2.44
2024-01-18 19:30:00,DC_1,24.24,59.6,60.4,42.72,426.46,24.24,44.6,45.4,41.33192343,3.25
2024-01-18 22:00:00,DC_1,23.6,61.7,52.87,35.42,354.14,23.6,46.7,37.87,32.48785553,8.28
2024-01-19 00:30:00,DC_1,17.84,57.94,57.43,20.48,224.07,20.34,42.94,42.43,17.00742223,16.96
2024-01-19 03:00:00,DC_1,25.11,42.49,29.4,11.64,163.34,25.11,30.0,30.0,9.412584079,19.14
2024-01-19 05:30:00,DC_1,24.23,47.75,41.1,12.69,163.94,24.23,32.75,30.0,10.25560971,19.18
2024-01-19 08:00:00,DC_1,22.59,49.12,34.53,8.72,151.43,22.59,49.12,34.53,8.718973159,0.01
2024-01-19 10:30:00,DC_1,20.29,56.17,40.29,16.07,202.76,22.79,41.17,30.0,15.23999473,5.16
2024-01-19 13:00:00,DC_1,23.26,54.2,48.38,24.61,267.04,23.26,39.2,33.38,22.32840232,9.27
2024-01-19 15:30:00,DC_1,23.26,63.33,45.9,29.04,313.3,23.26,48.33,30.9,27.2683898,6.1
2024-01-19 18:00:00,DC_1,23.92,61.79,55.48,44.28,416.38,23.92,46.79,40.48,42.11587478,4.89
2024-01-19 20:30:00,DC_1,22.18,57.07,53.41,35.82,375.78,23.18,42.07,38.41,33.40112792,6.75
2024-01-19 23:00:00,DC_1,28.81,45.29,41.19,19.65,303.69,28.81,37.29,30.0,18.39675084,6.38
2024-01-20 01:30:00,DC_1,22.08,45.95,43.55,13.84,192.37,22.08,45.95,43.55,13.84,0.0
2024-01-20 04:00:00,DC_1,22.96,41.6,40.46,10.54,171.33,23.46,30.0,30.0,9.429677949,10.53
2024-01-20 06:30:00,DC_1,21.1,49.17,52.62,19.22,220.34,23.1,34.17,37.62,18.78762491,2.25
2024-01-20 09:00:00,DC_1,23.52,43.35,35.46,8.36,141.51,23.52,43.35,35.46,8.36,0.0
2024-01-20 11:30:00,DC_1,23.61,45.4,35.71,13.62,195.7,23.61,30.4,30.0,13.0381698,4.27
2024-01-20 14:00:00,DC_1,24.98,51.89,42.42,15.42,224.49,24.98,36.89,30.0,15.08315321,2.18
2024-01-20 16:30:00,DC_1,23.34,55.42,47.84,20.69,224.59,23.34,40.42,32.84,20.01447126,3.27
2024-01-20 19:00:00,DC_1,23.37,54.75,47.25,27.06,324.29,23.37,39.75,32.25,25.19914964,6.88
2024-01-20 21:30:00,DC_1,23.17,45.85,45.52,15.38,219.09,23.17,30.85,30.52,14.37689222,6.52
2024-01-21 00:00:00,DC_1,22.47,44.74,39.16,13.57,205.16,23.47,30.0,30.0,13.36164762,1.54
2024-01-21 02:30:00,DC_1,22.46,41.1,40.2,9.46,184.75,23.46,30.0,30.0,8.931033108,5.59
2024-01-21 05:00:00,DC_1,24.13,43.93,44.31,7.7,160.14,24.13,43.93,44.31,7.698508802,0.02
2024-01-21 07:30:00,DC_1,22.24,46.07,39.04,6.54,142.84,22.24,46.07,39.04,6.54,0.0
2024-01-21 10:00:00,DC_1,22.77,47.04,37.77,14.65,204.53,23.27,32.04,30.0,13.75371586,6.12
2024-01-21 12:30:00,DC_1,24.64,52.14,39.77,11.12,217.39,24.64,37.14,30.0,10.21317901,8.15
2024-01-21 15:00:00,DC_1,24.02,49.71,44.65,26.09,260.83,24.02,34.71,30.0,25.32718992,2.92
2024-01-21 17:30:00,DC_1,24.66,52.05,39.83,22.15,263.71,24.66,37.05,30.0,21.78976198,1.63
2024-01-21 20:00:00,DC_1,24.51,51.17,38.13,22.16,271.84,24.51,36.17,30.0,19.64150543,11.37
2024-01-21 22:30:00,DC_1,25.23,41.73,42.53,15.64,245.9,25.23,41.73,42.53,15.63681726,0.02
2024-01-22 01:00:00,DC_1,22.47,48.5,39.36,13.44,223.07,23.47,33.5,30.0,10.69703695,20.41
2024-01-22 03:30:00,DC_1,24.24,42.41,29.93,9.11,174.41,24.24,42.41,29.93,9.11,0.0
2024-01-22 06:00:00,DC_1,22.63,55.33,35.92,10.28,169.27,23.13,30.0,30.0,8.584472329,16.49
2024-01-22 08:30:00,DC_1,23.97,50.26,36.24,11.07,172.74,23.97,35.26,30.0,9.66231273,12.72
2024-01-22 11:00:00,DC_1,21.54,46.36,40.65,16.67,191.93,23.04,31.36,30.0,14.18383479,14.91
2024-01-22 13:30:00,DC_1,17.38,61.08,62.63,34.33,276.61,19.88,46.08,47.63,31.69391389,7.68
2024-01-22 16:00:00,DC_1,23.25,59.24,58.36,43.86,373.86,23.25,44.24,43.36,41.63935193,5.06
2024-01-22 18:30:00,DC_1,24.33,57.05,56.56,38.43,384.35,24.33,42.05,41.56,37.57287273,2.23
2024-01-22 21:00:00,DC_1,22.56,51.81,41.54,26.52,307.58,23.06,36.81,30.0,24.07670523,9.21
2024-01-22 23:30:00,DC_1,24.63,44.7,44.0,17.2,245.13,24.63,30.0,30.0,15.49849899,9.89
2024-01-23 02:00:00,DC_1,22.16,52.78,51.61,16.06,206.87,23.16,37.78,36.61,12.8121149,20.22
2024-01-23 04:30:00,DC_1,22.47,44.11,47.23,12.18,171.38,23.47,30.0,32.23,10.82748015,11.1
2024-01-23 07:00:00,DC_1,26.02,39.8,30.22,11.84,180.98,26.02,30.0,30.0,11.67220373,1.42
2024-01-23 09:30:00,DC_1,23.36,43.68,37.99,10.66,164.79,23.36,43.68,37.99,10.66,0.0
2024-01-23 12:00:00,DC_1,22.84,48.77,43.64,20.01,209.33,23.34,33.77,30.0,17.42104153,12.94
2024-01-23 14:30:00,DC_1,22.29,47.53,46.25,17.35,251.09,23.29,32.53,31.25,16.89121069,2.64
2024-01-23 17:00:00,DC_1,20.79,64.56,58.46,56.09,425.83,23.29,49.56,43.46,53.12916792,5.28
2024-01-23 19:30:00,DC_1,22.05,50.55,47.2,34.42,359.66,23.05,35.55,32.2,32.80231963,4.7
2024-01-23 22:00:00,DC_1,22.48,51.38,44.88,23.63,310.57,22.48,51.38,44.88,23.63,0.0
2024-01-24 00:30:00,DC_1,22.73,49.87,47.58,15.8,252.18,23.23,34.87,32.58,14.19407912,10.16
2024-01-24 03:00:00,DC_1,21.24,45.4,36.5,9.6,175.35,21.24,45.4,36.5,9.6,0.0
2024-01-24 05:30:00,DC_1,22.19,43.03,39.81,9.66,161.51,23.19,30.0,30.0,8.534729956,11.65
2024-01-24 08:00:00,DC_1,23.67,44.21,30.87,8.89,152.12,23.67,30.0,30.0,7.411200194,16.63
2024-01-24 10:30:00,DC_1,22.61,47.19,50.41,12.1,188.92,23.11,32.19,30.0,11.98141384,0.98
2024-01-24 13:00:00,DC_1,21.66,57.79,56.12,31.27,266.22,23.16,42.79,41.12,29.49132149,5.69
2024-01-24 15:30:00,DC_1,21.77,63.79,59.2,42.39,389.49,23.27,48.79,44.2,42.13281978,0.61
2024-01-24 18:00:00,DC_1,24.57,54.09,55.28,42.49,391.23,24.57,39.09,40.28,40.78485733,4.01
2024-01-24 20:30:00,DC_1,25.53,55.21,45.09,25.03,340.98,25.53,55.21,45.09,25.03,0.0
2024-01-24 23:00:00,DC_1,23.46,53.82,51.19,20.92,270.53,23.46,38.82,36.19,19.07284021,8.83
2024-01-25 01:30:00,DC_1,20.92,51.08,46.16,19.7,248.32,23.42,36.08,31.16,17.77534972,9.77
2024-01-25 04:00:00,DC_1,23.46,43.96,39.34,7.61,186.34,23.46,30.0,30.0,6.457767769,15.14
2024-01-25 06:30:00,DC_1,21.53,49.68,41.43,11.91,153.29,23.03,34.68,30.0,11.46973762,3.7
2024-01-25 09:00:00,DC_1,22.93,49.34,43.11,16.1,235.31,23.43,34.34,30.0,15.54093347,3.47
2024-01-25 11:30:00,DC_1,21.53,47.74,46.88,18.06,189.53,23.03,32.74,31.88,16.21888184,10.19
2024-01-25 14:00:00,DC_1,23.03,55.26,52.24,27.96,271.05,23.03,40.26,37.24,24.67124148,11.76
2024-01-25 16:30:00,DC_1,24.7,62.35,47.08,34.79,386.63,24.7,47.35,32.08,32.68573978,6.05
2024-01-25 19:00:00,DC_1,21.34,65.33,59.64,39.87,374.75,23.34,50.33,44.64,36.97040497,7.27
2024-01-25 21:30:00,DC_1,22.82,67.32,51.58,31.42,404.04,23.32,52.32,36.58,30.06726443,4.31
2024-01-26 00:00:00,DC_1,24.03,47.81,52.02,17.25,304.39,24.03,32.81,37.02,16.74248421,2.94
2024-01-26 02:30:00,DC_1,23.73,46.93,41.82,11.92,243.04,23.73,31.93,30.0,11.56713001,2.96
2024-01-26 05:00:00,DC_1,22.65,46.26,38.4,10.25,173.32,23.15,31.26,30.0,9.878925138,3.62
2024-01-26 07:30:00,DC_1,23.93,33.89,34.6,10.05,151.36,23.93,30.0,30.0,8.135630133,19.05
2024-01-26 10:00:00,DC_1,27.86,40.58,33.16,7.95,180.54,27.86,40.58,33.16,7.95,0.0
2024-01-26 12:30:00,DC_1,27.34,54.2,36.3,15.5,232.65,27.34,39.2,30.0,15.11416422,2.49
2024-01-26 15:00:00,DC_1,23.8,49.62,44.08,28.02,315.71,23.8,34.62,30.0,24.45763845,12.71
2024-01-26 17:30:00,DC_1,22.92,63.33,58.0,45.0,406.17,23.42,48.33,43.0,42.12238348,6.39
2024-01-26 20:00:00,DC_1,22.26,52.18,51.59,32.29,334.54,23.26,37.18,36.59,30.18950023,6.51
2024-01-26 22:30:00,DC_1,22.65,55.06,56.85,35.01,361.61,23.15,40.06,41.85,34.11074235,2.57
2024-01-27 01:00:00,DC_1,24.15,40.41,44.29,11.15,212.1,24.15,30.0,30.0,10.77203923,3.39
2024-01-27 03:30:00,DC_1,21.23,52.08,36.51,12.97,163.42,23.23,37.08,30.0,11.1805323,13.8
2024-01-27 06:00:00,DC_1,21.69,49.13,33.37,7.21,171.07,21.69,49.13,33.37,7.21,0.0
2024-01-27 08:30:00,DC_1,22.6,39.22,38.76,7.94,156.99,23.1,30.0,30.0,7.891087088,0.62
2024-01-27 11:00:00,DC_1,21.34,55.33,49.37,25.72,245.07,23.34,40.11,34.37,24.25167077,5.71
2024-01-27 13:30:00,DC_1,24.26,43.02,45.14,20.0,207.34,24.26,30.0,30.14,18.31776864,8.41
2024-01-27 16:00:00,DC_1,23.88,54.83,50.15,17.7,267.18,23.88,39.83,35.15,17.47907258,1.25
2024-01-27 18:30:00,DC_1,23.39,56.32,42.11,25.48,319.78,23.39,56.32,42.11,25.47914463,0.0
2024-01-27 21:00:00,DC_1,22.96,59.59,48.73,24.0,297.33,23.46,44.59,33.73,22.84194034,4.83
2024-01-27 23:30:00,DC_1,22.79,50.89,40.64,15.69,209.86,23.29,35.89,30.0,13.73993848,12.43
2024-01-28 02:00:00,DC_1,22.63,61.65,48.47,25.06,272.76,23.13,46.65,33.47,24.30849313,3.0
2024-01-28 04:30:00,DC_1,22.34,52.44,43.18,9.06,142.73,23.34,37.44,30.0,7.854971772,13.3
2024-01-28 07:00:00,DC_1,24.01,39.69,41.93,11.1,172.83,24.01,30.0,30.0,9.001526529,18.91
2024-01-28 09:30:00,DC_1,22.39,47.96,43.83,11.75,160.14,22.39,47.96,43.83,11.75,0.0
2024-01-28 12:00:00,DC_1,19.85,66.46,53.76,22.93,243.12,22.35,51.46,38.76,21.17148693,7.67
2024-01-28 14:30:00,DC_1,22.83,53.54,49.37,19.01,211.58,23.33,38.54,34.37,17.90548928,5.81
2024-01-28 17:00:00,DC_1,24.33,45.6,39.61,22.7,285.81,24.33,30.6,30.0,21.05594019,7.24
2024-01-28 19:30:00,DC_1,23.71,41.0,45.26,20.96,282.98,23.71,41.0,45.26,20.95615181,0.02
2024-01-28 22:00:00,DC_1,24.1,48.4,49.26,21.8,273.42,24.1,33.4,34.26,21.42152296,1.74
2024-01-29 00:30:00,DC_1,23.39,51.09,42.33,15.48,236.28,23.39,36.09,30.0,14.78408111,4.5
2024-01-29 03:00:00,DC_1,24.14,44.58,45.27,11.94,207.9,24.14,30.0,30.27,11.22454999,5.99
2024-01-29 05:30:00,DC_1,26.49,34.07,32.05,8.07,173.19,26.49,30.0,30.0,7.7530136,3.93
2024-01-29 08:00:00,DC_1,21.35,47.64,45.98,13.94,180.13,23.35,32.64,30.98,10.93798995,21.54
2024-01-29 10:30:00,DC_1,23.21,45.83,50.17,18.31,230.16,23.21,37.83,35.17,17.26744491,5.69
2024-01-29 13:00:00,DC_1,24.13,59.95,59.33,36.23,381.88,24.13,44.95,44.33,35.76191436,1.29
2024-01-29 15:30:00,DC_1,25.29,62.13,51.74,35.24,371.3,25.29,47.13,36.74,34.10657307,3.22
2024-01-29 18:00:00,DC_1,22.14,63.75,50.41,42.62,388.98,23.14,48.75,43.85,40.88738086,4.07
2024-01-29 20:30:00,DC_1,27.94,50.34,43.77,26.24,340.81,27.94,42.34,30.0,22.52505307,14.16
2024-01-29 23:00:00,DC_1,28.31,40.92,39.77,21.94,315.29,28.31,40.92,30.0,21.2678062,3.06
2024-01-30 01:30:00,DC_1,24.44,49.55,44.12,15.79,246.05,24.44,34.55,30.0,14.70741075,6.86
2024-01-30 04:00:00,DC_1,25.41,34.47,33.07,6.56,171.89,25.41,34.47,33.07,6.556338532,0.06
2024-01-30 06:30:00,DC_1,21.98,51.05,48.1,10.57,159.75,23.48,36.05,33.1,9.666459655,8.55
2024-01-30 09:00:00,DC_1,23.95,43.18,36.43,10.6,188.75,23.95,30.0,30.0,10.07885738,4.92
2024-01-30 11:30:00,DC_1,23.32,52.93,36.91,16.84,215.24,23.32,37.93,30.0,15.7152199,6.68
2024-01-30 14:00:00,DC_1,23.54,57.09,46.14,23.75,264.28,23.54,42.09,31.14,22.12153065,6.86
2024-01-30 16:30:00,DC_1,20.85,58.43,58.95,45.96,412.37,23.35,43.43,43.95,43.42328207,5.52
2024-01-30 19:00:00,DC_1,21.75,60.54,51.19,40.25,359.4,23.25,45.54,36.19,38.3285129,4.77
2024-01-30 21:30:00,DC_1,20.84,55.55,56.43,39.69,371.76,23.34,40.55,41.43,37.42744472,5.7
2024-01-31 00:00:00,DC_1,16.24,65.23,54.44,36.85,293.07,18.74,50.23,39.44,34.27370994,6.99
2024-01-31 02:30:00,DC_1,23.44,41.7,37.49,11.75,198.0,23.44,30.0,30.0,10.97907688,6.56
2024-01-31 05:00:00,DC_1,24.1,42.21,43.25,10.44,179.4,24.1,30.0,30.0,9.102260669,12.81
2024-01-31 07:30:00,DC_1,23.8,37.12,36.16,9.66,162.2,23.8,30.0,30.0,8.324153566,13.83
2024-01-31 10:00:00,DC_1,23.07,47.11,39.02,12.41,179.73,23.07,32.11,30.0,12.32137517,0.71
2024-01-31 12:30:00,DC_1,22.13,51.96,54.24,19.96,225.84,23.13,36.96,39.24,19.12572328,4.18
2024-01-31 15:00:00,DC_1,21.15,55.76,54.73,36.05,345.05,23.15,40.76,39.73,34.0865807,5.45
2024-01-31 17:30:00,DC_1,22.7,57.58,56.95,42.06,400.48,23.2,42.58,41.95,39.78857321,5.4
2024-01-31 20:00:00,DC_1,24.27,55.06,54.16,36.26,379.05,24.27,40.06,39.16,33.15763667,8.56
2024-01-31 22:30:00,DC_1,19.97,55.24,65.91,40.36,384.78,22.47,40.24,50.91,37.64473091,6.73
2024-02-01 01:00:00,DC_1,21.53,52.87,52.01,22.95,263.17,23.03,37.87,37.01,21.30250327,7.18
2024-02-01 03:30:00,DC_1,24.79,39.53,37.05,11.39,206.5,24.79,30.0,30.0,11.13697729,2.22
2024-02-01 06:00:00,DC_1,23.44,43.95,31.58,9.2,175.13,23.44,43.95,31.58,9.197151534,0.03
2024-02-01 08:30:00,DC_1,24.49,41.76,34.22,10.43,165.55,24.49,30.0,30.0,9.315810813,10.68
2024-02-01 11:00:00,DC_1,23.94,44.55,41.71,14.92,192.74,23.94,30.0,30.0,12.54696859,15.91
2024-02-01 13:30:00,DC_1,24.96,47.96,48.89,19.86,243.19,24.96,32.96,33.89,17.11132743,13.84
2024-02-01 16:00:00,DC_1,25.45,61.21,62.66,42.12,461.85,25.45,46.21,47.66,41.61722795,1.19
2024-02-01 18:30:00,DC_1,22.19,58.84,57.81,34.65,363.23,22.69,50.84,42.81,33.31237951,3.86
2024-02-01 21:00:00,DC_1,16.86,66.43,55.44,41.08,356.49,19.36,51.43,40.44,37.29761204,9.21
2024-02-01 23:30:00,DC_1,23.19,50.33,42.17,19.49,259.43,23.19,50.33,42.17,19.49,0.0
2024-02-02 02:00:00,DC_1,23.3,46.66,38.64,15.39,215.46,23.3,31.66,30.0,13.607325,11.58
2024-02-02 04:30:00,DC_1,22.72,42.96,41.07,11.05,165.83,22.72,42.96,41.07,11.05,0.0
2024-02-02 07:00:00,DC_1,20.52,46.53,45.28,12.54,158.49,23.02,31.53,30.28,10.75367795,14.24
2024-02-02 09:30:00,DC_1,23.52,44.34,41.31,11.58,188.92,23.52,30.0,30.0,10.02934469,13.39
2024-02-02 12:00:00,DC_1,24.33,51.0,42.42,17.36,235.02,24.33,36.0,30.0,16.56849508,4.56
2024-02-02 14:30:00,DC_1,22.12,61.51,58.36,55.13,416.88,23.12,46.51,43.36,53.14290596,3.6
2024-02-02 17:00:00,DC_1,21.86,69.04,61.91,55.31,446.92,23.36,54.04,46.91,53.23003022,3.76
2024-02-02 19:30:00,DC_1,22.52,60.71,57.61,34.32,353.92,23.02,45.71,42.61,32.98656035,3.89
2024-02-02 22:00:00,DC_1,24.43,50.77,44.07,32.25,328.03,24.43,35.77,30.0,29.14611897,9.62
2024-02-03 00:30:00,DC_1,23.53,48.97,37.52,10.91,197.35,23.53,33.97,30.0,10.39879163,4.69
2024-02-03 03:00:00,DC_1,26.77,40.27,36.94,8.93,169.46,26.77,30.0,30.0,8.508959052,4.71
2024-02-03 05:30:00,DC_1,22.92,49.87,37.08,6.6,147.69,22.92,49.87,37.08,6.6,0.0
2024-02-03 08:00:00,DC_1,23.9,44.87,35.52,8.96,163.35,23.9,30.0,30.0,8.823748576,1.52
2024-02-03 10:30:00,DC_1,25.07,42.62,39.35,12.06,188.21,25.07,30.0,30.0,10.84165006,10.1
2024-02-03 13:00:00,DC_1,23.55,43.34,38.63,19.68,193.32,23.55,30.0,30.0,17.26465381,12.27
2024-02-03 15:30:00,DC_1,24.75,49.22,40.03,20.05,246.98,24.75,34.22,30.0,18.38938977,8.28
2024-02-03 18:00:00,DC_1,26.47,44.51,38.69,16.01,279.32,26.47,44.51,38.69,16.01,0.0
2024-02-03 20:30:00,DC_1,23.16,53.21,36.45,17.97,219.73,23.16,38.21,30.0,16.82260495,6.39
2024-02-03 23:00:00,DC_1,23.95,46.98,39.96,12.5,212.5,23.95,46.98,39.96,12.5,0.0
2024-02-04 01:30:00,DC_1,22.45,47.23,44.24,14.12,234.39,22.45,47.23,44.24,14.11697643,0.02
2024-02-04 04:00:00,DC_1,22.97,36.78,40.45,7.78,166.84,22.97,36.78,40.45,7.78,0.0
2024-02-04 06:30:00,DC_1,23.14,46.83,39.14,11.91,157.9,23.14,31.83,30.0,8.265461286,30.6
2024-02-04 09:00:00,DC_1,23.27,43.14,39.13,12.25,174.13,23.27,30.0,30.0,11.53730896,5.82
2024-02-04 11:30:00,DC_1,25.91,41.51,34.72,12.85,187.0,25.91,30.0,30.0,11.16113342,13.14
2024-02-04 14:00:00,DC_1,22.86,42.92,41.65,11.68,176.43,22.86,42.92,41.65,11.68,0.0
2024-02-04 16:30:00,DC_1,23.11,43.57,47.1,15.66,256.57,23.11,43.57,47.1,15.66,0.0
2024-02-04 19:00:00,DC_1,23.83,51.84,49.84,21.34,245.35,23.83,36.84,34.84,19.84755047,6.99
2024-02-04 21:30:00,DC_1,21.09,52.69,45.23,20.72,240.48,23.09,37.69,30.23,19.5013992,5.88
2024-02-05 00:00:00,DC_1,22.9,59.98,49.19,20.4,278.85,23.4,44.98,34.19,19.16576993,6.05
2024-02-05 02:30:00,DC_1,26.04,37.8,32.59,11.28,223.34,26.04,30.0,30.0,10.5630162,6.36
2024-02-05 05:00:00,DC_1,22.14,45.38,40.71,10.56,160.19,23.14,30.38,30.0,9.463972332,10.38
2024-02-05 07:30:00,DC_1,23.18,36.01,34.68,9.53,158.16,23.18,36.01,34.68,9.527388169,0.03
2024-02-05 10:00:00,DC_1,22.8,44.7,41.81,12.65,214.48,23.3,30.0,30.0,12.31980094,2.61
2024-02-05 12:30:00,DC_1,17.58,59.0,45.37,24.65,227.01,20.08,44.0,30.37,22.85895061,7.27
2024-02-05 15:00:00,DC_1,24.05,63.23,46.16,36.37,361.67,24.05,48.23,31.16,35.45437309,2.52
2024-02-05 17:30:00,DC_1,23.03,65.75,59.75,46.15,426.71,23.03,50.75,44.75,46.01186978,0.3
2024-02-05 20:00:00,DC_1,22.33,61.59,53.35,34.75,365.34,23.33,46.59,38.35,32.08494574,7.67
2024-02-05 22:30:00,DC_1,22.84,54.22,48.14,23.0,289.53,23.34,39.22,33.14,22.06611424,4.06
2024-02-06 01:00:00,DC_1,24.58,42.96,43.77,19.98,274.79,24.58,30.0,30.0,19.69191814,1.44
2024-02-06 03:30:00,DC_1,20.62,47.44,37.03,15.81,199.14,23.12,32.44,30.0,14.36091091,9.17
2024-02-06 06:00:00,DC_1,21.79,44.51,42.17,12.26,165.4,23.29,30.0,30.0,10.59459375,13.58
2024-02-06 08:30:00,DC_1,23.22,45.08,42.96,14.77,164.97,23.22,30.08,30.0,14.37777687,2.66
2024-02-06 11:00:00,DC_1,19.77,55.03,43.02,17.28,224.73,22.27,40.03,30.0,16.63513703,3.73
2024-02-06 13:30:00,DC_1,18.42,57.64,56.25,29.55,254.53,20.92,42.64,41.25,26.65433338,9.8
2024-02-06 16:00:00,DC_1,21.17,60.6,56.24,41.51,381.46,23.17,45.6,41.24,39.97567465,3.7
2024-02-06 18:30:00,DC_1,22.73,57.41,52.29,31.78,360.81,23.23,42.41,37.29,31.67217391,0.34
2024-02-06 21:00:00,DC_1,23.96,56.17,53.79,31.85,325.24,23.96,41.17,38.79,30.53440418,4.13
2024-02-06 23:30:00,DC_1,22.78,57.84,42.41,28.16,353.24,22.78,57.84,42.41,28.15554546,0.02
2024-02-07 02:00:00,DC_1,24.57,51.9,44.22,14.6,248.47,24.57,36.9,30.0,13.2801791,9.04
2024-02-07 04:30:00,DC_1,24.89,39.12,36.19,9.77,167.09,24.89,30.0,30.0,8.911244568,8.79
2024-02-07 07:00:00,DC_1,22.97,45.36,36.4,11.1,186.69,22.97,45.36,36.4,11.1,0.0
2024-02-07 09:30:00,DC_1,24.38,41.23,37.67,9.69,170.45,24.38,30.0,30.0,9.656042234,0.35
2024-02-07 12:00:00,DC_1,22.86,58.17,43.05,21.04,229.51,23.36,43.17,30.0,20.03610027,4.77
2024-02-07 14:30:00,DC_1,23.14,51.14,40.24,35.12,309.27,23.14,36.14,30.0,34.58860931,1.51
2024-02-07 17:00:00,DC_1,23.62,60.75,55.1,34.8,348.5,23.62,45.75,40.1,32.68310525,6.08
2024-02-07 19:30:00,DC_1,24.91,51.86,51.61,33.48,385.84,24.91,36.86,36.61,32.96061658,1.55
2024-02-07 22:00:00,DC_1,23.62,62.01,48.25,26.07,348.96,23.62,47.01,33.25,25.19219226,3.37
2024-02-08 00:30:00,DC_1,24.78,48.24,50.41,17.68,271.11,24.78,33.24,32.11,15.9788079,9.62
2024-02-08 03:00:00,DC_1,21.54,50.62,44.82,13.09,198.84,23.04,35.62,30.0,12.90232414,1.43
2024-02-08 05:30:00,DC_1,23.18,43.05,31.85,6.95,156.09,23.18,43.05,31.85,6.948752118,0.02
2024-02-08 08:00:00,DC_1,23.09,40.62,35.26,10.13,176.99,23.09,40.62,35.26,10.13,0.0
2024-02-08 10:30:00,DC_1,22.11,52.21,42.91,11.97,203.78,22.11,52.21,42.91,11.96871259,0.01
2024-02-08 13:00:00,DC_1,24.16,44.98,38.51,19.57,257.45,24.16,30.0,30.0,17.57652627,10.19
2024-02-08 15:30:00,DC_1,22.12,67.31,58.43,39.03,363.94,23.12,52.31,43.43,36.35780486,6.85
2024-02-08 18:00:00,DC_1,18.37,80.65,58.91,50.21,417.0,20.87,65.65,43.91,46.52261096,7.34
2024-02-08 20:30:00,DC_1,23.28,57.97,48.81,29.8,359.41,23.28,57.97,48.81,29.8,0.0
2024-02-08 23:00:00,DC_1,21.86,53.38,51.12,20.0,259.2,23.36,38.38,36.12,18.02850229,9.86
2024-02-09 01:30:00,DC_1,22.13,47.32,36.91,20.35,219.79,23.13,32.32,30.0,18.766803,7.78
2024-02-09 04:00:00,DC_1,24.04,46.87,43.91,14.68,226.37,24.04,31.87,30.0,13.93149112,5.1
2024-02-09 06:30:00,DC_1,27.54,38.51,30.14,9.86,169.22,27.54,30.0,30.0,9.358495042,5.09
2024-02-09 09:00:00,DC_1,25.67,46.98,37.19,8.67,176.3,25.67,31.98,30.0,8.439400355,2.66
2024-02-09 11:30:00,DC_1,22.55,43.9,47.65,12.77,208.95,23.05,30.0,32.65,12.32652757,3.47
2024-02-09 14:00:00,DC_1,23.98,56.71,50.85,27.01,284.28,23.98,41.71,35.85,25.83407556,4.35
2024-02-09 16:30:00,DC_1,22.64,65.27,59.02,52.49,461.57,23.14,50.27,44.02,50.13854577,4.48
2024-02-09 19:00:00,DC_1,25.38,59.51,46.65,33.69,383.45,25.38,44.51,31.65,32.52598044,3.46
2024-02-09 21:30:00,DC_1,24.95,51.12,51.81,22.34,336.69,24.95,51.12,51.81,22.34,0.0
2024-02-10 00:00:00,DC_1,21.12,48.32,54.04,26.98,295.69,23.12,33.32,39.04,26.25554996,2.69
2024-02-10 02:30:00,DC_1,16.42,52.18,49.08,15.82,170.09,18.92,37.18,34.08,15.08545423,4.64
2024-02-10 05:00:00,DC_1,21.07,45.42,40.45,15.0,161.04,23.07,30.42,30.0,11.53703976,23.09
2024-02-10 07:30:00,DC_1,23.99,45.46,41.68,8.06,161.08,23.99,30.46,30.0,6.989426561,13.28
2024-02-10 10:00:00,DC_1,24.01,46.65,38.66,13.61,175.62,24.01,31.65,30.0,10.37012794,23.81
2024-02-10 12:30:00,DC_1,23.49,48.35,39.64,15.7,224.57,23.49,33.35,30.0,15.2820809,2.66
2024-02-10 15:00:00,DC_1,16.18,61.46,55.69,34.37,254.48,18.68,46.46,40.69,30.63565047,10.87
2024-02-10 17:30:00,DC_1,22.59,49.05,43.47,19.41,250.4,23.09,34.05,30.0,18.42541446,5.07
2024-02-10 20:00:00,DC_1,25.18,41.09,48.98,16.13,254.73,25.18,41.09,33.98,16.06262638,0.42
2024-02-10 22:30:00,DC_1,23.61,50.36,48.51,18.65,276.21,23.61,35.36,33.51,17.96728872,3.66
2024-02-11 01:00:00,DC_1,23.87,45.23,41.0,11.27,207.89,23.87,30.23,30.0,9.667039796,14.22
2024-02-11 03:30:00,DC_1,24.49,40.94,38.36,8.09,181.27,24.49,30.0,30.0,6.901077023,14.7
2024-02-11 06:00:00,DC_1,22.68,42.36,44.89,10.49,204.66,22.68,42.36,44.89,10.49,0.0
2024-02-11 08:30:00,DC_1,22.14,46.36,35.02,8.96,150.99,22.14,46.36,35.02,8.958386828,0.02
2024-02-11 11:00:00,DC_1,22.99,48.05,50.41,12.15,193.86,23.49,33.05,30.31,10.51337025,13.47
2024-02-11 13:30:00,DC_1,23.91,47.25,46.88,17.67,204.0,23.91,32.25,31.88,15.39736473,12.86
2024-02-11 16:00:00,DC_1,23.05,44.07,53.06,23.59,247.06,23.05,30.0,38.06,21.71502639,7.95
2024-02-11 18:30:00,DC_1,21.03,56.82,44.28,28.2,271.2,23.03,41.82,30.0,27.52336468,2.4
2024-02-11 21:00:00,DC_1,22.31,54.66,44.33,21.49,274.66,22.31,54.66,44.33,21.49,0.0
2024-02-11 23:30:00,DC_1,21.97,43.21,40.54,15.61,236.23,21.97,43.21,40.54,15.60689515,0.02
2024-02-12 02:00:00,DC_1,21.83,52.71,56.81,19.85,255.67,23.33,37.71,41.81,18.85808106,5.0
2024-02-12 04:30:00,DC_1,23.4,46.51,36.09,7.83,159.86,23.4,31.51,30.0,6.791916788,13.26
2024-02-12 07:00:00,DC_1,22.22,51.87,34.88,8.09,162.62,23.22,36.87,30.0,7.348967417,9.16
2024-02-12 09:30:00,DC_1,21.78,50.06,45.24,22.96,244.59,23.28,35.06,30.24,20.89708356,8.98
2024-02-12 12:00:00,DC_1,21.59,56.95,46.35,32.25,332.23,23.09,41.95,31.35,30.65539844,4.94
2024-02-12 14:30:00,DC_1,24.92,57.54,48.22,31.22,305.48,24.92,42.54,33.22,28.63153983,8.29
2024-02-12 17:00:00,DC_1,21.65,68.22,50.45,41.96,374.35,23.15,53.22,35.45,40.93582896,2.44
2024-02-12 19:30:00,DC_1,23.56,55.33,39.02,27.47,317.0,23.56,40.07,30.0,25.95221395,5.53
2024-02-12 22:00:00,DC_1,28.04,50.3,45.47,20.98,306.37,28.04,35.3,30.47,19.79587643,5.64
2024-02-13 00:30:00,DC_1,24.02,43.4,48.97,19.23,270.65,24.02,43.4,48.97,19.22900704,0.01
2024-02-13 03:00:00,DC_1,27.73,39.81,40.44,10.19,188.71,27.73,30.0,30.0,9.287055639,8.86
2024-02-13 05:30:00,DC_1,23.01,54.43,48.63,20.84,253.54,23.01,39.43,33.63,18.26349685,12.36
2024-02-13 08:00:00,DC_1,27.76,43.62,39.66,8.14,165.67,27.76,30.0,30.0,7.889799944,3.07
2024-02-13 10:30:00,DC_1,22.66,56.51,48.05,26.06,279.39,23.16,41.51,33.05,24.14024095,7.37
2024-02-13 13:00:00,DC_1,28.64,53.94,58.31,36.22,380.75,28.64,53.94,58.31,36.21856119,0.0
2024-02-13 15:30:00,DC_1,22.15,65.94,62.42,49.28,401.98,23.15,50.94,47.42,46.59234271,5.45
2024-02-13 18:00:00,DC_1,23.0,62.68,56.81,47.52,402.89,23.0,47.68,41.81,46.27691355,2.62
2024-02-13 20:30:00,DC_1,25.3,47.39,51.0,30.37,358.35,25.3,47.39,51.0,30.37,0.0
2024-02-13 23:00:00,DC_1,24.11,42.4,41.91,17.44,282.31,24.11,42.4,41.91,17.44,0.0
2024-02-14 01:30:00,DC_1,24.78,42.76,43.6,10.1,224.74,24.78,30.0,30.0,8.010859593,20.68
2024-02-14 04:00:00,DC_1,20.88,52.83,44.1,11.53,184.94,20.88,52.83,44.1,11.52916324,0.01
2024-02-14 06:30:00,DC_1,21.32,47.07,44.25,12.76,192.18,23.32,32.07,30.0,11.40598652,10.61
2024-02-14 09:00:00,DC_1,24.37,44.78,41.92,10.54,155.15,24.37,30.0,30.0,9.592848568,8.99
2024-02-14 11:30:00,DC_1,22.78,50.82,40.67,16.52,198.24,23.28,35.82,30.0,15.77872505,4.49
2024-02-14 14:00:00,DC_1,23.2,48.39,45.65,23.5,268.56,23.2,33.39,30.65,21.03911441,10.47
2024-02-14 16:30:00,DC_1,22.99,54.59,58.7,39.55,376.53,23.49,39.59,43.7,39.48119236,0.17
2024-02-14 19:00:00,DC_1,22.57,66.94,57.59,44.07,395.39,23.07,51.94,42.59,42.7162995,3.07
2024-02-14 21:30:00,DC_1,23.8,48.03,53.09,22.45,326.47,23.8,48.03,53.09,22.45,0.0
2024-02-15 00:00:00,DC_1,23.2,59.72,48.56,21.13,279.07,23.2,44.72,33.56,18.42030666,12.82
2024-02-15 02:30:00,DC_1,22.54,40.62,47.4,18.06,220.57,23.04,30.0,32.4,17.55441608,2.8
2024-02-15 05:00:00,DC_1,22.26,42.61,43.92,10.6,160.82,22.26,42.61,43.92,10.59633358,0.03
2024-02-15 07:30:00,DC_1,24.33,31.6,30.3,11.27,165.1,24.33,31.6,30.3,11.26651877,0.03
2024-02-15 10:00:00,DC_1,19.79,51.89,41.3,15.21,183.23,22.29,36.89,30.0,13.10746866,13.82
2024-02-15 12:30:00,DC_1,23.54,44.15,48.73,19.39,232.45,23.54,30.0,33.73,17.86851704,7.85
2024-02-15 15:00:00,DC_1,23.85,53.99,49.72,29.79,325.8,23.85,38.99,34.72,28.69725297,3.67
2024-02-15 17:30:00,DC_1,22.64,52.97,53.78,46.34,384.34,23.14,37.97,38.78,44.5634253,3.83
2024-02-15 20:00:00,DC_1,21.94,61.38,60.55,41.48,372.67,23.44,46.38,45.55,38.27780714,7.72
2024-02-15 22:30:00,DC_1,23.02,52.4,50.68,31.65,338.61,23.02,37.4,35.68,29.2962819,7.44
2024-02-16 01:00:00,DC_1,20.47,56.91,42.42,20.34,225.73,22.97,41.91,30.0,17.8066492,12.46
2024-02-16 03:30:00,DC_1,25.12,40.82,38.29,8.94,200.84,25.12,40.82,38.29,8.937227263,0.03
2024-02-16 06:00:00,DC_1,23.65,40.05,36.27,7.91,148.92,23.65,40.05,36.27,7.907551206,0.03
2024-02-16 08:30:00,DC_1,24.29,41.82,38.83,10.98,157.19,24.29,30.0,30.0,8.795235093,19.9
2024-02-16 11:00:00,DC_1,18.31,56.56,54.52,20.54,202.39,20.81,41.56,39.52,17.6884874,13.88
2024-02-16 13:30:00,DC_1,22.48,54.85,40.81,26.82,302.67,23.48,39.85,30.0,24.65716601,8.06
2024-02-16 16:00:00,DC_1,23.77,60.37,52.42,33.46,352.21,23.77,45.37,37.42,32.53114533,2.78
2024-02-16 18:30:00,DC_1,25.44,60.3,50.32,35.37,376.79,25.44,45.3,35.32,34.22473012,3.24
2024-02-16 21:00:00,DC_1,22.32,53.02,47.03,26.11,307.49,23.32,38.02,32.03,25.05377851,4.05
2024-02-16 23:30:00,DC_1,21.2,59.33,45.43,24.67,275.2,21.2,59.33,45.43,24.66705146,0.01
2024-02-17 02:00:00,DC_1,22.79,42.47,50.95,16.01,195.74,23.29,30.0,35.95,15.10338925,5.66
2024-02-17 04:30:00,DC_1,22.53,39.48,30.58,6.79,145.53,22.53,39.48,30.58,6.79,0.0
2024-02-17 07:00:00,DC_1,23.88,41.73,38.42,9.39,157.07,23.88,30.0,30.0,7.797701291,16.96
2024-02-17 09:30:00,DC_1,23.8,47.46,41.76,7.93,151.76,23.8,47.46,41.76,7.92521368,0.06
2024-02-17 12:00:00,DC_1,27.65,45.67,35.96,12.4,187.19,27.65,30.67,30.0,12.13204741,2.16
2024-02-17 14:30:00,DC_1,24.37,45.83,43.93,12.98,195.53,24.37,30.83,30.0,12.59452893,2.97
2024-02-17 17:00:00,DC_1,22.27,60.07,52.81,22.85,249.43,23.27,45.07,37.81,21.24020722,7.05
2024-02-17 19:30:00,DC_1,22.26,47.34,52.92,24.13,285.65,23.26,32.34,37.92,22.44146997,7.0
2024-02-17 22:00:00,DC_1,21.41,54.79,39.89,14.79,222.07,23.41,39.79,30.0,13.9505208,5.68
2024-02-18 00:30:00,DC_1,23.89,42.69,43.78,12.13,192.58,23.89,30.0,30.0,10.53144725,13.18
2024-02-18 03:00:00,DC_1,17.64,52.21,42.49,19.02,200.91,20.14,37.21,30.0,18.47248392,2.88
2024-02-18 05:30:00,DC_1,22.1,49.36,35.81,11.47,157.15,23.1,34.36,30.0,10.92764614,4.73
2024-02-18 08:00:00,DC_1,20.99,48.7,47.37,7.88,145.69,23.49,33.7,32.37,7.173297587,8.97
2024-02-18 10:30:00,DC_1,24.3,50.11,43.47,10.21,167.08,24.3,50.11,43.47,10.21,0.0
2024-02-18 13:00:00,DC_1,23.9,44.3,42.24,17.47,182.54,23.9,44.3,42.24,17.46846159,0.01
2024-02-18 15:30:00,DC_1,22.33,53.35,43.24,20.7,249.31,23.33,38.35,30.0,19.85299576,4.09
2024-02-18 18:00:00,DC_1,22.34,47.7,48.77,28.16,264.34,23.34,32.7,33.77,26.4903423,5.93
2024-02-18 20:30:00,DC_1,23.95,52.67,46.64,25.08,307.75,23.95,37.67,31.64,23.53688772,6.15
2024-02-18 23:00:00,DC_1,21.78,48.19,45.42,15.45,223.7,23.28,33.19,30.42,13.66436059,11.56
2024-02-19 01:30:00,DC_1,23.2,49.44,42.27,18.84,232.48,23.2,34.44,30.0,18.82530004,0.08
2024-02-19 04:00:00,DC_1,27.99,40.13,39.11,9.41,172.97,27.99,30.0,30.0,8.974063067,4.63
2024-02-19 06:30:00,DC_1,24.2,44.4,42.17,9.81,159.28,24.2,30.0,30.0,8.196428393,16.45
2024-02-19 09:00:00,DC_1,22.12,42.4,40.01,13.33,161.11,23.12,30.0,30.0,11.8121073,11.39
2024-02-19 11:30:00,DC_1,22.29,55.92,51.32,25.06,231.83,23.29,40.92,36.32,22.30461691,11.0
2024-02-19 14:00:00,DC_1,21.51,54.84,47.23,22.01,269.93,21.51,54.84,47.23,22.01,0.0
2024-02-19 16:30:00,DC_1,24.54,57.73,52.2,35.71,415.44,24.54,42.73,37.2,34.57912633,3.17
2024-02-19 19:00:00,DC_1,21.38,59.69,56.18,42.91,375.77,23.38,44.69,41.18,39.49518207,7.96
2024-02-19 21:30:00,DC_1,27.37,51.22,47.78,19.45,309.11,27.37,36.22,32.78,18.61195183,4.31
2024-02-20 00:00:00,DC_1,23.57,55.33,44.98,21.15,257.35,23.57,36.21,30.0,17.73918736,16.13
2024-02-20 02:30:00,DC_1,21.8,41.65,40.04,11.94,183.0,23.3,30.0,30.0,11.0178247,7.72
2024-02-20 05:00:00,DC_1,23.68,43.58,41.59,14.88,188.79,23.68,30.0,30.0,12.44990874,16.33
2024-02-20 07:30:00,DC_1,22.34,40.87,35.21,9.98,158.9,23.34,30.0,30.0,9.348596941,6.33
2024-02-20 10:00:00,DC_1,25.57,44.11,31.76,9.59,170.44,25.57,30.0,30.0,8.210251958,14.39
2024-02-20 12:30:00,DC_1,22.63,53.98,47.37,21.82,243.1,23.13,38.98,32.37,21.57002754,1.15
2024-02-20 15:00:00,DC_1,24.28,51.01,47.99,30.32,328.29,24.28,36.01,32.99,29.12820753,3.93
2024-02-20 17:30:00,DC_1,23.95,53.95,50.37,34.48,378.76,23.95,38.95,35.37,34.25788014,0.64
2024-02-20 20:00:00,DC_1,24.65,61.23,47.43,23.85,343.81,24.65,46.23,32.43,22.06116468,7.5
2024-02-20 22:30:00,DC_1,22.17,62.49,56.98,41.47,363.75,23.17,47.49,41.98,39.6650077,4.35
2024-02-21 01:00:00,DC_1,25.27,45.17,38.53,14.11,214.64,25.27,30.17,30.0,11.84499739,16.05
2024-02-21 03:30:00,DC_1,22.27,45.01,40.23,14.06,219.26,23.27,30.01,30.0,13.73903275,2.28
2024-02-21 06:00:00,DC_1,22.95,39.16,35.87,7.48,156.93,22.95,39.16,35.87,7.475883479,0.06
2024-02-21 08:30:00,DC_1,23.21,40.58,39.41,8.92,176.33,23.21,40.58,39.41,8.917591661,0.03
2024-02-21 11:00:00,DC_1,23.35,45.73,43.1,15.29,207.94,23.35,30.73,30.0,14.38997625,5.89
2024-02-21 13:30:00,DC_1,22.75,54.38,50.7,26.27,305.01,23.25,39.38,35.7,26.08221492,0.71
2024-02-21 16:00:00,DC_1,24.14,61.2,48.6,34.79,402.29,24.14,46.2,33.6,32.4805502,6.64
2024-02-21 18:30:00,DC_1,24.05,60.19,55.31,42.35,408.72,24.05,45.19,40.31,42.11348622,0.56
2024-02-21 21:00:00,DC_1,22.86,57.03,55.2,37.91,388.75,23.36,42.03,40.2,37.24549913,1.75
2024-02-21 23:30:00,DC_1,28.19,43.66,35.19,20.59,278.31,28.19,35.66,30.0,18.65481002,9.4
2024-02-22 02:00:00,DC_1,21.0,47.27,49.5,32.04,333.16,23.0,32.27,34.5,28.36998536,11.45
2024-02-22 04:30:00,DC_1,21.97,48.69,40.41,14.26,177.97,23.47,33.69,30.0,12.45553822,12.65
2024-02-22 07:00:00,DC_1,22.76,43.37,35.36,10.11,163.73,23.26,30.0,30.0,9.794210653,3.12
2024-02-22 09:30:00,DC_1,24.96,30.87,34.08,8.93,156.43,24.96,30.87,34.08,8.93,0.0
2024-02-22 12:00:00,DC_1,22.04,42.94,47.8,15.8,215.64,23.04,30.0,32.8,14.00607148,11.35
2024-02-22 14:30:00,DC_1,21.53,55.03,51.08,26.09,271.99,23.03,40.03,36.08,22.89858689,12.23
2024-02-22 17:00:00,DC_1,22.03,67.18,58.93,43.97,375.77,23.03,52.18,43.93,42.16691014,4.1
2024-02-22 19:30:00,DC_1,21.92,63.87,50.18,32.91,334.14,23.42,48.87,35.18,29.88839258,9.18
2024-02-22 22:00:00,DC_1,25.86,52.33,37.09,33.34,374.28,25.86,37.33,30.0,32.12383494,3.65
2024-02-23 00:30:00,DC_1,20.09,49.57,41.57,20.3,259.53,22.59,34.57,30.0,18.06545364,11.01
2024-02-23 03:00:00,DC_1,21.13,47.95,45.62,12.79,201.25,23.13,32.95,30.62,12.69565426,0.74
2024-02-23 05:30:00,DC_1,23.42,37.64,33.66,12.21,173.25,23.42,30.0,30.0,10.98097341,10.07
2024-02-23 08:00:00,DC_1,24.08,47.39,34.97,10.08,173.11,24.08,32.39,30.0,9.592946598,4.83
2024-02-23 10:30:00,DC_1,22.94,40.6,53.61,13.62,194.67,23.44,30.0,38.61,11.93264722,12.39
2024-02-23 13:00:00,DC_1,23.96,49.16,34.68,20.28,268.5,23.96,34.16,30.0,19.68618737,2.93
2024-02-23 15:30:00,DC_1,18.4,70.08,66.95,48.59,359.92,20.9,55.08,51.95,43.25946908,10.97
2024-02-23 18:00:00,DC_1,23.81,62.08,59.7,40.63,432.97,23.81,47.08,44.7,40.31907679,0.77
2024-02-23 20:30:00,DC_1,22.57,61.1,50.92,29.59,309.03,23.07,46.1,35.92,26.2217553,11.38
2024-02-23 23:00:00,DC_1,22.23,51.21,44.43,23.8,301.8,23.23,36.21,30.0,21.94067941,7.81
2024-02-24 01:30:00,DC_1,24.28,49.26,39.21,11.33,186.9,24.28,34.26,30.0,10.17463079,10.2
2024-02-24 04:00:00,DC_1,22.01,47.1,44.91,13.04,178.86,23.01,47.1,30.0,12.67149297,2.83
2024-02-24 06:30:00,DC_1,23.42,43.34,38.33,10.71,163.08,23.42,30.0,30.0,9.263332969,13.51
2024-02-24 09:00:00,DC_1,22.03,45.41,41.12,7.34,146.27,23.03,30.41,30.0,6.917135694,5.76
2024-02-24 11:30:00,DC_1,23.04,53.43,48.29,13.82,198.68,23.04,38.43,33.29,13.26557151,4.01
2024-02-24 14:00:00,DC_1,22.9,46.7,45.49,16.7,224.75,23.4,31.7,30.49,14.5734324,12.73
2024-02-24 16:30:00,DC_1,23.33,51.54,46.86,23.29,286.35,23.33,51.54,46.86,23.29,0.0
2024-02-24 19:00:00,DC_1,23.69,46.48,52.85,22.0,313.7,23.69,46.48,52.85,21.9981702,0.01
2024-02-24 21:30:00,DC_1,23.58,44.24,50.07,16.47,246.29,23.58,44.24,35.07,15.18551505,7.8
2024-02-25 00:00:00,DC_1,23.4,46.0,42.5,13.9,190.5,23.4,31.0,30.0,13.37490792,3.78
2024-02-25 02:30:00,DC_1,25.53,34.09,33.1,13.29,186.05,25.53,30.0,30.0,12.42506623,6.51
2024-02-25 05:00:00,DC_1,28.6,36.62,29.39,5.11,158.03,28.6,30.0,30.0,4.959937876,2.94
2024-02-25 07:30:00,DC_1,20.58,45.8,40.02,9.37,149.53,20.58,45.8,40.02,9.367198467,0.03
2024-02-25 10:00:00,DC_1,22.9,38.4,38.02,12.04,159.86,22.9,38.4,38.02,12.03734575,0.02
2024-02-25 12:30:00,DC_1,24.02,43.16,37.92,14.39,177.66,24.02,30.0,30.0,13.05218683,9.3
2024-02-25 15:00:00,DC_1,21.53,58.56,45.22,24.19,241.17,23.03,43.56,30.22,23.31398535,3.62
2024-02-25 17:30:00,DC_1,22.5,57.97,48.11,26.15,277.63,23.0,42.97,33.11,25.80005332,1.34
2024-02-25 20:00:00,DC_1,22.83,57.53,49.03,31.35,336.36,23.33,42.53,34.03,29.90919165,4.6
2024-02-25 22:30:00,DC_1,16.75,49.9,56.28,23.32,214.79,19.25,34.9,41.28,21.55724506,7.56
2024-02-26 01:00:00,DC_1,22.9,50.7,47.69,20.12,249.57,22.9,50.7,47.69,20.119596,0.0
2024-02-26 03:30:00,DC_1,23.96,38.53,34.66,11.36,193.35,23.96,30.0,30.0,10.47068926,7.83
2024-02-26 06:00:00,DC_1,22.03,45.69,39.09,7.93,166.77,22.03,45.69,39.09,7.928460364,0.02
2024-02-26 08:30:00,DC_1,22.47,44.17,39.17,10.33,155.16,23.47,30.0,30.0,7.997546352,22.58
2024-02-26 11:00:00,DC_1,23.4,40.41,46.32,12.69,194.41,23.4,30.0,31.32,11.34386384,10.61
2024-02-26 13:30:00,DC_1,23.23,52.71,45.21,22.04,277.53,23.23,37.71,30.21,21.54121229,2.26
2024-02-26 16:00:00,DC_1,21.62,61.69,56.29,33.1,340.53,23.12,46.69,41.29,30.16369157,8.87
2024-02-26 18:30:00,DC_1,22.36,69.56,51.28,41.51,378.13,23.36,54.56,36.28,38.97178825,6.11
2024-02-26 21:00:00,DC_1,22.53,65.64,51.49,29.34,315.84,23.03,50.64,36.49,26.7935691,8.68
2024-02-26 23:30:00,DC_1,22.87,51.79,46.31,27.44,321.67,23.37,36.79,31.31,26.98237548,1.67
2024-02-27 02:00:00,DC_1,24.12,46.43,40.04,15.07,231.18,24.12,31.43,30.0,14.73587369,2.22
2024-02-27 04:30:00,DC_1,21.1,45.42,36.41,12.11,169.27,23.1,30.42,30.0,11.50695184,4.98
2024-02-27 07:00:00,DC_1,23.69,45.13,32.59,12.78,174.95,23.69,30.13,30.0,11.58795537,9.33
2024-02-27 09:30:00,DC_1,18.46,54.21,44.09,15.11,170.01,20.96,39.21,30.0,13.85775559,8.29
2024-02-27 12:00:00,DC_1,22.8,48.43,42.08,17.79,239.63,23.3,33.43,30.0,17.63909651,0.85
2024-02-27 14:30:00,DC_1,21.6,56.59,52.39,26.53,284.75,21.6,56.59,52.39,26.53,0.0
2024-02-27 17:00:00,DC_1,18.0,66.43,68.46,62.7,410.21,20.5,51.43,53.46,59.15242351,5.66
2024-02-27 19:30:00,DC_1,22.79,56.53,54.81,34.05,374.37,23.29,41.53,39.81,33.78853788,0.77
2024-02-27 22:00:00,DC_1,24.83,55.04,53.99,23.51,336.66,24.83,40.04,38.99,23.05866491,1.92
2024-02-28 00:30:00,DC_1,18.22,58.17,48.9,26.84,299.12,20.72,43.17,33.9,26.3088881,1.98
2024-02-28 03:00:00,DC_1,22.08,39.31,40.86,11.88,181.92,22.08,39.31,40.86,11.87501768,0.04
2024-02-28 05:30:00,DC_1,22.59,44.31,40.96,10.48,168.17,22.59,44.31,40.96,10.48,0.0
2024-02-28 08:00:00,DC_1,23.28,43.35,38.22,13.53,172.58,23.28,30.0,30.0,12.95785283,4.23
2024-02-28 10:30:00,DC_1,22.18,50.29,45.36,15.4,196.61,23.18,35.29,30.36,15.07502242,2.11
2024-02-28 13:00:00,DC_1,24.32,46.37,42.6,20.44,260.32,24.32,31.37,30.0,19.78432469,3.21
2024-02-28 15:30:00,DC_1,24.19,59.81,47.49,32.71,351.82,24.19,44.81,32.49,31.52685476,3.62
2024-02-28 18:00:00,DC_1,18.81,70.13,59.75,51.0,404.64,21.31,55.13,44.75,47.26857244,7.32
2024-02-28 20:30:00,DC_1,22.9,50.25,48.87,34.92,340.54,23.4,35.25,33.87,32.78797573,6.11
2024-02-28 23:00:00,DC_1,22.69,47.42,42.08,19.19,263.17,23.19,32.42,30.0,18.99515616,1.02
2024-02-29 01:30:00,DC_1,23.06,42.11,43.43,15.7,261.58,23.06,42.11,30.0,15.53965087,1.02
2024-02-29 04:00:00,DC_1,23.98,44.04,36.07,12.81,201.97,23.98,30.0,30.0,12.23792407,4.47
2024-02-29 06:30:00,DC_1,23.03,47.48,31.91,12.76,148.53,23.03,32.48,30.0,9.405506867,26.29
2024-02-29 09:00:00,DC_1,22.51,40.85,35.16,9.91,150.77,23.01,30.0,30.0,8.51394473,14.09
2024-02-29 11:30:00,DC_1,25.08,46.79,46.73,15.89,237.24,25.08,31.79,31.73,13.87343563,12.69
2024-02-29 14:00:00,DC_1,23.64,42.92,49.6,20.04,281.67,23.64,42.92,49.6,20.04,0.0
2024-02-29 16:30:00,DC_1,17.27,69.63,63.56,50.09,379.6,19.77,54.63,48.56,47.61493519,4.94
2024-02-29 19:00:00,DC_1,22.81,54.81,50.01,29.08,306.6,23.31,39.81,35.01,26.31549167,9.51
2024-02-29 21:30:00,DC_1,23.35,55.46,50.87,32.55,325.3,23.35,40.46,35.87,30.4219689,6.54
2024-03-01 00:00:00,DC_1,22.43,53.52,53.1,29.51,261.82,23.43,38.52,38.1,27.55680482,6.62
2024-03-01 02:30:00,DC_1,24.97,48.18,37.83,16.56,226.71,24.97,40.18,30.0,15.8135304,4.51
2024-03-01 05:00:00,DC_1,24.74,51.9,36.25,14.08,184.15,24.74,36.9,30.0,13.59802312,3.42
2024-03-01 07:30:00,DC_1,23.0,54.35,52.09,13.59,158.14,23.0,39.35,37.09,12.16305479,10.5
2024-03-01 10:00:00,DC_1,17.19,65.94,55.36,29.66,195.78,19.69,50.94,40.36,28.33592851,4.46
2024-03-01 12:30:00,DC_1,21.67,55.33,54.33,33.95,254.47,23.17,49.78,39.33,30.32764771,10.67
2024-03-01 15:00:00,DC_1,27.13,65.08,51.23,44.13,330.31,27.13,50.08,36.23,42.30368858,4.14
2024-03-01 17:30:00,DC_1,23.48,63.1,62.03,51.61,393.79,23.48,48.1,47.03,50.49801373,2.15
2024-03-01 20:00:00,DC_1,23.64,58.18,52.59,47.99,360.13,23.64,43.18,37.59,45.11890293,5.98
2024-03-01 22:30:00,DC_1,22.39,62.09,55.44,37.91,316.95,23.39,47.09,40.44,36.6817658,3.24
2024-03-02 01:00:00,DC_1,24.67,51.86,45.47,15.25,194.39,24.67,36.86,30.47,14.08334744,7.65
2024-03-02 03:30:00,DC_1,22.59,44.36,50.83,14.05,159.84,23.09,30.0,35.83,12.72997582,9.4
2024-03-02 06:00:00,DC_1,24.1,52.37,41.07,10.83,154.15,24.1,52.37,41.07,10.83,0.0
2024-03-02 08:30:00,DC_1,23.89,48.17,43.41,18.86,192.94,23.89,33.17,30.0,18.66312338,1.04
2024-03-02 11:00:00,DC_1,24.41,55.11,43.97,31.02,281.17,24.41,40.11,30.0,30.61887694,1.29
2024-03-02 13:30:00,DC_1,25.21,55.84,45.51,25.71,205.01,25.21,40.84,30.51,23.3809924,9.06
2024-03-02 16:00:00,DC_1,23.76,54.49,55.32,33.86,264.81,23.76,39.49,40.32,32.4414245,4.19
2024-03-02 18:30:00,DC_1,24.83,57.51,48.4,31.33,256.06,24.83,42.51,33.4,30.17299423,3.69
2024-03-02 21:00:00,DC_1,23.67,62.97,46.9,29.88,264.08,23.67,47.97,31.9,28.17053614,5.72
2024-03-02 23:30:00,DC_1,23.56,58.22,51.66,30.21,244.37,23.56,43.22,36.66,29.96976908,0.8
2024-03-03 02:00:00,DC_1,27.37,53.83,37.36,19.58,225.31,27.37,38.83,30.0,18.58187498,5.1
2024-03-03 04:30:00,DC_1,23.65,41.42,47.96,11.24,146.05,23.65,41.42,47.96,11.24,0.0
2024-03-03 07:00:00,DC_1,24.48,45.27,37.0,8.54,148.02,24.48,45.27,37.0,8.54,0.0
2024-03-03 09:30:00,DC_1,24.62,47.92,49.2,12.65,154.7,24.62,32.92,34.2,10.76480714,14.9
2024-03-03 12:00:00,DC_1,22.31,54.19,51.68,25.08,196.97,23.31,39.19,36.68,24.21957875,3.43
2024-03-03 14:30:00,DC_1,17.35,66.5,60.89,47.45,242.28,19.85,51.5,45.89,42.3277261,10.8
2024-03-03 17:00:00,DC_1,21.73,64.63,51.62,36.25,263.9,23.23,49.63,36.62,32.34370402,10.78
2024-03-03 19:30:00,DC_1,23.37,58.47,52.94,36.46,265.28,23.37,43.47,37.94,34.74455753,4.7
2024-03-03 22:00:00,DC_1,22.22,55.33,49.76,26.22,260.36,23.22,36.74,34.76,25.15561333,4.06
2024-03-04 00:30:00,DC_1,22.55,61.33,56.7,36.87,295.82,23.05,46.33,41.7,33.92953359,7.98
2024-03-04 03:00:00,DC_1,23.26,46.03,35.9,14.45,193.79,23.26,46.03,35.9,14.44755284,0.02
2024-03-04 05:30:00,DC_1,25.38,54.31,41.44,11.69,173.61,25.38,39.31,30.0,11.38659522,2.6
2024-03-04 08:00:00,DC_1,21.51,56.52,41.18,14.96,152.05,23.01,41.52,30.0,13.78422176,7.86
2024-03-04 10:30:00,DC_1,22.11,60.09,48.73,24.78,217.24,23.11,45.09,33.73,22.82576303,7.89
2024-03-04 13:00:00,DC_1,22.67,58.68,59.24,39.96,258.78,23.17,43.68,44.24,37.96328301,5.0
2024-03-04 15:30:00,DC_1,22.32,73.19,68.48,67.64,386.59,23.32,58.19,53.48,63.70566888,5.82
2024-03-04 18:00:00,DC_1,24.55,66.73,57.76,69.91,459.47,24.55,51.73,42.76,68.88914532,1.46
2024-03-04 20:30:00,DC_1,24.19,61.14,57.28,50.16,374.57,24.19,46.14,42.28,47.8585558,4.59
2024-03-04 23:00:00,DC_1,23.02,61.33,57.16,37.15,315.6,23.02,46.33,42.16,34.39101596,7.43
2024-03-05 01:30:00,DC_1,18.06,57.43,50.58,33.51,249.57,20.56,42.43,35.58,30.65760117,8.51
2024-03-05 04:00:00,DC_1,22.51,50.36,47.05,18.03,197.15,23.01,35.36,32.05,17.82482471,1.14
2024-03-05 06:30:00,DC_1,22.87,48.03,36.65,10.81,150.26,22.87,48.03,36.65,10.80556296,0.04
2024-03-05 09:00:00,DC_1,22.83,47.43,41.22,17.34,180.36,22.83,47.43,41.22,17.34,0.0
2024-03-05 11:30:00,DC_1,23.52,58.27,59.09,28.55,220.04,23.52,43.27,44.09,26.59043317,6.86
2024-03-05 14:00:00,DC_1,22.76,62.83,56.57,45.76,279.47,23.26,47.83,41.57,42.70478329,6.68
2024-03-05 16:30:00,DC_1,20.66,64.51,70.68,62.74,370.2,23.16,49.51,55.68,58.06127689,7.46
2024-03-05 19:00:00,DC_1,28.7,60.12,59.77,42.71,343.2,28.7,45.12,44.77,41.06814277,3.84
2024-03-05 21:30:00,DC_1,23.21,67.27,74.79,81.24,512.83,23.21,52.27,59.79,77.82395696,4.2
2024-03-06 00:00:00,DC_1,24.71,62.82,51.47,33.62,299.58,24.71,47.82,36.47,31.97815742,4.88
2024-03-06 02:30:00,DC_1,22.1,53.32,41.31,19.77,201.28,23.1,38.32,30.0,17.46507194,11.66
2024-03-06 05:00:00,DC_1,22.77,53.1,38.82,18.44,170.89,23.27,38.1,30.0,16.49056583,10.57
2024-03-06 07:30:00,DC_1,26.91,45.61,43.19,12.22,169.1,26.91,30.61,30.0,11.49972863,5.89
2024-03-06 10:00:00,DC_1,21.84,58.54,50.52,31.19,213.7,23.34,43.54,35.52,29.82188,4.39
2024-03-06 12:30:00,DC_1,23.89,55.33,50.62,32.37,267.46,23.89,48.44,35.62,32.05194036,0.98
2024-03-06 15:00:00,DC_1,22.22,61.58,56.52,47.78,356.92,23.22,46.58,41.52,46.99046387,1.65
2024-03-06 17:30:00,DC_1,23.66,67.32,68.03,67.26,458.26,23.66,52.32,53.03,66.95640782,0.45
2024-03-06 20:00:00,DC_1,24.31,63.74,62.35,59.33,414.83,24.31,48.74,47.35,57.37907649,3.29
2024-03-06 22:30:00,DC_1,22.66,66.52,62.74,36.09,327.82,23.16,51.52,47.74,34.74377408,3.73
2024-03-07 01:00:00,DC_1,23.61,63.41,45.89,24.13,242.16,23.61,48.41,30.89,23.73698858,1.63
2024-03-07 03:30:00,DC_1,23.52,49.67,39.25,13.63,204.95,23.52,34.67,30.0,13.43868552,1.4
2024-03-07 06:00:00,DC_1,21.25,52.21,50.63,15.59,150.78,23.25,37.21,35.63,13.88937714,10.91
2024-03-07 08:30:00,DC_1,23.67,46.74,47.25,14.28,164.39,23.67,31.74,32.25,13.97192431,2.16
2024-03-07 11:00:00,DC_1,22.56,50.16,53.27,21.54,196.47,22.56,50.16,53.27,21.53792454,0.01
2024-03-07 13:30:00,DC_1,24.02,62.08,54.06,36.54,292.51,24.02,47.08,39.06,35.57059212,2.65
2024-03-07 16:00:00,DC_1,23.68,67.29,64.5,54.27,392.66,23.68,52.29,49.5,52.33253328,3.57
2024-03-07 18:30:00,DC_1,22.37,60.5,63.19,47.03,337.64,23.37,45.5,48.19,45.45638248,3.35
2024-03-07 21:00:00,DC_1,23.09,65.24,53.55,34.63,352.79,23.09,50.24,38.55,32.84312447,5.16
2024-03-07 23:30:00,DC_1,23.3,56.28,51.65,30.34,278.9,23.3,41.28,36.65,28.76303485,5.2
2024-03-08 02:00:00,DC_1,28.23,52.98,38.21,17.89,202.14,28.23,37.98,30.0,16.97987081,5.09
2024-03-08 04:30:00,DC_1,21.94,53.69,51.08,19.93,167.42,23.44,38.69,36.08,17.89770161,10.2
2024-03-08 07:00:00,DC_1,17.57,52.83,53.37,22.45,171.43,20.07,37.83,38.37,20.92554983,6.79
2024-03-08 09:30:00,DC_1,20.74,62.99,52.73,23.22,178.19,23.24,47.99,37.73,21.38538012,7.9
2024-03-08 12:00:00,DC_1,20.99,60.28,50.51,31.31,214.59,23.49,45.28,35.51,28.24184028,9.8
2024-03-08 14:30:00,DC_1,23.34,55.33,60.94,42.41,338.93,23.34,55.61,45.94,40.94535562,3.45
2024-03-08 17:00:00,DC_1,21.04,76.42,68.24,72.32,398.81,23.04,61.42,53.24,68.84969955,4.8
2024-03-08 19:30:00,DC_1,22.65,70.07,55.7,45.07,352.15,23.15,55.07,40.7,43.14276599,4.28
2024-03-08 22:00:00,DC_1,23.39,52.27,48.25,28.34,287.75,23.39,37.27,33.25,27.94613174,1.39
2024-03-09 00:30:00,DC_1,16.51,58.51,60.36,29.37,215.77,19.01,43.51,45.36,26.63219673,9.32
2024-03-09 03:00:00,DC_1,20.92,63.15,49.01,28.27,235.05,23.42,48.15,34.01,24.80486732,12.26
2024-03-09 05:30:00,DC_1,22.56,54.58,41.29,8.02,145.68,22.56,54.58,41.29,8.02,0.0
2024-03-09 08:00:00,DC_1,25.9,44.01,41.53,10.15,175.96,25.9,30.0,30.0,7.818679343,22.97
2024-03-09 10:30:00,DC_1,22.59,52.42,54.14,20.97,180.95,23.09,37.42,39.14,18.98734088,9.45
2024-03-09 13:00:00,DC_1,20.48,56.92,55.66,28.82,212.96,22.98,41.92,40.66,27.22619307,5.53
2024-03-09 15:30:00,DC_1,22.86,60.05,56.54,30.0,242.38,23.36,45.05,41.54,29.5877594,1.37
2024-03-09 18:00:00,DC_1,20.04,68.86,60.95,51.46,325.9,22.54,53.86,45.95,48.18004684,6.37
2024-03-09 20:30:00,DC_1,24.67,47.3,50.69,29.9,270.17,24.67,32.3,35.69,27.46077734,8.16
2024-03-09 23:00:00,DC_1,17.88,63.09,58.43,34.67,227.88,20.38,48.09,43.43,31.24480162,9.88
2024-03-10 01:30:00,DC_1,24.31,52.23,52.05,20.8,219.1,24.31,52.23,52.05,20.8,0.0
2024-03-10 04:00:00,DC_1,23.48,49.33,43.82,16.71,168.88,23.48,34.33,30.0,14.86050241,11.07
2024-03-10 06:30:00,DC_1,25.03,54.32,39.19,15.95,159.17,25.03,39.32,30.0,14.6588411,8.1
2024-03-10 09:00:00,DC_1,24.03,49.74,47.29,22.29,218.59,24.03,34.74,32.29,21.2406544,4.71
2024-03-10 11:30:00,DC_1,22.98,49.22,57.63,21.24,180.63,23.48,34.22,42.63,19.82234789,6.67
2024-03-10 14:00:00,DC_1,23.94,57.28,43.29,29.62,233.22,23.94,42.28,30.0,26.65826201,10.0
2024-03-10 16:30:00,DC_1,21.86,61.39,55.38,35.91,242.3,23.36,46.39,40.38,34.72203261,3.31
2024-03-10 19:00:00,DC_1,22.24,58.9,61.12,35.98,297.74,23.24,43.9,46.12,34.23538927,4.85
2024-03-10 21:30:00,DC_1,27.99,46.88,48.12,29.88,257.74,27.99,31.88,33.12,28.75042242,3.78
2024-03-11 00:00:00,DC_1,20.53,60.86,47.38,36.74,294.16,23.03,45.86,32.38,33.6188748,8.5
2024-03-11 02:30:00,DC_1,24.19,48.39,41.23,16.64,208.04,24.19,33.39,30.0,15.33090985,7.87
2024-03-11 05:00:00,DC_1,20.14,55.08,46.3,18.77,158.38,22.64,40.08,31.3,17.35166719,7.56
2024-03-11 07:30:00,DC_1,21.85,54.17,41.2,18.64,160.72,23.35,39.17,30.0,17.33480553,7.0
2024-03-11 10:00:00,DC_1,22.73,47.09,46.88,21.92,199.19,23.23,32.09,31.88,21.20676581,3.25
2024-03-11 12:30:00,DC_1,27.87,48.37,51.69,29.61,270.81,27.87,33.37,36.69,27.69391808,6.47
2024-03-11 15:00:00,DC_1,22.79,71.24,60.86,48.73,344.46,23.29,56.24,45.86,46.77418287,4.01
2024-03-11 17:30:00,DC_1,24.75,68.04,62.02,59.84,378.66,24.75,53.04,47.02,57.33315391,4.19
2024-03-11 20:00:00,DC_1,24.8,66.95,54.03,52.87,381.41,24.8,51.95,39.03,51.3905341,2.8
2024-03-11 22:30:00,DC_1,23.16,61.43,58.5,35.01,301.34,23.16,46.43,43.5,33.99831481,2.89
2024-03-12 01:00:00,DC_1,22.48,53.25,52.16,24.9,236.14,23.48,38.25,37.16,22.45738485,9.81
2024-03-12 03:30:00,DC_1,23.43,48.17,49.29,12.53,165.02,23.43,33.17,34.29,11.38778105,9.12
2024-03-12 06:00:00,DC_1,24.92,50.07,44.59,19.02,186.1,24.92,35.07,30.0,16.76836958,11.84
2024-03-12 08:30:00,DC_1,21.46,55.67,48.94,16.35,159.33,23.46,40.67,33.94,15.57769166,4.72
2024-03-12 11:00:00,DC_1,22.78,59.9,56.27,28.71,249.67,23.28,44.9,41.27,27.42036078,4.49
2024-03-12 13:30:00,DC_1,21.26,65.12,53.47,36.84,269.55,23.26,50.12,38.47,33.38341592,9.38
2024-03-12 16:00:00,DC_1,24.91,62.48,62.39,51.64,357.17,24.91,47.48,47.39,49.98072366,3.21
2024-03-12 18:30:00,DC_1,24.61,66.32,61.43,60.32,400.73,24.61,51.32,46.43,58.66679764,2.74
2024-03-12 21:00:00,DC_1,21.48,61.67,53.58,48.77,322.52,23.48,46.67,38.58,45.65895274,6.38
2024-03-12 23:30:00,DC_1,23.69,59.05,55.52,43.39,327.56,23.69,44.05,40.52,42.73026175,1.52
2024-03-13 02:00:00,DC_1,23.68,51.21,43.19,24.7,223.45,23.68,36.21,30.0,22.79389434,7.72
2024-03-13 04:30:00,DC_1,24.53,44.52,49.45,14.75,186.69,24.53,30.0,34.45,14.27868765,3.2
2024-03-13 07:00:00,DC_1,16.05,60.45,66.49,25.07,170.04,18.55,45.45,51.49,21.63752235,13.69
2024-03-13 09:30:00,DC_1,22.11,47.45,46.45,18.32,193.54,22.11,47.45,46.45,18.32,0.0
2024-03-13 12:00:00,DC_1,22.37,57.24,52.67,24.91,225.98,23.37,42.24,37.67,24.32496151,2.35
2024-03-13 14:30:00,DC_1,24.27,53.29,51.65,36.29,280.5,24.27,53.29,51.65,36.29,0.0
2024-03-13 17:00:00,DC_1,22.37,71.21,62.13,73.47,421.68,23.37,56.21,47.13,70.60707822,3.9
2024-03-13 19:30:00,DC_1,23.73,63.92,59.54,52.69,391.82,23.73,48.92,44.54,51.42796851,2.4
2024-03-13 22:00:00,DC_1,25.62,52.67,49.27,32.66,321.62,25.62,52.67,49.27,32.65810131,0.01
2024-03-14 00:30:00,DC_1,24.96,48.52,48.37,28.48,266.13,24.96,48.52,48.37,28.47599457,0.01
2024-03-14 03:00:00,DC_1,27.21,40.42,36.54,14.94,189.14,27.21,40.42,36.54,14.94,0.0
2024-03-14 05:30:00,DC_1,26.63,50.61,37.98,10.37,167.31,26.63,35.61,30.0,9.711297389,6.35
2024-03-14 08:00:00,DC_1,22.51,55.55,45.61,17.37,160.11,23.01,40.55,30.61,16.00379066,7.87
2024-03-14 10:30:00,DC_1,23.78,52.26,54.46,29.02,212.16,23.78,37.26,39.46,26.47332349,8.78
2024-03-14 13:00:00,DC_1,23.96,64.03,56.19,36.47,281.57,23.96,64.03,56.19,36.46504769,0.01
2024-03-14 15:30:00,DC_1,22.47,68.2,59.51,56.42,373.38,23.47,53.2,44.51,53.38239746,5.38
2024-03-14 18:00:00,DC_1,22.74,69.99,61.35,74.94,424.42,23.24,54.99,46.35,71.87819875,4.09
2024-03-14 20:30:00,DC_1,23.55,55.92,54.65,43.4,342.01,23.55,55.92,54.65,43.4,0.0
2024-03-14 23:00:00,DC_1,23.48,55.33,59.9,32.3,296.35,23.48,44.31,44.9,31.39820179,2.79
2024-03-15 01:30:00,DC_1,26.57,50.24,46.24,17.65,220.85,26.57,35.24,31.24,17.01835852,3.58
2024-03-15 04:00:00,DC_1,25.83,57.56,45.67,13.92,169.5,25.83,42.56,30.67,12.33278266,11.4
2024-03-15 06:30:00,DC_1,23.51,47.31,47.22,15.42,180.76,23.51,32.31,32.22,14.39617106,6.64
2024-03-15 09:00:00,DC_1,23.06,55.84,57.48,20.91,182.85,23.06,40.84,42.48,18.72085934,10.47
2024-03-15 11:30:00,DC_1,21.95,61.75,57.42,25.72,203.23,23.45,46.75,42.42,23.9839733,6.75
2024-03-15 14:00:00,DC_1,23.81,68.31,55.37,30.36,272.93,23.81,53.31,40.37,29.03913564,4.35
2024-03-15 16:30:00,DC_1,23.1,68.66,67.83,68.51,424.32,23.1,53.66,52.83,67.62445535,1.29
2024-03-15 19:00:00,DC_1,25.72,62.93,51.5,47.19,354.28,25.72,47.93,36.5,46.24802472,2.0
2024-03-15 21:30:00,DC_1,24.53,60.35,55.47,37.47,318.12,24.53,45.35,40.47,35.26268854,5.89
2024-03-16 00:00:00,DC_1,23.72,53.29,44.67,21.11,218.65,23.72,38.29,30.0,19.93006131,5.59
2024-03-16 02:30:00,DC_1,23.25,52.15,50.1,22.95,237.77,23.25,37.15,35.1,21.29679107,7.2
2024-03-16 05:00:00,DC_1,24.02,48.81,29.36,14.12,150.52,24.02,33.81,30.0,11.84428931,16.12
2024-03-16 07:30:00,DC_1,24.84,48.81,43.98,14.26,156.04,24.84,33.81,30.0,12.41802868,12.92
2024-03-16 10:00:00,DC_1,20.95,59.94,48.1,22.43,163.89,23.45,44.94,33.1,19.17865026,14.5
2024-03-16 12:30:00,DC_1,22.43,57.42,48.65,27.58,193.15,23.43,42.42,33.65,25.22009538,8.56
2024-03-16 15:00:00,DC_1,24.75,51.29,49.13,24.86,251.43,24.75,36.29,34.13,24.2038572,2.64
2024-03-16 17:30:00,DC_1,22.72,63.52,50.98,36.42,291.21,23.22,48.52,35.98,35.68091647,2.03
2024-03-16 20:00:00,DC_1,23.76,54.1,44.78,27.4,253.84,23.76,39.1,30.0,25.71876544,6.14
2024-03-16 22:30:00,DC_1,23.17,53.06,51.71,29.29,267.45,23.17,38.06,36.71,29.06578183,0.77
2024-03-17 01:00:00,DC_1,22.36,52.01,49.81,28.33,234.32,23.36,37.01,34.81,27.19298652,4.01
2024-03-17 03:30:00,DC_1,23.0,47.74,48.1,13.78,163.09,23.0,32.74,33.1,12.83835867,6.83
2024-03-17 06:00:00,DC_1,21.34,58.66,50.09,19.42,173.95,23.34,43.66,35.09,17.19415274,11.46
2024-03-17 08:30:00,DC_1,21.89,59.31,44.98,19.22,160.12,23.39,44.31,30.0,16.3638678,14.86
2024-03-17 11:00:00,DC_1,21.73,58.74,54.44,24.09,184.79,23.23,43.74,39.44,23.19007556,3.74
2024-03-17 13:30:00,DC_1,21.56,62.86,54.59,29.57,217.87,23.06,47.86,39.59,27.51856997,6.94
2024-03-17 16:00:00,DC_1,21.85,60.48,59.45,39.43,269.99,23.35,45.48,44.45,37.21215358,5.62
2024-03-17 18:30:00,DC_1,23.48,56.26,49.56,32.76,260.93,23.48,41.26,34.56,31.75246795,3.08
2024-03-17 21:00:00,DC_1,23.06,57.72,52.64,32.57,234.82,23.06,42.72,37.64,29.696793,8.82
2024-03-17 23:30:00,DC_1,24.73,51.4,38.46,22.82,238.61,24.73,36.4,30.0,22.4698916,1.53
2024-03-18 02:00:00,DC_1,23.22,54.24,48.79,18.75,189.86,23.22,39.24,33.79,16.65894366,11.15
2024-03-18 04:30:00,DC_1,23.88,44.64,46.48,13.1,168.54,23.88,44.64,46.48,13.1,0.0
2024-03-18 07:00:00,DC_1,22.21,47.15,45.76,16.08,174.71,23.21,32.15,30.76,14.05716068,12.58
2024-03-18 09:30:00,DC_1,23.99,42.17,44.14,19.62,192.03,23.99,42.17,44.14,19.62,0.0
2024-03-18 12:00:00,DC_1,24.53,56.0,54.56,33.71,239.09,24.53,41.0,39.56,32.04558414,4.94
2024-03-18 14:30:00,DC_1,23.78,58.29,48.64,34.56,263.07,23.78,43.29,33.64,33.34374067,3.52
2024-03-18 17:00:00,DC_1,17.06,78.1,68.64,82.78,404.43,19.56,63.1,53.64,77.48278242,6.4
2024-03-18 19:30:00,DC_1,23.2,64.42,53.0,51.43,365.31,23.2,49.42,38.0,50.57498358,1.66
2024-03-18 22:00:00,DC_1,21.36,64.59,70.63,44.13,342.25,23.36,49.59,55.63,41.10112412,6.86
2024-03-19 00:30:00,DC_1,23.82,51.64,58.23,29.98,259.83,23.82,51.64,58.23,29.97992794,0.0
2024-03-19 03:00:00,DC_1,23.69,46.9,42.45,11.66,171.92,23.69,46.9,42.45,11.65933187,0.01
2024-03-19 05:30:00,DC_1,25.18,43.84,43.8,9.57,164.77,25.18,43.84,43.8,9.568302825,0.02
2024-03-19 08:00:00,DC_1,23.41,44.78,47.84,18.53,158.37,23.41,30.0,32.84,15.19251305,18.01
2024-03-19 10:30:00,DC_1,21.51,50.69,48.39,19.72,193.43,23.01,35.69,33.39,17.79715697,9.75
2024-03-19 13:00:00,DC_1,22.98,65.47,49.98,37.63,278.49,23.48,50.47,34.98,34.47553452,8.38
2024-03-19 15:30:00,DC_1,22.7,65.24,63.96,58.52,391.25,23.2,50.24,48.96,54.6834805,6.56
2024-03-19 18:00:00,DC_1,21.32,72.9,64.71,80.09,450.29,23.32,57.9,49.71,76.01517597,5.09
2024-03-19 20:30:00,DC_1,23.59,64.91,59.85,49.53,381.21,23.59,49.91,44.85,48.39529604,2.29
2024-03-19 23:00:00,DC_1,20.93,56.13,60.46,35.9,298.01,23.43,41.13,45.46,34.33216869,4.37
2024-03-20 01:30:00,DC_1,21.33,50.94,50.41,27.11,280.08,23.33,35.94,39.6,25.72816279,5.1
2024-03-20 04:00:00,DC_1,22.45,55.34,51.06,16.96,176.83,23.45,40.34,36.06,15.06625419,11.17
2024-03-20 06:30:00,DC_1,22.11,48.85,43.49,17.58,177.98,23.11,33.85,30.0,15.91031601,9.5
2024-03-20 09:00:00,DC_1,21.65,63.36,44.4,24.89,194.14,23.15,48.36,30.0,22.49444138,9.62
2024-03-20 11:30:00,DC_1,21.95,55.84,56.38,35.17,244.6,23.45,40.84,41.38,33.50354178,4.74
2024-03-20 14:00:00,DC_1,25.29,59.27,54.01,44.38,318.01,25.29,44.27,39.01,42.62062702,3.96
2024-03-20 16:30:00,DC_1,23.56,63.85,59.76,53.0,360.72,23.56,48.85,44.76,51.80248312,2.26
2024-03-20 19:00:00,DC_1,24.82,65.5,51.2,47.01,347.61,24.82,50.5,36.2,44.86937536,4.55
2024-03-20 21:30:00,DC_1,25.3,63.39,56.22,41.5,375.25,25.3,48.39,41.22,40.76159697,1.78
2024-03-21 00:00:00,DC_1,23.57,55.9,46.83,21.17,255.49,23.57,40.9,31.83,20.67256286,2.35
2024-03-21 02:30:00,DC_1,22.14,54.98,53.29,21.84,220.02,23.14,39.98,38.29,21.74836789,0.42
2024-03-21 05:00:00,DC_1,21.34,48.61,42.99,12.93,160.28,23.34,33.61,30.0,12.71859921,1.63
2024-03-21 07:30:00,DC_1,21.87,54.99,50.44,13.47,155.22,21.87,54.99,50.44,13.47,0.0
2024-03-21 10:00:00,DC_1,22.8,60.44,50.41,29.38,226.54,23.3,45.44,30.0,26.54735416,9.64
2024-03-21 12:30:00,DC_1,23.14,58.33,55.55,32.96,260.81,23.14,43.33,40.55,31.93453915,3.11
2024-03-21 15:00:00,DC_1,24.35,56.71,51.71,56.02,330.59,24.35,41.71,36.71,52.49014038,6.3
2024-03-21 17:30:00,DC_1,22.66,74.86,63.31,64.25,423.5,23.16,59.86,48.31,62.02506031,3.46
2024-03-21 20:00:00,DC_1,23.91,68.28,65.08,52.01,402.81,23.91,53.28,50.08,51.51272011,0.96
2024-03-21 22:30:00,DC_1,21.76,65.85,59.06,39.79,312.76,23.26,50.85,44.06,37.85274224,4.87
2024-03-22 01:00:00,DC_1,21.84,60.69,53.73,36.95,268.38,23.34,45.69,38.73,34.63617289,6.26
2024-03-22 03:30:00,DC_1,22.23,44.03,46.46,13.83,144.38,23.23,30.0,31.46,13.26926465,4.05
2024-03-22 06:00:00,DC_1,22.31,55.89,45.24,21.21,199.98,23.31,40.89,30.24,18.7429759,11.63
2024-03-22 08:30:00,DC_1,25.43,43.35,45.66,13.8,166.63,25.43,30.0,30.66,13.33878373,3.34
2024-03-22 11:00:00,DC_1,23.57,54.52,52.66,16.12,191.74,23.57,39.52,37.66,15.6945594,2.64
2024-03-22 13:30:00,DC_1,22.7,51.38,53.84,38.06,276.1,23.2,36.38,38.84,34.93340754,8.21
2024-03-22 16:00:00,DC_1,22.44,69.25,57.41,53.83,379.37,23.44,54.25,42.41,51.66860443,4.02
2024-03-22 18:30:00,DC_1,24.39,65.0,60.3,50.92,398.44,24.39,50.0,45.3,49.67756517,2.44
2024-03-22 21:00:00,DC_1,25.49,66.35,48.94,46.11,340.69,25.49,66.35,48.94,46.11,0.0
2024-03-22 23:30:00,DC_1,23.2,53.55,49.01,25.61,268.35,23.2,38.55,34.01,25.03585826,2.24
2024-03-23 02:00:00,DC_1,22.91,52.82,47.17,22.06,224.48,23.41,37.82,32.17,21.18824918,3.95
2024-03-23 04:30:00,DC_1,25.25,42.06,42.37,11.86,149.64,25.25,30.0,30.0,10.79538059,8.98
2024-03-23 07:00:00,DC_1,23.35,49.24,47.21,14.56,166.13,23.35,34.24,32.21,12.86387447,11.65
2024-03-23 09:30:00,DC_1,25.44,45.85,33.69,14.14,188.25,25.44,45.85,33.69,14.13993622,0.0
2024-03-23 12:00:00,DC_1,24.27,52.16,46.73,18.45,165.09,24.27,37.16,31.73,17.76788618,3.7
2024-03-23 14:30:00,DC_1,22.6,67.35,57.23,28.92,216.61,23.1,52.35,42.23,28.04940256,3.01
2024-03-23 17:00:00,DC_1,27.64,51.1,42.08,29.38,285.72,27.64,51.1,42.08,29.37774391,0.01
2024-03-23 19:30:00,DC_1,25.49,63.72,49.23,33.36,277.75,25.49,48.72,34.23,30.72823214,7.89
2024-03-23 22:00:00,DC_1,21.91,53.78,47.62,28.5,225.12,23.41,38.78,32.62,26.63183118,6.55
2024-03-24 00:30:00,DC_1,24.37,49.51,43.79,21.46,212.99,24.37,34.51,30.0,19.70540216,8.18
2024-03-24 03:00:00,DC_1,16.76,48.84,50.16,19.41,183.34,19.26,33.84,35.16,17.5054459,9.81
2024-03-24 05:30:00,DC_1,16.84,58.2,54.87,20.49,158.26,19.34,43.2,39.87,18.54462187,9.49
2024-03-24 08:00:00,DC_1,22.65,50.53,39.23,18.97,178.02,23.15,35.53,30.0,17.82736609,6.02
2024-03-24 10:30:00,DC_1,24.96,44.12,45.29,16.14,192.76,24.96,44.12,45.29,16.14,0.0
2024-03-24 13:00:00,DC_1,20.07,66.72,61.09,52.16,334.52,22.57,51.72,46.09,49.32587093,5.43
2024-03-24 15:30:00,DC_1,22.86,54.44,51.33,32.69,223.15,23.36,39.44,36.33,31.96522672,2.22
2024-03-24 18:00:00,DC_1,21.68,63.74,56.72,44.61,291.71,23.18,48.74,41.72,42.57754019,4.56
2024-03-24 20:30:00,DC_1,22.93,63.36,56.66,31.34,272.6,23.43,48.36,41.66,30.21893366,3.58
2024-03-24 23:00:00,DC_1,21.43,63.19,50.64,22.33,224.73,23.43,48.19,35.64,20.97077049,6.09
2024-03-25 01:30:00,DC_1,20.85,54.52,48.37,18.37,196.39,23.35,39.52,33.37,16.8061527,8.51
2024-03-25 04:00:00,DC_1,23.24,49.38,41.95,16.29,170.38,23.24,34.38,30.0,16.08941623,1.23
2024-03-25 06:30:00,DC_1,22.72,49.49,46.16,15.64,170.0,23.22,34.49,31.16,15.03578945,3.86
2024-03-25 09:00:00,DC_1,23.66,54.37,45.06,18.25,183.79,23.66,39.37,30.06,17.60047609,3.56
2024-03-25 11:30:00,DC_1,23.25,60.39,51.7,30.64,223.06,23.25,45.39,36.7,29.24349128,4.56
2024-03-25 14:00:00,DC_1,24.19,57.83,49.1,28.59,250.16,24.19,42.83,34.1,26.8524679,6.08
2024-03-25 16:30:00,DC_1,22.88,69.34,67.24,67.72,441.72,23.38,54.34,52.24,65.76871435,2.88
2024-03-25 19:00:00,DC_1,20.59,75.8,58.08,61.76,386.96,23.09,60.8,43.08,56.94216861,7.8
2024-03-25 21:30:00,DC_1,20.77,61.11,72.98,45.07,361.02,23.27,46.11,57.98,41.96928654,6.88
2024-03-26 00:00:00,DC_1,22.76,59.17,45.9,32.88,268.4,23.26,44.17,30.9,31.18599008,5.15
2024-03-26 02:30:00,DC_1,20.84,56.75,55.58,21.25,228.58,23.34,41.75,40.58,20.36157624,4.18
2024-03-26 05:00:00,DC_1,22.67,50.42,47.92,16.14,175.67,23.17,35.42,32.92,14.91727304,7.58
2024-03-26 07:30:00,DC_1,21.71,51.81,43.94,15.16,170.19,23.21,36.81,30.0,13.84923904,8.65
2024-03-26 10:00:00,DC_1,21.54,59.63,60.86,21.9,170.35,23.04,44.63,45.86,21.13431249,3.5
2024-03-26 12:30:00,DC_1,16.54,79.91,70.7,60.94,282.96,19.04,64.91,55.7,56.66610961,7.01
2024-03-26 15:00:00,DC_1,22.04,69.43,69.03,48.4,316.0,23.04,54.43,54.03,45.98282106,4.99
2024-03-26 17:30:00,DC_1,25.82,68.1,50.41,56.56,395.48,25.82,53.1,45.6,54.39426795,3.83
2024-03-26 20:00:00,DC_1,22.42,68.85,64.32,49.51,353.18,23.42,53.85,49.32,47.68576956,3.68
2024-03-26 22:30:00,DC_1,27.02,55.34,43.74,26.09,301.57,27.02,40.34,30.0,25.11402349,3.74
2024-03-27 01:00:00,DC_1,23.78,53.74,49.9,25.4,258.54,23.78,38.74,34.9,24.93796922,1.82
2024-03-27 03:30:00,DC_1,23.24,53.01,44.73,19.45,183.94,23.24,38.01,30.0,18.24538073,6.19
2024-03-27 06:00:00,DC_1,22.73,58.04,48.49,17.23,177.31,23.23,43.04,33.49,15.72092249,8.76
2024-03-27 08:30:00,DC_1,21.52,59.07,50.85,19.87,190.8,21.52,59.07,50.85,19.86921497,0.0
2024-03-27 11:00:00,DC_1,22.0,52.63,48.99,24.07,220.66,23.0,37.63,33.99,23.65714155,1.72
2024-03-27 13:30:00,DC_1,23.9,58.81,44.0,32.48,231.17,23.9,43.81,30.0,32.1244613,1.09
2024-03-27 16:00:00,DC_1,23.17,67.09,63.19,51.14,361.6,23.17,52.09,48.19,50.12241532,1.99
2024-03-27 18:30:00,DC_1,28.61,54.89,53.31,48.23,373.75,28.61,54.89,53.31,48.23,0.0
2024-03-27 21:00:00,DC_1,24.68,57.39,52.99,48.27,333.25,24.68,42.39,37.99,48.19378077,0.16
2024-03-27 23:30:00,DC_1,23.1,65.39,52.23,25.61,278.97,23.1,50.39,37.23,25.31568147,1.15
2024-03-28 02:00:00,DC_1,25.59,42.4,44.99,23.17,214.49,25.59,42.4,44.99,23.17,0.0
2024-03-28 04:30:00,DC_1,23.29,51.76,52.6,15.37,165.02,23.29,36.76,37.6,13.78282188,10.33
2024-03-28 07:00:00,DC_1,24.21,44.18,52.66,12.85,165.6,24.21,30.0,37.66,12.00291615,6.59
2024-03-28 09:30:00,DC_1,22.01,56.61,51.06,22.93,185.18,23.01,41.61,36.06,22.68189735,1.08
2024-03-28 12:00:00,DC_1,17.29,67.49,55.84,38.93,237.89,19.79,52.49,40.84,35.45480579,8.93
2024-03-28 14:30:00,DC_1,22.57,62.68,59.85,38.58,278.09,23.07,47.68,44.85,37.59504417,2.55
2024-03-28 17:00:00,DC_1,18.05,80.24,67.94,81.08,406.18,20.55,65.24,52.94,73.82184105,8.95
2024-03-28 19:30:00,DC_1,24.93,61.8,61.41,50.76,377.0,24.93,46.8,46.41,46.87375471,7.66
2024-03-28 22:00:00,DC_1,21.87,64.89,58.55,41.76,320.33,23.37,49.89,43.55,39.56962988,5.25
2024-03-29 00:30:00,DC_1,21.9,60.75,55.12,28.78,261.52,23.4,45.75,40.12,25.5254006,11.31
2024-03-29 03:00:00,DC_1,23.02,52.06,44.36,17.21,169.84,23.02,37.06,30.0,16.65476537,3.23
2024-03-29 05:30:00,DC_1,23.29,47.56,41.21,16.85,184.07,23.29,32.56,30.0,16.44587741,2.4
2024-03-29 08:00:00,DC_1,22.93,54.83,45.47,14.43,162.21,22.93,54.83,45.47,14.43,0.0
2024-03-29 10:30:00,DC_1,25.05,55.35,39.88,21.85,205.3,25.05,40.35,30.0,21.36747614,2.21
2024-03-29 13:00:00,DC_1,24.46,49.02,61.07,39.96,295.92,24.46,34.02,46.07,36.56167663,8.5
2024-03-29 15:30:00,DC_1,21.01,73.5,68.95,73.87,397.04,23.01,58.5,53.95,67.81787013,8.19
2024-03-29 18:00:00,DC_1,21.73,71.53,67.6,55.14,375.25,23.23,56.53,52.6,52.75949402,4.32
2024-03-29 20:30:00,DC_1,24.96,54.74,60.72,45.86,349.85,24.96,39.74,45.72,44.79913676,2.31
2024-03-29 23:00:00,DC_1,18.03,61.85,66.39,46.16,301.16,20.53,46.85,51.39,41.86748066,9.3
2024-03-30 01:30:00,DC_1,24.78,41.71,41.49,15.58,205.3,24.78,30.0,30.0,14.01831459,10.02
2024-03-30 04:00:00,DC_1,22.01,45.08,51.9,15.27,191.16,22.01,45.08,51.9,15.27,0.0
2024-03-30 06:30:00,DC_1,21.2,56.55,42.22,19.43,158.77,23.2,41.55,30.0,16.88632354,13.09
2024-03-30 09:00:00,DC_1,16.09,59.42,57.57,25.59,157.99,18.59,44.42,42.57,21.31647277,16.7
2024-03-30 11:30:00,DC_1,25.26,51.77,47.62,21.37,197.55,25.26,51.77,47.62,21.37,0.0
2024-03-30 14:00:00,DC_1,23.02,64.69,50.79,40.07,310.0,23.02,49.69,35.79,39.68802466,0.95
2024-03-30 16:30:00,DC_1,24.79,52.76,49.46,23.3,243.22,24.79,37.76,34.46,22.04462343,5.39
2024-03-30 19:00:00,DC_1,21.25,68.07,50.41,35.54,300.97,23.25,53.07,44.19,33.78202871,4.95
2024-03-30 21:30:00,DC_1,22.93,55.33,55.08,26.42,259.69,23.43,48.58,40.08,24.83054819,6.02
2024-03-31 00:00:00,DC_1,23.22,61.79,44.74,24.35,219.74,23.22,46.79,30.0,23.26220204,4.47
2024-03-31 02:30:00,DC_1,23.45,47.81,38.6,12.88,162.07,23.45,32.81,30.0,12.85711183,0.18
2024-03-31 05:00:00,DC_1,28.32,53.66,34.98,17.41,167.01,28.32,38.66,30.0,15.15551409,12.95
2024-03-31 07:30:00,DC_1,25.01,44.03,41.26,12.41,149.74,25.01,30.0,30.0,12.01954293,3.15
2024-03-31 10:00:00,DC_1,21.62,50.26,48.76,17.93,169.83,23.12,35.26,33.76,15.65376969,12.7
2024-03-31 12:30:00,DC_1,23.61,48.03,49.66,20.63,209.22,23.61,33.03,34.66,19.87613427,3.65
2024-03-31 15:00:00,DC_1,21.38,66.95,56.17,32.27,239.81,23.38,51.95,41.17,31.90973987,1.12
2024-03-31 17:30:00,DC_1,24.73,62.52,50.45,36.2,277.53,24.73,47.52,35.45,34.51787159,4.65
2024-03-31 20:00:00,DC_1,21.24,61.02,50.09,39.1,261.5,23.24,46.02,35.09,36.37400264,6.97
2024-03-31 22:30:00,DC_1,23.52,60.53,61.25,34.29,322.9,23.52,45.53,46.25,34.06788475,0.65
2024-04-01 01:00:00,DC_1,21.84,52.42,51.09,24.76,213.64,23.34,37.42,36.09,21.25661554,14.15
2024-04-01 03:30:00,DC_1,24.69,50.39,42.4,11.22,186.75,24.69,50.39,42.4,11.22,0.0
2024-04-01 06:00:00,DC_1,22.2,55.6,51.26,21.47,175.37,23.2,40.6,36.26,18.31496338,14.7
2024-04-01 08:30:00,DC_1,22.95,63.38,42.08,23.1,217.42,22.95,63.38,42.08,23.09923329,0.0
2024-04-01 11:00:00,DC_1,21.46,67.09,53.7,39.0,303.29,23.46,52.09,38.7,38.17059786,2.13
2024-04-01 13:30:00,DC_1,24.51,56.69,46.65,29.96,232.85,24.51,41.69,31.65,28.44386549,5.06
2024-04-01 16:00:00,DC_1,21.22,70.82,60.32,65.6,351.11,23.22,55.82,45.32,61.74892232,5.87
2024-04-01 18:30:00,DC_1,21.54,66.41,66.09,61.03,433.16,23.04,51.41,51.09,57.29252143,6.12
2024-04-01 21:00:00,DC_1,23.83,66.33,56.1,56.07,383.17,23.83,51.33,41.1,54.99850616,1.91
2024-04-01 23:30:00,DC_1,23.31,57.78,56.12,39.94,293.94,23.31,42.78,41.12,36.72082604,8.06
2024-04-02 02:00:00,DC_1,23.59,59.04,49.46,22.91,242.61,23.59,44.04,34.46,20.90360469,8.76
2024-04-02 04:30:00,DC_1,21.78,46.92,48.63,23.36,200.13,23.28,31.92,33.63,21.12207766,9.58
2024-04-02 07:00:00,DC_1,22.66,61.72,44.53,16.38,166.16,23.16,46.72,30.0,14.25764015,12.96
2024-04-02 09:30:00,DC_1,25.14,48.25,44.48,14.09,167.26,25.14,33.25,30.0,12.28794409,12.79
2024-04-02 12:00:00,DC_1,22.93,60.53,52.43,30.61,254.78,23.43,45.53,37.43,29.80425498,2.63
2024-04-02 14:30:00,DC_1,21.95,70.11,61.23,62.06,345.49,23.45,55.11,46.23,58.4757244,5.78
2024-04-02 17:00:00,DC_1,22.88,75.72,67.95,78.7,450.45,23.38,60.72,52.95,76.84045248,2.36
2024-04-02 19:30:00,DC_1,22.65,61.45,67.23,57.85,353.33,23.15,46.45,52.23,56.88238292,1.67
2024-04-02 22:00:00,DC_1,24.06,59.46,57.75,42.44,321.24,24.06,44.46,42.75,39.2718793,7.46
2024-04-03 00:30:00,DC_1,23.54,58.28,52.1,24.68,274.75,23.54,43.28,37.1,24.62317923,0.23
2024-04-03 03:00:00,DC_1,23.73,43.11,52.01,15.97,213.51,23.73,43.11,52.01,15.96988207,0.0
2024-04-03 05:30:00,DC_1,24.45,43.82,41.63,13.95,170.09,24.45,30.0,30.0,12.82252825,8.08
2024-04-03 08:00:00,DC_1,24.4,50.27,36.89,16.24,161.86,24.4,35.27,30.0,14.90635516,8.21
2024-04-03 10:30:00,DC_1,22.87,50.48,49.45,21.89,207.87,23.37,35.48,34.45,20.32158265,7.16
2024-04-03 13:00:00,DC_1,22.45,57.41,58.22,30.64,249.78,23.45,42.41,43.22,30.17319607,1.52
2024-04-03 15:30:00,DC_1,20.82,66.96,63.48,56.11,342.49,23.32,51.96,48.48,53.1776558,5.23
2024-04-03 18:00:00,DC_1,16.97,85.55,74.35,104.3,468.89,19.47,70.55,59.35,97.87298639,6.16
2024-04-03 20:30:00,DC_1,26.86,57.4,53.63,42.19,368.7,26.86,42.4,38.63,39.93731747,5.34
2024-04-03 23:00:00,DC_1,21.77,70.57,67.62,63.51,426.05,23.27,55.57,52.62,60.35422327,4.97
2024-04-04 01:30:00,DC_1,23.78,60.35,47.33,33.76,285.35,23.78,45.35,32.33,31.22627125,7.51
2024-04-04 04:00:00,DC_1,24.16,50.69,42.19,19.6,184.14,24.16,35.69,30.0,18.14880593,7.4
2024-04-04 06:30:00,DC_1,24.94,51.73,42.33,12.56,163.35,24.94,36.73,30.0,12.02489085,4.26
2024-04-04 09:00:00,DC_1,23.53,51.64,50.79,18.37,179.57,23.53,51.64,50.79,18.37,0.0
2024-04-04 11:30:00,DC_1,22.91,58.41,57.61,28.62,242.29,22.91,58.41,57.61,28.62,0.0
2024-04-04 14:00:00,DC_1,23.73,52.71,58.55,33.46,287.98,23.73,37.71,43.55,31.42369242,6.09
2024-04-04 16:30:00,DC_1,25.94,59.82,58.95,45.41,339.72,25.94,44.82,43.95,43.34813538,4.54
2024-04-04 19:00:00,DC_1,24.58,65.27,58.3,44.86,381.36,24.58,50.27,43.3,42.90043522,4.37
2024-04-04 21:30:00,DC_1,22.62,67.66,59.6,47.91,371.11,23.12,52.66,44.6,45.93534338,4.12
2024-04-05 00:00:00,DC_1,23.1,65.17,50.14,34.18,296.86,23.1,50.17,35.14,33.52405651,1.92
2024-04-05 02:30:00,DC_1,22.59,55.71,47.45,18.39,213.35,23.09,40.71,32.45,17.05948129,7.24
2024-04-05 05:00:00,DC_1,23.64,42.87,43.48,12.65,160.28,23.64,30.0,30.0,10.84849039,14.24
2024-04-05 07:30:00,DC_1,22.92,47.89,45.18,12.22,153.77,22.92,47.89,45.18,12.21884593,0.01
2024-04-05 10:00:00,DC_1,25.43,55.33,47.77,19.58,198.76,25.43,49.81,47.77,19.58,0.0
2024-04-05 12:30:00,DC_1,23.84,55.96,58.09,23.73,237.95,23.84,55.96,58.09,23.72694552,0.01
2024-04-05 15:00:00,DC_1,24.53,64.1,56.87,46.55,340.58,24.53,64.1,56.87,46.55,0.0
2024-04-05 17:30:00,DC_1,24.73,60.82,60.15,52.44,356.96,24.73,45.82,45.15,50.69756608,3.32
2024-04-05 20:00:00,DC_1,23.34,70.19,52.69,53.12,374.65,23.34,55.19,37.69,49.87411147,6.11
2024-04-05 22:30:00,DC_1,22.24,58.02,61.25,29.21,307.09,23.24,43.02,46.25,27.45245582,6.02
2024-04-06 01:00:00,DC_1,24.34,54.35,41.23,14.07,192.55,24.34,54.35,41.23,14.06592715,0.03
2024-04-06 03:30:00,DC_1,22.9,52.47,48.83,13.55,164.66,23.4,37.47,33.83,13.51970529,0.22
2024-04-06 06:00:00,DC_1,24.2,44.03,43.84,19.64,160.44,24.2,30.0,30.0,18.5398504,5.6
2024-04-06 08:30:00,DC_1,24.07,49.62,40.57,12.89,142.68,24.07,34.62,30.0,12.45339555,3.39
2024-04-06 11:00:00,DC_1,23.32,43.86,46.25,21.52,190.17,23.32,30.0,31.25,20.58860922,4.33
2024-04-06 13:30:00,DC_1,23.22,49.5,47.31,22.77,188.69,23.22,34.5,32.31,20.36721834,10.55
2024-04-06 16:00:00,DC_1,22.72,62.4,55.62,34.83,250.28,23.22,47.4,40.62,33.47012461,3.9
2024-04-06 18:30:00,DC_1,22.31,57.4,54.27,28.37,256.26,23.31,42.4,39.27,26.0241839,8.27
2024-04-06 21:00:00,DC_1,20.56,58.05,57.79,33.58,253.12,23.06,43.05,42.79,28.85027468,14.08
2024-04-06 23:30:00,DC_1,22.76,51.91,48.44,18.78,222.28,23.26,36.91,33.44,17.41915608,7.25
2024-04-07 02:00:00,DC_1,21.07,51.68,54.79,21.44,197.5,23.07,36.68,39.79,18.37297587,14.31
2024-04-07 04:30:00,DC_1,22.99,53.56,44.61,23.95,252.81,23.49,38.56,30.0,22.93541821,4.24
2024-04-07 07:00:00,DC_1,23.0,48.46,36.87,12.0,157.8,23.0,33.46,30.0,11.85084017,1.24
2024-04-07 09:30:00,DC_1,22.88,53.42,51.2,19.3,167.1,23.38,38.42,36.2,16.83847048,12.75
2024-04-07 12:00:00,DC_1,23.53,48.61,45.41,20.94,190.32,23.53,33.61,30.41,20.35522525,2.79
2024-04-07 14:30:00,DC_1,20.81,62.61,58.97,36.05,243.48,23.31,47.61,43.97,31.73163559,11.98
2024-04-07 17:00:00,DC_1,21.85,55.36,51.31,33.07,228.3,23.35,40.36,36.31,31.12341052,5.89
2024-04-07 19:30:00,DC_1,25.17,53.83,43.29,34.68,291.71,25.17,38.83,30.0,33.64182394,2.99
2024-04-07 22:00:00,DC_1,21.6,58.91,52.83,30.68,265.98,23.1,43.91,37.83,28.40151592,7.43
2024-04-08 00:30:00,DC_1,23.28,59.44,47.75,32.88,295.47,23.28,44.44,32.75,32.57987403,0.91
2024-04-08 03:00:00,DC_1,24.1,50.29,38.6,18.42,210.57,24.1,50.29,38.6,18.41936271,0.0
2024-04-08 05:30:00,DC_1,23.8,46.93,50.62,14.04,159.56,23.8,31.93,35.62,14.01264018,0.19
2024-04-08 08:00:00,DC_1,25.98,48.39,38.78,14.63,156.81,25.98,33.39,30.0,13.41708567,8.29
2024-04-08 10:30:00,DC_1,20.93,55.25,54.85,32.5,211.65,23.43,40.25,39.85,29.23252335,10.05
2024-04-08 13:00:00,DC_1,21.89,60.34,58.88,36.65,253.26,23.39,45.34,43.88,33.68569988,8.09
2024-04-08 15:30:00,DC_1,23.36,71.04,57.42,46.67,375.07,23.36,56.04,42.42,45.34444885,2.84
2024-04-08 18:00:00,DC_1,24.73,66.47,61.16,55.66,421.77,24.73,51.47,46.16,54.0556352,2.88
2024-04-08 20:30:00,DC_1,23.13,58.9,55.58,46.94,345.64,23.13,43.9,40.58,43.71083525,6.88
2024-04-08 23:00:00,DC_1,22.14,63.12,57.47,38.54,302.19,23.14,48.12,42.47,36.14204665,6.22
2024-04-09 01:30:00,DC_1,23.71,60.2,46.53,30.75,297.32,23.71,45.2,31.53,29.28768865,4.76
2024-04-09 04:00:00,DC_1,22.21,55.33,50.56,14.78,163.82,23.21,42.35,35.56,12.67344536,14.25
2024-04-09 06:30:00,DC_1,21.94,52.62,45.64,15.61,160.98,23.44,37.62,30.64,13.79948683,11.6
2024-04-09 09:00:00,DC_1,22.94,46.95,43.28,17.09,176.51,22.94,46.95,43.28,17.09,0.0
2024-04-09 11:30:00,DC_1,20.75,67.52,57.89,30.01,225.39,23.25,52.52,42.89,29.28878097,2.4
2024-04-09 14:00:00,DC_1,16.73,63.78,66.34,47.59,258.82,19.23,48.78,51.34,44.60104469,6.28
2024-04-09 16:30:00,DC_1,21.98,66.54,58.29,60.65,369.72,23.48,51.54,43.29,59.75851645,1.47
2024-04-09 19:00:00,DC_1,21.97,64.71,60.67,49.72,352.53,23.47,49.71,45.67,47.45046419,4.56
2024-04-09 21:30:00,DC_1,20.37,60.31,73.02,44.68,332.09,22.87,45.31,58.02,41.21282126,7.76
2024-04-10 00:00:00,DC_1,22.62,54.84,54.08,32.95,276.95,23.12,39.84,39.08,31.1859115,5.35
2024-04-10 02:30:00,DC_1,19.67,60.78,54.87,26.94,219.42,22.17,45.78,39.87,24.75078113,8.13
2024-04-10 05:00:00,DC_1,22.72,47.73,44.25,17.55,181.11,22.72,47.73,44.25,17.55,0.0
2024-04-10 07:30:00,DC_1,22.97,50.39,42.95,17.97,181.83,23.47,35.39,30.0,16.15623957,10.09
2024-04-10 10:00:00,DC_1,17.72,63.87,56.94,29.01,186.58,20.22,48.87,41.94,27.23599064,6.12
2024-04-10 12:30:00,DC_1,21.74,62.26,55.87,33.57,239.11,23.24,47.26,40.87,30.64096219,8.73
2024-04-10 15:00:00,DC_1,23.38,65.18,62.92,45.58,337.34,23.38,50.18,47.92,43.9454645,3.59
2024-04-10 17:30:00,DC_1,23.41,70.29,56.12,49.18,376.45,23.41,55.29,41.12,48.18729894,2.02
2024-04-10 20:00:00,DC_1,22.66,73.55,61.97,57.8,388.02,23.16,58.55,46.97,56.14641293,2.86
2024-04-10 22:30:00,DC_1,22.66,58.7,59.73,40.09,322.38,23.16,43.7,44.73,39.540295,1.37
2024-04-11 01:00:00,DC_1,24.41,57.34,50.0,41.41,378.99,24.41,42.34,35.0,39.57333587,4.44
2024-04-11 03:30:00,DC_1,23.54,56.03,45.14,15.33,172.78,23.54,41.03,30.14,14.2925749,6.77
2024-04-11 06:00:00,DC_1,23.78,45.01,39.95,12.88,166.44,23.78,30.01,30.0,12.55887759,2.49
2024-04-11 08:30:00,DC_1,21.97,55.19,49.91,18.31,173.65,23.47,40.19,34.91,17.11460008,6.53
2024-04-11 11:00:00,DC_1,23.3,56.04,50.37,28.18,214.77,23.3,41.04,35.37,25.48810886,9.55
2024-04-11 13:30:00,DC_1,22.58,57.93,58.07,31.12,250.79,23.08,42.93,43.07,28.63112369,8.0
2024-04-11 16:00:00,DC_1,22.09,63.81,60.13,67.72,403.53,23.09,48.81,45.13,64.59750827,4.61
2024-04-11 18:30:00,DC_1,22.44,67.29,67.94,48.12,376.98,23.44,52.29,52.94,45.66986205,5.09
2024-04-11 21:00:00,DC_1,21.57,54.16,55.36,44.75,305.48,23.07,39.16,40.36,42.98825086,3.94
2024-04-11 23:30:00,DC_1,24.55,51.21,51.2,28.66,300.16,24.55,36.21,36.2,28.26973003,1.36
2024-04-12 02:00:00,DC_1,21.91,47.48,51.8,19.03,212.55,21.91,47.48,51.8,19.03,0.0
2024-04-12 04:30:00,DC_1,22.21,60.71,47.55,20.05,193.37,23.21,45.71,32.55,19.69454822,1.77
2024-04-12 07:00:00,DC_1,21.25,52.42,54.38,15.64,151.2,23.25,37.42,39.38,14.45602388,7.57
2024-04-12 09:30:00,DC_1,23.28,53.29,53.94,22.19,223.73,23.28,38.29,38.94,21.17383074,4.58
2024-04-12 12:00:00,DC_1,21.56,65.06,64.59,49.16,290.33,23.06,50.06,49.59,45.65898802,7.12
2024-04-12 14:30:00,DC_1,22.84,59.37,55.13,37.57,270.2,23.34,44.37,40.13,34.09598551,9.25
2024-04-12 17:00:00,DC_1,22.41,57.93,69.02,51.43,348.97,22.41,57.93,69.02,51.43,0.0
2024-04-12 19:30:00,DC_1,17.8,68.81,65.81,60.8,362.32,20.3,53.81,50.81,56.90374939,6.41
2024-04-12 22:00:00,DC_1,23.17,60.64,55.52,43.42,329.01,23.17,45.64,40.52,42.47027034,2.19
2024-04-13 00:30:00,DC_1,22.39,53.45,49.71,25.61,207.9,23.39,38.45,34.71,22.71566584,11.3
2024-04-13 03:00:00,DC_1,24.33,43.75,40.79,10.16,138.81,24.33,30.0,30.0,10.11879136,0.41
2024-04-13 05:30:00,DC_1,23.07,52.74,44.78,13.56,155.35,23.07,52.74,44.78,13.55607331,0.03
2024-04-13 08:00:00,DC_1,22.34,56.25,46.03,18.43,158.27,23.34,41.25,31.03,16.60924792,9.88
2024-04-13 10:30:00,DC_1,24.01,49.64,47.44,19.42,191.56,24.01,34.64,32.44,18.30826287,5.72
2024-04-13 13:00:00,DC_1,22.51,56.81,47.35,22.69,186.58,23.01,41.81,32.35,21.88990095,3.53
2024-04-13 15:30:00,DC_1,24.55,57.67,57.94,24.27,218.25,24.55,57.67,57.94,24.26869195,0.01
2024-04-13 18:00:00,DC_1,22.55,62.75,58.43,36.24,280.71,23.05,47.75,43.43,34.47179197,4.88
2024-04-13 20:30:00,DC_1,25.5,48.86,55.91,31.32,268.16,25.5,33.86,40.91,30.82132208,1.59
2024-04-13 23:00:00,DC_1,22.67,56.24,45.79,18.74,223.72,22.67,56.24,45.79,18.73899207,0.01
2024-04-14 01:30:00,DC_1,22.34,49.23,46.65,30.92,279.29,23.34,34.23,31.65,29.77572908,3.7
2024-04-14 04:00:00,DC_1,22.59,43.59,51.0,19.18,176.45,23.09,30.0,36.0,16.7053022,12.9
2024-04-14 06:30:00,DC_1,27.94,49.05,40.35,12.38,160.39,27.94,49.05,40.35,12.37742073,0.02
2024-04-14 09:00:00,DC_1,19.94,59.48,56.35,24.21,184.23,22.44,44.48,41.35,22.48789994,7.11
2024-04-14 11:30:00,DC_1,21.74,55.93,58.31,25.37,203.62,23.24,40.93,43.31,23.39292101,7.79
2024-04-14 14:00:00,DC_1,23.7,53.15,49.97,19.34,207.61,23.7,38.15,34.97,18.82878423,2.64
2024-04-14 16:30:00,DC_1,23.51,54.5,46.85,27.69,232.64,23.51,54.5,46.85,27.69,0.0
2024-04-14 19:00:00,DC_1,23.13,62.68,58.55,37.8,294.8,23.13,47.68,43.55,36.14208698,4.39
2024-04-14 21:30:00,DC_1,23.28,60.78,57.43,25.22,264.1,23.28,45.78,42.43,24.05808369,4.61
2024-04-15 00:00:00,DC_1,20.13,56.98,60.48,41.4,288.5,22.63,41.98,45.48,38.94690827,5.93
2024-04-15 02:30:00,DC_1,24.03,49.65,41.39,13.87,194.22,24.03,49.65,41.39,13.87,0.0
2024-04-15 05:00:00,DC_1,21.99,50.23,43.2,15.73,179.77,23.49,35.23,30.0,14.83394465,5.7
2024-04-15 07:30:00,DC_1,22.13,50.18,50.32,18.6,182.48,23.13,35.18,35.32,17.20626593,7.49
2024-04-15 10:00:00,DC_1,23.44,52.62,46.79,22.18,169.71,23.44,37.62,31.79,20.77605377,6.33
2024-04-15 12:30:00,DC_1,21.42,61.04,61.78,35.06,258.97,23.42,46.04,46.78,33.12920697,5.51
2024-04-15 15:00:00,DC_1,24.64,61.66,58.01,43.64,343.66,24.64,46.66,43.01,43.14369548,1.14
2024-04-15 17:30:00,DC_1,23.46,69.78,65.1,61.31,416.94,23.46,54.78,50.1,60.35790033,1.55
2024-04-15 20:00:00,DC_1,22.91,59.57,58.11,46.4,342.67,23.41,44.57,43.11,44.28456227,4.56
2024-04-15 22:30:00,DC_1,28.83,53.27,45.95,41.24,371.95,28.83,45.27,30.95,39.1634536,5.04
2024-04-16 01:00:00,DC_1,21.71,57.92,52.45,27.88,255.78,23.21,42.92,37.45,27.36099483,1.86
2024-04-16 03:30:00,DC_1,25.51,50.72,46.22,16.84,173.84,25.51,35.72,31.22,14.65141385,13.0
2024-04-16 06:00:00,DC_1,24.26,44.67,35.94,16.75,180.9,24.26,44.67,35.94,16.7488606,0.01
2024-04-16 08:30:00,DC_1,24.44,49.97,39.85,13.28,174.88,24.44,34.97,30.0,12.59570378,5.15
2024-04-16 11:00:00,DC_1,22.33,62.5,58.96,33.34,258.61,23.33,47.5,43.96,30.71302341,7.88
2024-04-16 13:30:00,DC_1,22.97,58.32,58.56,33.25,252.64,23.47,43.32,43.56,30.96117671,6.88
2024-04-16 16:00:00,DC_1,22.79,71.08,62.45,50.35,345.04,23.29,56.08,47.45,49.23432503,2.22
2024-04-16 18:30:00,DC_1,21.17,68.19,60.58,50.31,346.22,23.17,53.19,45.58,45.33929743,9.88
2024-04-16 21:00:00,DC_1,23.72,60.15,52.34,36.02,327.58,23.72,45.15,37.34,33.38713352,7.31
2024-04-16 23:30:00,DC_1,21.3,63.76,62.98,39.7,320.62,23.3,48.76,47.98,38.03011161,4.21
2024-04-17 02:00:00,DC_1,23.42,50.73,49.95,22.85,242.51,23.42,35.73,34.95,19.76791709,13.49
2024-04-17 04:30:00,DC_1,21.47,52.07,48.0,15.14,161.67,23.47,37.07,33.0,14.36390421,5.13
2024-04-17 07:00:00,DC_1,23.06,51.66,41.77,13.86,152.58,23.06,51.66,41.77,13.86,0.0
2024-04-17 09:30:00,DC_1,21.3,50.67,55.13,17.15,175.21,23.3,35.67,40.13,15.82797107,7.71
2024-04-17 12:00:00,DC_1,24.42,48.54,46.72,23.36,236.15,24.42,33.54,31.72,22.59629407,3.27
2024-04-17 14:30:00,DC_1,21.83,65.68,63.66,40.21,282.25,23.33,50.68,48.66,37.98503699,5.53
2024-04-17 17:00:00,DC_1,23.01,81.36,66.95,94.94,503.16,23.01,66.36,51.95,92.30216057,2.78
2024-04-17 19:30:00,DC_1,23.64,67.31,66.17,66.47,412.73,23.64,52.31,51.17,64.83022394,2.47
2024-04-17 22:00:00,DC_1,25.51,61.67,64.75,65.27,477.73,25.51,46.67,49.75,63.91346826,2.08
2024-04-18 00:30:00,DC_1,23.8,53.95,50.39,27.72,261.15,23.8,38.95,35.39,26.38685292,4.81
2024-04-18 03:00:00,DC_1,22.16,55.3,44.16,24.49,214.94,23.16,40.3,30.0,22.46597182,8.26
2024-04-18 05:30:00,DC_1,24.3,41.31,35.5,11.28,170.3,24.3,30.0,30.0,11.24670054,0.3
2024-04-18 08:00:00,DC_1,20.33,47.55,52.67,15.72,158.85,22.83,32.55,37.67,15.60871786,0.71
2024-04-18 10:30:00,DC_1,21.82,57.58,50.31,19.49,182.36,23.32,42.58,35.31,18.80528269,3.51
2024-04-18 13:00:00,DC_1,22.9,57.95,57.66,42.45,287.0,23.4,42.95,42.66,39.30606067,7.41
2024-04-18 15:30:00,DC_1,21.19,66.03,53.53,51.06,340.78,23.19,51.03,38.53,48.85946899,4.31
2024-04-18 18:00:00,DC_1,23.38,69.73,64.62,71.31,441.34,23.38,54.73,49.62,67.11226997,5.89
2024-04-18 20:30:00,DC_1,22.67,68.86,60.98,55.74,384.26,23.17,53.86,45.98,54.45823403,2.3
2024-04-18 23:00:00,DC_1,22.45,65.13,59.43,32.63,298.23,23.45,50.13,44.43,30.64880701,6.07
2024-04-19 01:30:00,DC_1,24.67,48.79,42.46,22.19,233.35,24.67,33.79,30.0,20.93151126,5.67
2024-04-19 04:00:00,DC_1,21.26,50.19,43.79,14.85,162.22,23.26,35.19,30.0,14.13720422,4.8
2024-04-19 06:30:00,DC_1,23.43,45.22,39.81,12.5,169.81,23.43,45.22,39.81,12.5,0.0
2024-04-19 09:00:00,DC_1,23.94,58.01,44.84,20.23,171.58,23.94,43.01,30.0,18.50627133,8.52
2024-04-19 11:30:00,DC_1,23.74,51.77,45.91,20.4,189.17,23.74,36.77,30.91,18.86083359,7.54
2024-04-19 14:00:00,DC_1,21.09,64.89,58.51,45.65,286.27,23.09,49.89,43.51,41.9331255,8.14
2024-04-19 16:30:00,DC_1,21.48,65.51,62.12,65.57,436.6,23.48,50.51,47.12,62.21916113,5.11
2024-04-19 19:00:00,DC_1,24.46,60.46,73.52,68.42,463.96,24.46,45.46,58.52,67.91437035,0.74
2024-04-19 21:30:00,DC_1,25.06,57.09,50.26,36.11,360.5,25.06,42.09,35.26,33.95566001,5.97
2024-04-20 00:00:00,DC_1,25.13,52.95,57.12,30.54,335.01,25.13,37.95,42.12,29.96623307,1.88
2024-04-20 02:30:00,DC_1,24.46,47.07,40.32,16.49,164.81,24.46,32.07,30.0,16.44453604,0.28
2024-04-20 05:00:00,DC_1,22.51,49.28,49.32,16.33,175.67,23.01,34.28,34.32,15.21036562,6.86
2024-04-20 07:30:00,DC_1,22.38,45.05,41.86,12.29,148.71,23.38,30.05,30.0,11.15823934,9.21
2024-04-20 10:00:00,DC_1,20.67,59.82,56.66,27.07,172.86,23.17,44.82,41.66,24.45587196,9.66
2024-04-20 12:30:00,DC_1,24.27,51.92,48.08,21.99,182.85,24.27,36.92,33.08,19.02731245,13.47
2024-04-20 15:00:00,DC_1,22.3,64.48,54.22,38.77,257.76,23.3,49.48,39.22,35.97249397,7.22
2024-04-20 17:30:00,DC_1,22.61,55.33,52.81,36.62,283.86,23.11,43.77,37.81,33.90718814,7.41
2024-04-20 20:00:00,DC_1,22.64,61.57,46.4,38.46,293.49,23.14,61.57,31.4,38.37238726,0.23
2024-04-20 22:30:00,DC_1,22.84,59.97,53.0,23.77,276.02,23.34,44.97,38.0,21.93376125,7.73
2024-04-21 01:00:00,DC_1,25.3,55.54,56.13,27.46,275.39,25.3,55.54,56.13,27.46,0.0
2024-04-21 03:30:00,DC_1,16.01,58.28,52.34,22.39,158.32,18.51,43.28,37.34,19.70735382,11.98
2024-04-21 06:00:00,DC_1,23.71,42.72,44.96,16.36,159.54,23.71,30.0,30.0,14.21418547,13.12
2024-04-21 08:30:00,DC_1,22.97,54.73,48.4,17.8,164.39,22.97,54.73,48.4,17.79536838,0.03
2024-04-21 11:00:00,DC_1,17.52,64.38,62.1,26.05,162.19,20.02,49.38,47.1,23.45379664,9.97
2024-04-21 13:30:00,DC_1,21.42,62.9,50.74,35.38,228.08,23.42,47.9,35.74,31.88705196,9.87
2024-04-21 16:00:00,DC_1,23.52,57.11,53.23,33.76,268.05,23.52,42.11,38.23,31.8969996,5.52
2024-04-21 18:30:00,DC_1,28.36,54.83,49.52,35.42,269.45,28.36,39.83,34.52,35.03221872,1.09
2024-04-21 21:00:00,DC_1,21.41,62.72,52.91,31.52,253.12,23.41,47.72,37.91,29.43895474,6.6
2024-04-21 23:30:00,DC_1,24.76,59.48,43.35,19.2,247.72,24.76,44.48,30.0,17.91903803,6.67
2024-04-22 02:00:00,DC_1,28.47,50.32,50.28,22.66,221.94,28.47,35.32,35.28,22.13918958,2.3
2024-04-22 04:30:00,DC_1,22.85,48.71,45.72,15.46,180.82,23.35,33.71,30.72,13.2320653,14.41
2024-04-22 07:00:00,DC_1,24.21,50.87,50.69,19.77,222.82,24.21,35.87,35.69,19.31014153,2.33
2024-04-22 09:30:00,DC_1,22.07,54.05,43.86,19.72,188.17,23.07,39.05,30.0,17.47643425,11.38
2024-04-22 12:00:00,DC_1,21.43,58.02,50.44,31.76,254.28,23.43,43.02,35.44,31.648048,0.35
2024-04-22 14:30:00,DC_1,21.63,61.62,54.58,40.28,316.91,23.13,46.62,39.58,39.07901439,2.98
2024-04-22 17:00:00,DC_1,24.3,66.34,62.13,72.13,442.0,24.3,66.34,62.13,72.12934171,0.0
2024-04-22 19:30:00,DC_1,23.06,69.98,64.63,58.85,398.68,23.06,54.98,49.63,57.07569666,3.01
2024-04-22 22:00:00,DC_1,23.74,64.58,56.42,31.81,298.01,23.74,49.58,41.42,31.5766034,0.73
2024-04-23 00:30:00,DC_1,24.41,55.33,46.39,29.89,279.81,24.41,38.72,31.39,28.79950631,3.65
2024-04-23 03:00:00,DC_1,23.68,43.34,40.65,15.36,189.88,23.68,43.34,40.65,15.35525584,0.03
2024-04-23 05:30:00,DC_1,16.97,60.96,55.84,19.66,171.14,19.47,45.96,40.84,19.21958551,2.24
2024-04-23 08:00:00,DC_1,22.91,47.22,47.34,15.25,168.21,23.41,32.22,32.34,13.43554686,11.9
2024-04-23 10:30:00,DC_1,22.05,59.42,47.12,23.07,190.64,23.05,44.42,32.12,22.03263779,4.5
2024-04-23 13:00:00,DC_1,21.66,58.1,57.76,31.19,265.71,23.16,43.1,42.76,29.93525318,4.02
2024-04-23 15:30:00,DC_1,25.56,57.6,52.13,45.11,318.82,25.56,42.6,37.13,43.74377549,3.03
2024-04-23 18:00:00,DC_1,22.32,75.81,63.84,71.63,452.12,23.32,60.81,48.84,68.86902654,3.85
2024-04-23 20:30:00,DC_1,21.66,72.7,57.09,58.81,370.88,23.16,57.7,42.09,57.54396346,2.15
2024-04-23 23:00:00,DC_1,26.09,51.48,50.25,38.89,327.18,26.09,36.48,35.25,38.83235638,0.15
2024-04-24 01:30:00,DC_1,23.7,52.15,45.82,26.11,241.78,23.7,52.15,45.82,26.10519808,0.02
2024-04-24 04:00:00,DC_1,22.08,51.1,41.94,15.94,173.23,23.08,36.1,30.0,14.39047822,9.72
2024-04-24 06:30:00,DC_1,24.59,45.86,41.45,9.3,163.99,24.59,30.86,30.0,8.30261644,10.72
2024-04-24 09:00:00,DC_1,24.77,50.75,43.68,17.8,177.77,24.77,35.75,30.0,16.42812967,7.71
2024-04-24 11:30:00,DC_1,23.15,64.65,52.4,26.33,201.24,23.15,49.65,37.4,24.78980065,5.85
2024-04-24 14:00:00,DC_1,25.1,60.36,53.08,34.09,289.34,25.1,45.36,38.08,32.56750839,4.47
2024-04-24 16:30:00,DC_1,21.45,80.08,62.01,69.27,395.51,23.45,65.08,47.01,63.97466231,7.64
2024-04-24 19:00:00,DC_1,24.72,67.0,62.91,39.53,375.48,24.72,52.0,47.91,39.43586106,0.24
2024-04-24 21:30:00,DC_1,22.98,61.54,62.54,39.85,327.17,23.48,46.54,47.54,39.32519039,1.32
2024-04-25 00:00:00,DC_1,24.67,56.75,51.73,24.9,270.45,24.67,56.75,51.73,24.89744377,0.01
2024-04-25 02:30:00,DC_1,23.95,48.32,39.64,15.58,175.85,23.95,33.32,30.0,14.86389838,4.6
2024-04-25 05:00:00,DC_1,22.85,52.08,40.95,14.63,168.99,23.35,37.08,30.0,13.40411202,8.38
2024-04-25 07:30:00,DC_1,28.19,45.08,37.69,13.9,158.48,28.19,30.08,30.0,12.92414045,7.02
2024-04-25 10:00:00,DC_1,22.23,50.21,54.58,24.5,189.68,23.23,35.21,39.58,22.52702294,8.05
2024-04-25 12:30:00,DC_1,22.35,54.13,57.4,32.33,243.17,23.35,39.13,42.4,29.78189089,7.88
2024-04-25 15:00:00,DC_1,24.24,70.3,61.36,47.5,348.46,24.24,70.3,61.36,47.49515815,0.01
2024-04-25 17:30:00,DC_1,21.79,69.08,60.11,62.01,401.33,23.29,54.08,45.11,60.01385027,3.22
2024-04-25 20:00:00,DC_1,24.14,53.56,53.37,41.1,347.33,24.14,38.56,38.37,40.90982078,0.46
2024-04-25 22:30:00,DC_1,16.25,74.19,61.32,50.76,275.48,18.75,59.19,46.32,48.15683899,5.13
2024-04-26 01:00:00,DC_1,23.44,54.93,51.63,33.51,257.27,23.44,39.93,36.63,32.02940037,4.42
2024-04-26 03:30:00,DC_1,23.64,47.46,44.33,20.39,188.36,23.64,32.46,30.0,17.65660186,13.41
2024-04-26 06:00:00,DC_1,22.12,55.38,49.95,18.86,181.01,23.12,40.38,34.95,18.20918236,3.45
2024-04-26 08:30:00,DC_1,23.4,48.78,45.56,18.24,165.11,23.4,33.78,30.56,16.06693478,11.91
2024-04-26 11:00:00,DC_1,23.28,44.84,42.16,18.81,183.38,23.28,30.0,30.0,17.63205279,6.26
2024-04-26 13:30:00,DC_1,22.5,56.08,54.27,38.09,272.27,23.5,41.08,39.27,36.97998559,2.91
2024-04-26 16:00:00,DC_1,23.41,62.53,63.77,51.41,376.79,23.41,47.53,48.77,50.28125232,2.2
2024-04-26 18:30:00,DC_1,24.23,62.43,59.15,42.84,330.89,24.23,47.43,44.15,39.84391923,6.99
2024-04-26 21:00:00,DC_1,23.95,59.69,61.55,45.43,387.57,23.95,44.69,46.55,43.8959434,3.38
2024-04-26 23:30:00,DC_1,23.22,55.49,49.57,34.08,329.32,23.22,40.49,34.57,33.21821118,2.53
2024-04-27 02:00:00,DC_1,23.17,47.26,44.21,15.14,200.32,23.17,32.26,30.0,14.62392477,3.41
2024-04-27 04:30:00,DC_1,23.51,49.5,45.4,16.55,176.56,23.51,34.5,30.4,15.58202611,5.85
2024-04-27 07:00:00,DC_1,22.73,46.14,44.3,12.93,149.32,23.23,31.14,30.0,10.88225521,15.84
2024-04-27 09:30:00,DC_1,21.17,49.87,47.04,17.87,163.61,21.17,49.87,47.04,17.87,0.0
2024-04-27 12:00:00,DC_1,21.64,66.13,54.48,37.52,246.41,23.14,51.13,39.48,34.90642655,6.97
2024-04-27 14:30:00,DC_1,23.69,55.04,50.77,23.96,213.21,23.69,40.04,35.77,21.92982488,8.47
2024-04-27 17:00:00,DC_1,28.98,58.3,51.4,27.92,251.81,28.98,43.3,36.4,26.21848839,6.09
2024-04-27 19:30:00,DC_1,23.73,56.55,45.54,37.91,300.28,23.73,41.55,30.54,37.21397525,1.84
2024-04-27 22:00:00,DC_1,21.44,57.34,54.11,33.06,251.77,23.44,42.34,39.11,30.91193818,6.5
2024-04-28 00:30:00,DC_1,24.05,55.33,45.45,21.59,235.67,24.05,49.46,45.45,21.59,0.0
2024-04-28 03:00:00,DC_1,19.83,59.81,50.05,15.96,189.83,22.33,44.81,35.05,15.89407738,0.41
2024-04-28 05:30:00,DC_1,22.02,59.24,44.82,14.97,161.15,23.02,44.24,30.0,13.33629205,10.91
2024-04-28 08:00:00,DC_1,22.7,51.4,50.69,19.81,187.71,23.2,36.4,35.69,18.95953998,4.29
2024-04-28 10:30:00,DC_1,23.75,56.68,40.25,16.66,163.38,23.75,41.68,30.0,16.09725703,3.38
2024-04-28 13:00:00,DC_1,23.97,54.08,44.76,24.9,213.7,23.97,39.08,30.0,21.95580214,11.82
2024-04-28 15:30:00,DC_1,22.77,59.05,58.03,31.67,247.14,23.27,44.05,43.03,29.41712495,7.11
2024-04-28 18:00:00,DC_1,21.27,67.87,60.72,42.02,274.32,23.27,52.87,45.72,40.35354154,3.97
2024-04-28 20:30:00,DC_1,26.17,55.47,52.03,30.52,261.87,26.17,40.47,37.03,29.60347484,3.0
2024-04-28 23:00:00,DC_1,28.18,51.53,43.4,21.45,225.39,28.18,36.53,30.0,19.72451549,8.04
2024-04-29 01:30:00,DC_1,22.57,52.51,44.2,22.45,225.92,23.07,37.51,30.0,21.66964957,3.48
2024-04-29 04:00:00,DC_1,23.51,44.87,37.4,14.76,170.55,23.51,44.87,37.4,14.76,0.0
2024-04-29 06:30:00,DC_1,23.44,46.33,46.39,14.09,181.23,23.44,31.33,31.39,12.14777872,13.78
2024-04-29 09:00:00,DC_1,22.38,55.3,47.3,21.32,202.28,23.38,40.3,32.3,20.78840549,2.49
2024-04-29 11:30:00,DC_1,22.19,49.81,49.79,23.7,223.85,23.19,34.81,34.79,22.00160324,7.17
2024-04-29 14:00:00,DC_1,20.82,56.73,57.83,40.59,284.94,23.32,41.73,42.83,36.04758876,11.19
2024-04-29 16:30:00,DC_1,22.31,64.23,62.85,57.91,367.47,23.31,49.23,47.85,54.73904746,5.48
2024-04-29 19:00:00,DC_1,22.19,72.59,62.57,54.78,364.94,23.19,57.59,47.57,51.67274686,5.67
2024-04-29 21:30:00,DC_1,16.11,81.26,69.44,75.59,378.61,18.61,66.26,54.44,70.48875381,6.75
2024-04-30 00:00:00,DC_1,23.89,53.0,49.75,33.78,294.14,23.89,38.0,34.75,32.35808197,4.21
2024-04-30 02:30:00,DC_1,23.05,47.79,48.76,18.96,220.71,23.05,32.79,33.76,17.01249267,10.27
2024-04-30 05:00:00,DC_1,24.58,46.84,43.76,16.26,193.91,24.58,31.84,30.0,14.52086061,10.7
2024-04-30 07:30:00,DC_1,23.63,47.23,34.91,16.32,170.55,23.63,32.23,30.0,14.96217492,8.32
2024-04-30 10:00:00,DC_1,25.26,52.2,54.78,19.76,210.11,25.26,52.2,54.78,19.75678292,0.02
2024-04-30 12:30:00,DC_1,22.67,63.11,48.5,37.63,254.28,23.17,48.11,33.5,34.58594911,8.09
2024-04-30 15:00:00,DC_1,23.59,70.39,60.71,48.32,308.85,23.59,55.39,45.71,47.23771818,2.24
2024-04-30 17:30:00,DC_1,23.08,66.33,66.01,65.12,421.6,23.08,51.33,51.01,63.51645114,2.46
2024-04-30 20:00:00,DC_1,22.91,65.56,59.12,60.43,373.15,23.41,50.56,44.12,59.29863041,1.87
2024-04-30 22:30:00,DC_1,24.81,62.0,47.43,35.01,301.44,24.81,62.0,47.43,35.00739457,0.01
2024-05-01 01:00:00,DC_1,20.85,57.98,55.17,33.6,273.77,23.35,42.98,40.17,31.26250348,6.96
2024-05-01 03:30:00,DC_1,22.31,52.73,46.75,21.04,184.58,23.31,37.73,31.75,19.96068985,5.13
2024-05-01 06:00:00,DC_1,21.1,55.19,52.24,22.45,172.5,23.1,40.19,37.24,20.31590817,9.51
2024-05-01 08:30:00,DC_1,24.06,50.36,37.99,23.9,199.35,24.06,35.36,30.0,23.60415172,1.24
2024-05-01 11:00:00,DC_1,27.65,48.94,43.9,17.52,185.05,27.65,33.94,30.0,17.10606084,2.36
2024-05-01 13:30:00,DC_1,24.03,54.77,58.72,37.78,287.49,24.03,39.77,43.72,35.10152501,7.09
2024-05-01 16:00:00,DC_1,24.06,69.56,59.33,57.22,382.44,24.06,54.56,44.33,56.99940957,0.39
2024-05-01 18:30:00,DC_1,21.91,69.8,50.41,62.13,377.77,23.41,54.8,54.38,58.66703067,5.57
2024-05-01 21:00:00,DC_1,21.56,64.77,66.68,55.24,391.71,23.06,49.77,51.68,52.15674065,5.58
2024-05-01 23:30:00,DC_1,23.63,63.76,49.96,28.29,283.51,23.63,48.76,34.96,26.75296439,5.43
2024-05-02 02:00:00,DC_1,23.05,49.35,51.85,19.84,215.03,23.05,34.35,36.85,19.45456749,1.94
2024-05-02 04:30:00,DC_1,23.38,43.1,37.75,16.93,185.54,23.38,30.0,30.0,16.60307315,1.93
2024-05-02 07:00:00,DC_1,23.03,60.14,43.71,18.82,187.95,23.03,45.14,30.0,18.25436328,3.01
2024-05-02 09:30:00,DC_1,23.73,46.89,49.24,18.5,197.9,23.73,31.89,34.24,17.54263729,5.17
2024-05-02 12:00:00,DC_1,22.93,59.3,55.94,33.1,263.7,23.43,44.3,40.94,31.8517653,3.77
2024-05-02 14:30:00,DC_1,16.32,70.22,68.85,46.54,266.15,18.82,55.22,53.85,43.77390261,5.94
2024-05-02 17:00:00,DC_1,18.37,83.88,71.76,94.21,472.88,20.87,68.88,56.76,88.73206464,5.81
2024-05-02 19:30:00,DC_1,23.22,72.08,62.49,58.13,388.82,23.22,57.08,47.49,56.35417996,3.05
2024-05-02 22:00:00,DC_1,22.28,69.42,63.64,47.01,349.49,22.78,54.42,48.64,43.743386,6.95
2024-05-03 00:30:00,DC_1,23.17,54.86,52.14,27.9,283.42,23.17,39.86,37.14,27.12222156,2.79
2024-05-03 03:00:00,DC_1,24.61,43.95,44.94,14.66,186.59,24.61,43.95,44.94,14.66,0.0
2024-05-03 05:30:00,DC_1,22.72,49.27,43.21,12.94,171.51,23.22,34.27,30.0,11.72714017,9.37
2024-05-03 08:00:00,DC_1,23.34,56.59,42.47,17.33,174.74,23.34,56.59,42.47,17.32595486,0.02
2024-05-03 10:30:00,DC_1,24.18,53.47,48.52,18.99,180.09,24.18,38.47,33.52,17.77618576,6.39
2024-05-03 13:00:00,DC_1,21.35,61.63,57.0,46.28,268.44,23.35,46.63,42.0,43.92782215,5.08
2024-05-03 15:30:00,DC_1,22.12,65.14,60.85,58.15,379.52,23.12,50.14,45.85,56.30259205,3.18
2024-05-03 18:00:00,DC_1,23.59,58.32,64.53,51.25,396.59,23.59,43.32,49.53,50.90274849,0.68
2024-05-03 20:30:00,DC_1,23.98,57.78,58.12,44.19,327.24,23.98,42.78,43.12,42.63543946,3.52
2024-05-03 23:00:00,DC_1,24.07,61.5,53.02,30.61,299.38,24.07,46.5,38.02,28.78142399,5.97
2024-05-04 01:30:00,DC_1,22.6,46.0,44.96,17.18,210.64,23.1,31.0,30.0,17.05778755,0.71
2024-05-04 04:00:00,DC_1,23.19,50.1,45.04,11.22,178.97,23.19,50.1,45.04,11.21661171,0.03
2024-05-04 06:30:00,DC_1,23.13,50.27,37.9,17.19,155.61,23.13,35.27,30.0,14.47481536,15.8
2024-05-04 09:00:00,DC_1,23.26,50.17,46.09,16.65,167.09,23.26,35.17,31.09,15.89136308,4.56
2024-05-04 11:30:00,DC_1,22.94,55.01,46.67,17.43,173.55,23.44,40.01,31.67,16.42473951,5.77
2024-05-04 14:00:00,DC_1,22.66,59.58,53.88,25.24,233.39,22.66,59.58,53.88,25.23794249,0.01
2024-05-04 16:30:00,DC_1,23.01,60.53,54.98,42.62,304.65,23.01,45.53,39.98,41.51322868,2.6
2024-05-04 19:00:00,DC_1,22.15,62.22,52.42,30.23,250.12,23.15,47.22,37.42,29.31509695,3.03
2024-05-04 21:30:00,DC_1,21.75,60.64,48.39,32.53,231.92,23.25,45.64,33.39,28.17782023,13.38
2024-05-05 00:00:00,DC_1,17.23,66.39,58.53,28.07,210.3,19.73,51.39,43.53,25.98027231,7.44
2024-05-05 02:30:00,DC_1,20.91,55.02,47.97,16.72,171.87,23.41,40.02,32.97,14.96993746,10.47
2024-05-05 05:00:00,DC_1,23.51,50.12,49.21,9.05,157.49,23.51,50.12,49.21,9.049047571,0.01
2024-05-05 07:30:00,DC_1,21.36,56.28,51.48,20.98,171.81,23.36,41.28,36.48,20.07794357,4.3
2024-05-05 10:00:00,DC_1,21.55,57.87,41.96,18.53,150.84,23.05,42.87,30.0,17.27161629,6.79
2024-05-05 12:30:00,DC_1,23.72,54.18,50.41,32.0,225.68,23.72,39.18,35.41,29.46025225,7.94
2024-05-05 15:00:00,DC_1,20.92,64.01,53.82,34.78,237.98,23.42,49.01,38.82,32.15878004,7.54
2024-05-05 17:30:00,DC_1,23.64,62.05,42.96,24.79,252.32,23.64,47.05,30.0,23.6241047,4.7
2024-05-05 20:00:00,DC_1,24.61,49.59,50.12,29.15,245.36,24.61,34.59,35.12,24.61417274,15.56
2024-05-05 22:30:00,DC_1,23.35,59.96,51.1,32.49,263.68,23.35,44.96,36.1,30.29646491,6.75
2024-05-06 01:00:00,DC_1,21.85,53.4,55.88,21.1,245.82,23.35,38.4,40.88,20.80561423,1.4
2024-05-06 03:30:00,DC_1,17.49,61.16,53.04,23.19,197.76,19.99,46.16,38.04,23.15305573,0.16
2024-05-06 06:00:00,DC_1,21.72,49.65,44.83,16.56,159.54,23.22,34.65,30.0,13.88137885,16.18
2024-05-06 08:30:00,DC_1,22.23,46.99,45.13,17.38,175.17,23.23,31.99,30.13,15.03111428,13.51
2024-05-06 11:00:00,DC_1,23.4,55.56,47.69,24.21,222.67,23.4,55.56,47.69,24.20626042,0.02
2024-05-06 13:30:00,DC_1,24.86,53.0,44.43,31.61,246.75,24.86,38.0,30.0,28.81606131,8.84
2024-05-06 16:00:00,DC_1,24.87,62.54,56.57,42.61,360.36,24.87,47.54,41.57,41.51885732,2.56
2024-05-06 18:30:00,DC_1,21.79,68.96,61.51,56.14,366.15,23.29,53.96,46.51,53.05712157,5.49
2024-05-06 21:00:00,DC_1,24.36,59.88,52.9,41.41,338.85,24.36,44.88,37.9,40.16882269,3.0
2024-05-06 23:30:00,DC_1,21.95,74.49,68.87,68.6,467.88,23.45,59.49,53.87,65.87355662,3.97
2024-05-07 02:00:00,DC_1,21.92,49.27,49.68,20.6,185.79,23.42,34.27,34.68,18.54264186,9.99
2024-05-07 04:30:00,DC_1,23.94,49.4,36.44,13.44,153.94,23.94,34.4,30.0,13.10860926,2.47
2024-05-07 07:00:00,DC_1,24.05,41.09,32.92,16.74,161.55,24.05,30.0,30.0,14.7719856,11.76
2024-05-07 09:30:00,DC_1,22.69,57.11,47.24,18.3,179.18,23.19,42.11,32.24,17.22713881,5.86
2024-05-07 12:00:00,DC_1,21.62,57.07,44.97,28.17,234.52,23.12,42.07,30.0,25.66742508,8.88
2024-05-07 14:30:00,DC_1,22.03,63.96,53.85,32.66,270.33,23.03,48.96,38.85,31.64737361,3.1
2024-05-07 17:00:00,DC_1,22.54,66.39,64.29,48.38,371.34,23.04,51.39,49.29,46.56527047,3.75
2024-05-07 19:30:00,DC_1,23.54,63.29,60.44,50.52,363.55,23.54,48.29,45.44,48.82782312,3.35
2024-05-07 22:00:00,DC_1,23.38,56.63,55.13,32.95,310.57,23.38,56.63,55.13,32.94782547,0.01
2024-05-08 00:30:00,DC_1,22.05,61.83,54.85,38.22,300.69,23.05,46.83,39.85,34.63631923,9.38
2024-05-08 03:00:00,DC_1,21.74,56.65,45.6,19.61,183.61,23.24,41.65,30.6,17.7659956,9.4
2024-05-08 05:30:00,DC_1,23.96,50.25,44.65,14.2,172.31,23.96,35.25,30.0,12.34593762,13.06
2024-05-08 08:00:00,DC_1,22.44,52.84,44.12,19.59,168.8,23.44,37.84,30.0,18.79659932,4.05
2024-05-08 10:30:00,DC_1,17.36,64.11,56.14,33.02,209.32,19.86,49.11,41.14,29.0772725,11.94
2024-05-08 13:00:00,DC_1,23.17,58.43,58.42,35.44,290.24,23.17,43.43,43.42,33.37881548,5.82
2024-05-08 15:30:00,DC_1,24.07,65.98,60.61,46.09,392.77,24.07,50.98,45.61,44.28934685,3.91
2024-05-08 18:00:00,DC_1,22.5,67.99,55.32,53.94,418.92,23.0,52.99,40.32,51.50079927,4.52
2024-05-08 20:30:00,DC_1,22.75,63.82,58.74,44.76,349.81,23.25,48.82,43.74,42.56961092,4.89
2024-05-08 23:00:00,DC_1,23.47,64.68,60.62,37.08,333.65,23.47,49.68,45.62,36.67649952,1.09
2024-05-09 01:30:00,DC_1,23.99,59.14,41.57,28.75,257.05,23.99,44.14,30.0,25.62693269,10.86
2024-05-09 04:00:00,DC_1,16.71,57.86,56.5,29.35,207.34,19.21,42.86,41.5,27.90330096,4.93
2024-05-09 06:30:00,DC_1,23.82,55.33,46.3,16.32,168.94,23.82,40.33,31.3,15.73226325,3.6
2024-05-09 09:00:00,DC_1,22.06,55.33,45.54,15.11,156.98,23.06,38.52,30.54,13.78762271,8.75
2024-05-09 11:30:00,DC_1,24.16,58.31,50.07,31.11,245.44,24.16,43.31,35.07,27.72168434,10.89
2024-05-09 14:00:00,DC_1,24.23,62.37,49.79,35.92,301.73,24.23,47.37,34.79,35.88212903,0.11
2024-05-09 16:30:00,DC_1,24.31,61.98,65.91,55.98,378.02,24.31,61.98,65.91,55.98,0.0
2024-05-09 19:00:00,DC_1,22.88,69.03,55.25,51.95,363.04,23.38,54.03,40.25,49.70386225,4.32
2024-05-09 21:30:00,DC_1,24.28,65.58,55.83,45.73,367.95,24.28,50.58,40.83,43.16358306,5.61
2024-05-10 00:00:00,DC_1,22.03,67.13,49.95,30.49,258.48,22.03,67.13,49.95,30.48738917,0.01
2024-05-10 02:30:00,DC_1,23.72,45.47,39.08,19.17,236.15,23.72,30.47,30.0,18.0068869,6.07
2024-05-10 05:00:00,DC_1,21.41,56.87,47.19,12.17,149.48,23.41,41.87,32.19,11.36509808,6.61
2024-05-10 07:30:00,DC_1,23.16,48.21,43.39,16.06,164.36,23.16,33.21,30.0,15.14536195,5.7
2024-05-10 10:00:00,DC_1,23.91,51.36,49.6,22.14,188.46,23.91,36.36,34.6,20.95455454,5.35
2024-05-10 12:30:00,DC_1,22.7,62.3,54.0,39.84,258.57,23.2,47.3,39.0,36.41630685,8.59
2024-05-10 15:00:00,DC_1,26.85,63.51,47.29,44.13,338.25,26.85,48.51,32.29,43.01876246,2.52
2024-05-10 17:30:00,DC_1,23.0,59.4,58.6,56.01,410.61,23.0,59.4,58.6,56.01,0.0
2024-05-10 20:00:00,DC_1,23.25,64.31,71.31,74.21,455.76,23.25,49.31,56.31,72.27337175,2.61
2024-05-10 22:30:00,DC_1,24.45,59.23,52.16,35.8,295.93,24.45,44.23,37.16,35.66653411,0.37
2024-05-11 01:00:00,DC_1,21.44,52.06,44.4,21.43,207.76,23.44,37.06,30.0,19.14230742,10.68
2024-05-11 03:30:00,DC_1,23.24,51.87,43.89,13.71,164.95,23.24,51.87,43.89,13.70955467,0.0
2024-05-11 06:00:00,DC_1,26.13,43.67,36.91,8.22,155.53,26.13,30.0,30.0,7.133143599,13.22
2024-05-11 08:30:00,DC_1,22.25,52.54,51.33,15.58,167.8,22.25,52.54,51.33,15.57636808,0.02
2024-05-11 11:00:00,DC_1,25.34,53.53,41.5,17.55,196.79,25.34,38.53,30.0,15.76040192,10.2
2024-05-11 13:30:00,DC_1,23.37,49.27,47.99,23.21,207.58,23.37,34.27,32.99,21.89654112,5.66
2024-05-11 16:00:00,DC_1,22.95,59.64,52.05,22.97,240.37,23.45,44.64,37.05,22.59752028,1.62
2024-05-11 18:30:00,DC_1,22.92,66.36,56.12,40.3,288.7,23.42,51.36,41.12,39.40568269,2.22
2024-05-11 21:00:00,DC_1,23.43,51.27,51.34,24.86,242.05,23.43,36.27,36.34,23.43537861,5.73
2024-05-11 23:30:00,DC_1,28.87,55.19,42.04,14.95,214.93,28.87,40.19,30.0,13.18524412,11.8
2024-05-12 02:00:00,DC_1,22.31,56.13,44.16,17.2,178.95,23.31,41.13,30.0,14.10168227,18.01
2024-05-12 04:30:00,DC_1,22.71,50.58,49.89,14.19,164.22,23.21,35.58,34.89,12.90138575,9.08
2024-05-12 07:00:00,DC_1,22.41,50.47,46.11,12.82,165.63,22.41,50.47,46.11,12.8198575,0.0
2024-05-12 09:30:00,DC_1,24.48,50.99,36.81,17.47,190.07,24.48,35.99,30.0,16.62232184,4.85
2024-05-12 12:00:00,DC_1,23.53,53.97,51.85,20.96,178.73,23.53,38.97,36.85,18.72847966,10.65
2024-05-12 14:30:00,DC_1,21.61,59.58,49.58,34.71,223.95,23.11,44.58,34.58,31.76112367,8.5
2024-05-12 17:00:00,DC_1,22.15,61.72,65.72,37.41,275.75,23.15,46.72,50.72,35.50292422,5.1
2024-05-12 19:30:00,DC_1,21.52,63.4,58.89,45.7,310.23,23.02,48.4,43.89,44.81588253,1.93
2024-05-12 22:00:00,DC_1,24.81,52.77,45.93,20.01,244.54,24.81,37.77,30.93,19.36795896,3.21
2024-05-13 00:30:00,DC_1,22.66,55.33,49.3,28.54,243.47,23.16,51.15,34.3,25.66731137,10.07
2024-05-13 03:00:00,DC_1,23.07,48.73,44.22,14.91,189.04,23.07,48.73,44.22,14.9096519,0.0
2024-05-13 05:30:00,DC_1,21.79,49.68,47.53,12.19,167.36,21.79,49.68,47.53,12.18956216,0.0
2024-05-13 08:00:00,DC_1,24.0,52.92,43.11,12.49,177.97,24.0,52.92,43.11,12.49,0.0
2024-05-13 10:30:00,DC_1,21.33,53.56,48.6,22.85,198.05,23.33,38.56,33.6,22.62816438,0.97
2024-05-13 13:00:00,DC_1,22.28,57.46,57.32,34.84,260.59,23.28,42.46,42.32,34.54708821,0.84
2024-05-13 15:30:00,DC_1,23.98,68.18,54.45,59.93,372.36,23.98,53.18,39.45,58.49543921,2.39
2024-05-13 18:00:00,DC_1,28.96,66.43,56.0,51.46,404.4,28.96,51.43,41.0,50.59459746,1.68
2024-05-13 20:30:00,DC_1,22.59,65.84,60.02,50.2,374.43,23.09,50.84,45.02,47.51697096,5.34
2024-05-13 23:00:00,DC_1,22.72,64.74,52.75,26.3,286.18,23.22,49.74,37.75,24.83094248,5.59
2024-05-14 01:30:00,DC_1,21.76,58.22,50.3,26.55,266.45,23.26,43.22,35.3,24.19957794,8.85
2024-05-14 04:00:00,DC_1,23.72,50.2,45.84,18.19,180.5,23.72,35.2,30.84,16.5960107,8.76
2024-05-14 06:30:00,DC_1,22.19,49.35,43.29,15.71,158.68,23.19,34.35,30.0,13.40632238,14.66
2024-05-14 09:00:00,DC_1,23.71,51.37,42.09,14.87,172.22,23.71,36.37,30.0,12.97510117,12.74
2024-05-14 11:30:00,DC_1,23.12,55.31,61.18,36.63,255.53,23.12,40.31,46.18,34.56550608,5.64
2024-05-14 14:00:00,DC_1,21.96,66.05,64.28,34.76,260.88,23.46,51.05,49.28,32.42895673,6.71
2024-05-14 16:30:00,DC_1,23.03,70.69,57.76,64.73,410.15,23.03,55.69,42.76,62.895533,2.83
2024-05-14 19:00:00,DC_1,22.81,71.34,64.37,59.78,393.0,23.31,56.34,49.37,57.28048129,4.18
2024-05-14 21:30:00,DC_1,23.13,61.92,60.22,51.1,361.88,23.13,46.92,45.22,49.70011755,2.74
2024-05-15 00:00:00,DC_1,23.61,53.89,51.6,28.81,282.13,23.61,38.89,36.6,28.22025117,2.05
2024-05-15 02:30:00,DC_1,26.79,40.56,41.95,23.4,211.77,26.79,30.0,30.0,22.13506333,5.41
2024-05-15 05:00:00,DC_1,16.03,63.33,59.03,25.58,174.48,18.53,48.33,44.03,21.82169128,14.69
2024-05-15 07:30:00,DC_1,22.2,48.23,49.86,12.97,171.09,22.2,48.23,49.86,12.97,0.0
2024-05-15 10:00:00,DC_1,24.73,47.44,42.95,15.78,178.78,24.73,32.44,30.0,15.41083485,2.34
2024-05-15 12:30:00,DC_1,22.21,63.83,60.24,39.45,284.89,23.21,48.83,45.24,37.17736399,5.76
2024-05-15 15:00:00,DC_1,24.22,64.78,59.34,43.03,343.58,24.22,49.78,44.34,42.43215867,1.39
2024-05-15 17:30:00,DC_1,22.41,70.11,60.59,57.97,391.32,23.41,55.11,45.59,56.69841563,2.19
2024-05-15 20:00:00,DC_1,23.25,55.33,66.85,50.89,365.79,23.25,52.74,51.85,50.07235586,1.61
2024-05-15 22:30:00,DC_1,23.18,57.93,50.01,35.2,312.44,23.18,42.93,35.01,32.59454724,7.4
2024-05-16 01:00:00,DC_1,23.22,60.18,49.6,25.57,230.39,23.22,45.18,34.6,23.25753724,9.04
2024-05-16 03:30:00,DC_1,28.85,39.9,40.73,15.76,187.4,28.85,39.9,40.73,15.75545451,0.03
2024-05-16 06:00:00,DC_1,23.01,55.88,40.97,14.02,177.16,23.01,55.88,40.97,14.01701958,0.02
2024-05-16 08:30:00,DC_1,21.64,54.5,55.07,22.46,187.0,23.14,39.5,40.07,21.02863915,6.37
2024-05-16 11:00:00,DC_1,18.41,60.33,53.38,40.2,231.58,20.91,45.33,38.38,36.38868792,9.48
2024-05-16 13:30:00,DC_1,26.3,55.28,48.19,35.36,303.22,26.3,40.28,33.19,33.46195004,5.37
2024-05-16 16:00:00,DC_1,22.77,64.35,65.14,51.84,359.16,23.27,49.35,50.14,49.15796578,5.17
2024-05-16 18:30:00,DC_1,22.04,69.44,62.55,61.91,412.0,23.04,54.44,47.55,59.61040134,3.71
2024-05-16 21:00:00,DC_1,20.38,72.24,59.82,50.05,332.37,22.88,57.24,44.82,46.31855315,7.46
2024-05-16 23:30:00,DC_1,23.62,56.28,53.82,26.66,269.78,23.62,41.28,38.82,25.40426623,4.71
2024-05-17 02:00:00,DC_1,23.28,55.99,46.75,23.01,234.13,23.28,40.99,31.75,22.09507825,3.98
2024-05-17 04:30:00,DC_1,18.02,57.15,47.96,21.46,188.27,20.52,42.15,32.96,19.26413856,10.23
2024-05-17 07:00:00,DC_1,23.38,51.45,47.72,14.05,172.28,23.38,51.45,47.72,14.05,0.0
2024-05-17 09:30:00,DC_1,21.03,54.86,58.93,22.53,191.33,23.03,39.86,43.93,21.13175357,6.21
2024-05-17 12:00:00,DC_1,24.49,53.91,47.18,26.67,231.62,24.49,38.91,32.18,25.24577053,5.34
2024-05-17 14:30:00,DC_1,24.03,66.88,44.2,48.89,306.24,24.03,51.88,30.0,47.18374076,3.49
2024-05-17 17:00:00,DC_1,24.53,67.8,56.44,71.9,449.82,24.53,52.8,41.44,70.57641332,1.84
2024-05-17 19:30:00,DC_1,22.5,73.85,64.83,71.54,408.9,23.5,58.85,49.83,68.76481424,3.88
2024-05-17 22:00:00,DC_1,22.03,56.89,54.54,43.09,332.7,23.03,41.89,39.54,40.76788063,5.39
2024-05-18 00:30:00,DC_1,24.49,46.32,42.71,19.66,200.95,24.49,31.32,30.0,19.1440887,2.62
2024-05-18 03:00:00,DC_1,22.38,48.41,39.58,16.21,163.63,23.38,33.41,30.0,16.19997532,0.06
2024-05-18 05:30:00,DC_1,23.39,52.04,41.47,15.7,181.27,23.39,37.04,30.0,14.39714519,8.3
2024-05-18 08:00:00,DC_1,22.18,55.11,46.82,18.38,171.38,23.18,40.11,31.82,17.54241335,4.56
2024-05-18 10:30:00,DC_1,22.54,47.35,48.24,14.16,164.17,22.54,47.35,48.24,14.16,0.0
2024-05-18 13:00:00,DC_1,23.55,59.87,53.3,37.81,264.16,23.55,44.87,38.3,35.9542106,4.91
2024-05-18 15:30:00,DC_1,25.5,56.02,49.36,33.96,253.9,25.5,56.02,49.36,33.96,0.0
2024-05-18 18:00:00,DC_1,22.68,59.46,62.75,40.74,283.05,23.18,44.46,47.75,38.65286597,5.12
2024-05-18 20:30:00,DC_1,22.75,55.74,52.97,26.76,224.87,23.25,40.74,37.97,25.80300273,3.58
2024-05-18 23:00:00,DC_1,23.42,51.92,44.82,21.98,238.02,23.42,36.92,30.0,20.12287758,8.45
2024-05-19 01:30:00,DC_1,23.76,52.6,48.66,19.24,199.01,23.76,37.6,33.66,18.70124688,2.8
2024-05-19 04:00:00,DC_1,22.5,45.89,47.32,12.35,172.95,22.5,45.89,47.32,12.3495464,0.0
2024-05-19 06:30:00,DC_1,24.0,45.64,39.26,15.5,187.31,24.0,30.64,30.0,14.79686711,4.54
2024-05-19 09:00:00,DC_1,24.06,44.57,41.98,16.69,165.83,24.06,30.0,30.0,15.85505756,5.0
2024-05-19 11:30:00,DC_1,21.86,61.0,52.1,29.07,190.07,23.36,46.0,37.1,25.74028916,11.45
2024-05-19 14:00:00,DC_1,22.24,58.45,55.03,27.39,204.61,23.24,43.45,40.03,25.68967828,6.21
2024-05-19 16:30:00,DC_1,21.86,62.42,52.26,27.46,245.87,23.36,47.42,37.26,26.48578391,3.55
2024-05-19 19:00:00,DC_1,23.19,63.72,50.6,28.41,262.89,23.19,48.72,35.6,26.43919352,6.94
2024-05-19 21:30:00,DC_1,21.5,59.95,51.64,34.44,262.18,23.0,44.95,36.64,30.86393682,10.38
2024-05-20 00:00:00,DC_1,28.14,46.38,40.79,30.93,277.31,28.14,38.38,30.0,30.25424519,2.18
2024-05-20 02:30:00,DC_1,22.56,53.06,54.01,24.53,232.68,23.06,38.06,39.01,21.59004583,11.99
2024-05-20 05:00:00,DC_1,23.96,51.34,49.32,16.73,180.61,23.96,36.34,34.32,13.95639749,16.58
2024-05-20 07:30:00,DC_1,23.74,49.85,39.57,15.28,150.55,23.74,49.85,39.57,15.27683891,0.02
2024-05-20 10:00:00,DC_1,16.77,61.53,50.92,33.08,196.58,19.27,46.53,35.92,30.37113049,8.19
2024-05-20 12:30:00,DC_1,21.05,63.1,56.76,34.25,260.72,23.05,48.1,41.76,31.01659387,9.44
2024-05-20 15:00:00,DC_1,23.87,65.79,59.07,50.66,362.8,23.87,50.79,44.07,49.78008411,1.74
2024-05-20 17:30:00,DC_1,23.94,72.54,55.6,60.53,414.71,23.94,57.54,40.6,59.21910083,2.17
2024-05-20 20:00:00,DC_1,23.39,60.8,53.9,39.88,338.44,23.39,45.8,38.9,37.89628197,4.97
2024-05-20 22:30:00,DC_1,25.54,49.29,45.88,32.92,307.41,25.54,34.29,30.88,31.63959253,3.89
2024-05-21 01:00:00,DC_1,21.79,50.95,46.08,30.97,260.7,23.29,35.95,31.08,27.3585799,11.66
2024-05-21 03:30:00,DC_1,23.19,45.93,45.77,16.64,171.84,23.19,30.93,30.77,15.61111653,6.18
2024-05-21 06:00:00,DC_1,22.48,52.43,48.66,14.12,189.69,23.48,37.43,33.66,13.26981563,6.02
2024-05-21 08:30:00,DC_1,22.38,51.25,47.77,16.82,195.69,23.38,36.25,32.77,16.46434035,2.11
2024-05-21 11:00:00,DC_1,24.29,56.83,50.73,22.04,245.27,24.29,41.83,35.73,20.54196711,6.8
2024-05-21 13:30:00,DC_1,22.6,67.31,56.71,40.54,302.69,23.1,52.31,41.71,37.53361695,7.42
2024-05-21 16:00:00,DC_1,23.45,66.07,60.57,52.3,359.67,23.45,51.07,45.57,49.71113374,4.95
2024-05-21 18:30:00,DC_1,21.17,63.76,67.9,69.97,440.22,23.17,48.76,52.9,66.29890583,5.25
2024-05-21 21:00:00,DC_1,22.42,63.07,66.27,47.46,379.22,23.42,48.07,51.27,44.92532174,5.34
2024-05-21 23:30:00,DC_1,22.44,54.84,57.74,30.38,281.25,23.44,39.84,42.74,30.07534759,1.0
2024-05-22 02:00:00,DC_1,23.18,55.57,43.47,22.16,228.05,23.18,40.57,30.0,21.28673319,3.94
2024-05-22 04:30:00,DC_1,21.49,54.1,46.15,21.44,199.32,23.49,39.1,31.15,20.34151918,5.12
2024-05-22 07:00:00,DC_1,22.3,45.78,44.58,11.55,159.87,23.3,30.78,30.0,11.45219998,0.85
2024-05-22 09:30:00,DC_1,22.47,52.3,58.0,16.84,178.7,23.47,37.3,43.0,15.07076151,10.51
2024-05-22 12:00:00,DC_1,23.79,52.92,52.17,27.42,237.99,23.79,37.92,37.17,24.99506324,8.84
2024-05-22 14:30:00,DC_1,21.55,66.64,61.43,52.24,319.01,23.05,51.64,46.43,48.79826448,6.59
2024-05-22 17:00:00,DC_1,24.59,62.59,66.33,61.82,409.43,24.59,47.59,51.33,60.98113581,1.36
2024-05-22 19:30:00,DC_1,17.84,79.62,74.65,67.82,388.98,20.34,64.62,59.65,61.90738667,8.72
2024-05-22 22:00:00,DC_1,23.97,60.76,56.14,43.34,328.49,23.97,60.76,56.14,43.33842476,0.0
2024-05-23 00:30:00,DC_1,22.25,55.6,52.64,31.93,271.15,23.25,40.6,37.64,31.23376248,2.18
2024-05-23 03:00:00,DC_1,18.29,57.78,53.22,33.27,214.68,20.79,42.78,38.22,28.01031581,15.81
2024-05-23 05:30:00,DC_1,21.96,58.51,45.49,17.34,185.54,23.46,43.51,30.49,16.29629944,6.02
2024-05-23 08:00:00,DC_1,22.56,47.37,50.4,18.74,172.82,23.06,32.37,35.4,16.58303008,11.51
2024-05-23 10:30:00,DC_1,23.96,51.27,44.17,18.44,172.18,23.96,36.27,30.0,17.11835031,7.17
2024-05-23 13:00:00,DC_1,24.78,57.62,54.16,36.53,292.06,24.78,42.62,39.16,34.50471837,5.54
2024-05-23 15:30:00,DC_1,23.76,70.94,64.51,67.01,443.68,23.76,55.94,49.51,65.85006681,1.73
2024-05-23 18:00:00,DC_1,23.1,65.03,54.89,55.28,364.32,23.1,50.03,39.89,54.34637229,1.69
2024-05-23 20:30:00,DC_1,16.05,66.26,68.99,65.63,363.13,18.55,51.26,53.99,60.71000814,7.5
2024-05-23 23:00:00,DC_1,22.45,61.09,54.34,38.76,285.03,23.45,46.09,39.34,36.63198523,5.49
2024-05-24 01:30:00,DC_1,21.13,62.08,68.35,46.43,337.52,23.13,47.08,53.35,42.43641877,8.6
2024-05-24 04:00:00,DC_1,27.0,51.07,43.16,13.33,212.02,27.0,51.07,43.16,13.32986701,0.0
2024-05-24 06:30:00,DC_1,23.58,46.26,41.55,10.32,171.92,23.58,31.26,30.0,9.441836617,8.51
2024-05-24 09:00:00,DC_1,24.23,53.83,49.11,23.14,189.95,24.23,38.83,34.11,19.90104646,14.0
2024-05-24 11:30:00,DC_1,21.95,59.08,59.61,39.83,294.81,23.45,44.08,44.61,37.34617855,6.24
2024-05-24 14:00:00,DC_1,22.93,54.98,58.92,39.95,267.13,22.93,54.98,58.92,39.94783612,0.01
2024-05-24 16:30:00,DC_1,23.15,69.96,71.43,55.45,383.91,23.15,54.96,56.43,53.31574469,3.85
2024-05-24 19:00:00,DC_1,26.66,62.46,54.19,38.4,364.43,26.66,47.46,39.19,37.80968296,1.54
2024-05-24 21:30:00,DC_1,22.23,55.62,57.1,41.15,322.15,23.23,40.62,42.1,39.19537909,4.75
2024-05-25 00:00:00,DC_1,20.6,56.95,51.51,20.38,213.77,23.1,41.95,36.51,20.08468512,1.45
2024-05-25 02:30:00,DC_1,23.62,49.26,37.69,14.06,166.22,23.62,49.26,37.69,14.06,0.0
2024-05-25 05:00:00,DC_1,24.59,36.48,40.14,13.22,163.29,24.59,36.48,40.14,13.22,0.0
2024-05-25 07:30:00,DC_1,23.22,49.12,39.95,9.41,151.35,23.22,34.12,30.0,8.400744466,10.73
2024-05-25 10:00:00,DC_1,16.22,59.34,64.78,26.79,162.83,18.72,44.34,49.78,25.70418059,4.05
2024-05-25 12:30:00,DC_1,28.72,49.86,43.29,19.03,195.78,28.72,34.86,30.0,18.63193612,2.09
2024-05-25 15:00:00,DC_1,26.75,51.21,46.99,21.54,203.67,26.75,36.21,31.99,20.99328726,2.54
2024-05-25 17:30:00,DC_1,24.47,53.85,55.98,33.24,285.33,24.47,38.85,40.98,32.55164492,2.07
2024-05-25 20:00:00,DC_1,20.76,65.65,58.56,47.89,305.34,23.26,50.65,43.56,42.69348893,10.85
2024-05-25 22:30:00,DC_1,23.4,54.2,51.32,29.47,275.25,23.4,39.2,36.32,27.82768975,5.57
2024-05-26 01:00:00,DC_1,22.39,49.99,49.35,19.51,200.95,23.39,34.99,34.35,17.29625591,11.35
2024-05-26 03:30:00,DC_1,22.49,44.24,46.44,11.27,149.66,23.49,30.0,31.44,9.177786463,18.56
2024-05-26 06:00:00,DC_1,21.89,54.99,41.52,15.83,150.34,23.39,39.99,30.0,13.18125444,16.73
2024-05-26 08:30:00,DC_1,22.59,53.24,49.28,19.24,171.57,23.09,38.24,34.28,17.60629837,8.49
2024-05-26 11:00:00,DC_1,22.65,54.81,49.07,24.63,195.68,23.15,39.81,34.07,24.40989765,0.89
2024-05-26 13:30:00,DC_1,20.07,65.78,63.15,41.39,245.65,22.57,50.78,48.15,36.2651226,12.38
2024-05-26 16:00:00,DC_1,24.12,60.29,46.56,31.04,250.68,24.12,45.29,31.56,30.07775057,3.1
2024-05-26 18:30:00,DC_1,22.1,58.21,48.32,38.09,295.83,23.1,43.21,33.32,36.71861143,3.6
2024-05-26 21:00:00,DC_1,23.23,59.91,55.16,27.75,251.91,23.23,44.91,40.16,26.4942103,4.53
2024-05-26 23:30:00,DC_1,24.43,55.14,41.61,22.27,208.06,24.43,40.14,30.0,19.91288305,10.58
2024-05-27 02:00:00,DC_1,20.61,60.58,56.43,36.74,273.94,23.11,45.58,41.43,34.55541213,5.95
2024-05-27 04:30:00,DC_1,23.3,45.55,48.18,17.7,164.62,23.3,30.55,33.18,15.80418853,10.71
2024-05-27 07:00:00,DC_1,23.65,50.5,46.26,15.81,208.36,23.65,50.5,46.26,15.81,0.0
2024-05-27 09:30:00,DC_1,22.86,54.63,45.88,24.11,188.58,23.36,39.63,30.88,22.1238267,8.24
2024-05-27 12:00:00,DC_1,22.96,58.82,46.05,31.12,229.74,22.96,58.82,46.05,31.11647838,0.01
2024-05-27 14:30:00,DC_1,28.62,66.05,50.62,43.95,309.24,28.62,51.05,35.62,42.53469506,3.22
2024-05-27 17:00:00,DC_1,27.47,64.31,66.57,43.13,315.52,27.47,49.31,51.57,42.40163866,1.69
2024-05-27 19:30:00,DC_1,22.74,67.02,60.87,69.08,406.26,23.24,52.02,45.87,66.52607674,3.7
2024-05-27 22:00:00,DC_1,22.81,65.75,62.24,53.25,346.78,23.31,50.75,47.24,50.63829304,4.9
2024-05-28 00:30:00,DC_1,22.13,56.57,57.5,27.11,246.92,23.13,41.57,42.5,25.98777755,4.14
2024-05-28 03:00:00,DC_1,22.85,52.03,52.96,18.52,206.73,23.35,37.03,37.96,17.85113862,3.61
2024-05-28 05:30:00,DC_1,22.92,42.93,44.8,13.02,157.04,23.42,30.0,30.0,12.48819813,4.08
2024-05-28 08:00:00,DC_1,22.63,55.26,35.5,20.11,173.9,23.13,40.26,30.0,17.75800171,11.7
2024-05-28 10:30:00,DC_1,22.69,62.98,47.84,22.59,215.64,23.19,47.98,32.84,20.87094116,7.61
2024-05-28 13:00:00,DC_1,22.79,65.1,53.3,37.56,308.59,23.29,50.1,38.3,35.65855889,5.06
2024-05-28 15:30:00,DC_1,22.4,60.24,64.5,52.28,332.79,23.4,45.24,49.5,51.94355897,0.64
2024-05-28 18:00:00,DC_1,23.16,76.25,68.49,60.83,419.4,23.16,61.25,53.49,60.19172372,1.05
2024-05-28 20:30:00,DC_1,26.36,61.47,57.04,39.42,390.51,26.36,46.47,42.04,37.11475625,5.85
2024-05-28 23:00:00,DC_1,22.46,54.57,51.87,31.27,267.29,23.46,39.57,36.87,30.63869012,2.02
2024-05-29 01:30:00,DC_1,23.5,40.82,43.62,24.19,259.69,23.5,30.0,30.0,22.67496601,6.26
2024-05-29 04:00:00,DC_1,23.56,50.42,46.85,17.97,193.29,23.56,35.42,31.85,17.26112095,3.94
2024-05-29 06:30:00,DC_1,23.37,52.15,49.66,17.76,173.97,23.37,52.15,49.66,17.75761125,0.01
2024-05-29 09:00:00,DC_1,22.64,50.33,50.87,19.25,156.03,23.14,35.33,35.87,17.23564287,10.46
2024-05-29 11:30:00,DC_1,22.37,51.68,53.89,25.58,211.97,23.37,36.68,38.89,24.25653766,5.17
2024-05-29 14:00:00,DC_1,23.25,62.32,57.28,35.65,302.61,23.25,47.32,42.28,33.54550609,5.9
2024-05-29 16:30:00,DC_1,24.11,56.08,55.93,46.24,341.07,24.11,41.08,40.93,45.24044022,2.16
2024-05-29 19:00:00,DC_1,23.3,72.29,57.9,51.2,360.87,23.3,57.29,42.9,49.14034468,4.02
2024-05-29 21:30:00,DC_1,20.92,65.05,61.94,53.47,355.06,23.42,50.05,46.94,50.12936108,6.25
2024-05-30 00:00:00,DC_1,22.66,55.0,42.44,20.59,245.45,22.66,55.0,42.44,20.59,0.0
2024-05-30 02:30:00,DC_1,27.14,50.13,48.53,13.67,195.8,27.14,35.13,33.53,13.2075581,3.38
2024-05-30 05:00:00,DC_1,27.72,49.25,44.04,12.15,174.43,27.72,34.25,30.0,11.03677059,9.16
2024-05-30 07:30:00,DC_1,22.23,49.48,48.73,18.53,155.83,23.23,34.48,33.73,17.73210511,4.31
2024-05-30 10:00:00,DC_1,24.14,53.88,43.72,26.19,218.45,24.14,38.88,30.0,24.11905888,7.91
2024-05-30 12:30:00,DC_1,23.96,56.63,50.36,32.24,256.6,23.96,56.63,50.36,32.24,0.0
2024-05-30 15:00:00,DC_1,22.24,57.73,64.3,46.62,344.57,23.24,42.73,49.3,45.46824919,2.47
2024-05-30 17:30:00,DC_1,22.69,71.2,56.43,71.08,465.72,23.19,56.2,41.43,70.06132913,1.43
2024-05-30 20:00:00,DC_1,24.44,62.13,63.45,48.88,398.6,24.44,47.13,48.45,46.51742267,4.83
2024-05-30 22:30:00,DC_1,22.42,62.36,56.66,42.32,322.2,23.42,47.36,41.66,40.96988562,3.19
2024-05-31 01:00:00,DC_1,22.72,64.45,54.34,31.33,264.26,23.22,49.45,39.34,29.08406823,7.17
2024-05-31 03:30:00,DC_1,20.15,53.6,50.31,16.53,170.13,22.65,38.6,35.31,15.44619731,6.56
2024-05-31 06:00:00,DC_1,22.75,50.02,38.93,17.26,170.96,23.25,35.02,30.0,15.70772287,8.99
2024-05-31 08:30:00,DC_1,24.75,45.54,42.07,15.66,174.67,24.75,30.54,30.0,15.08082284,3.7
2024-05-31 11:00:00,DC_1,22.28,55.59,57.35,30.2,232.08,23.28,40.59,42.35,26.63951879,11.79
2024-05-31 13:30:00,DC_1,28.54,52.13,50.73,41.09,290.71,28.54,37.13,35.73,39.44958586,3.99
2024-05-31 16:00:00,DC_1,27.02,53.03,53.91,50.46,389.23,27.02,38.03,38.91,48.23737013,4.4
2024-05-31 18:30:00,DC_1,21.88,70.38,66.69,57.05,363.58,23.38,55.38,51.69,54.01794823,5.31
2024-05-31 21:00:00,DC_1,24.59,63.07,57.79,50.6,390.69,24.59,48.07,42.79,47.84285268,5.45
2024-05-31 23:30:00,DC_1,21.12,67.75,58.63,60.03,363.68,23.12,52.75,43.63,55.53443204,7.49
2024-06-01 02:00:00,DC_1,24.12,52.04,48.5,17.36,196.74,24.12,37.04,33.5,15.82687885,8.83
2024-06-01 04:30:00,DC_1,23.49,55.87,49.73,21.41,179.65,23.49,40.87,34.73,19.14823585,10.56
2024-06-01 07:00:00,DC_1,24.33,50.91,47.05,15.69,175.18,24.33,35.91,32.05,13.90116571,11.4
2024-06-01 09:30:00,DC_1,22.29,55.01,53.89,19.77,167.81,23.29,40.01,38.89,18.37216826,7.07
2024-06-01 12:00:00,DC_1,22.56,51.07,54.35,21.2,200.69,23.06,36.07,39.35,19.73967748,6.89
2024-06-01 14:30:00,DC_1,21.21,66.87,61.74,45.69,279.12,23.21,51.87,46.74,43.02054144,5.84
2024-06-01 17:00:00,DC_1,16.87,68.26,69.96,48.69,284.9,19.37,53.26,54.96,44.33690995,8.94
2024-06-01 19:30:00,DC_1,21.34,53.72,50.41,32.66,246.35,23.34,38.72,35.41,28.72375331,12.05
2024-06-01 22:00:00,DC_1,20.73,63.72,48.98,25.61,237.86,23.23,48.72,33.98,24.85255785,2.96
2024-06-02 00:30:00,DC_1,24.22,60.96,49.29,22.79,236.2,24.22,60.96,49.29,22.78883866,0.01
2024-06-02 03:00:00,DC_1,21.49,52.25,47.44,16.54,170.44,23.49,37.25,32.44,15.94362382,3.61
2024-06-02 05:30:00,DC_1,22.83,45.59,42.22,15.44,162.09,23.33,30.59,30.0,14.8566538,3.78
2024-06-02 08:00:00,DC_1,24.37,55.68,51.21,15.36,166.65,24.37,40.68,36.21,14.70438505,4.27
2024-06-02 10:30:00,DC_1,23.84,53.39,47.48,16.87,172.52,23.84,53.39,47.48,16.86648485,0.02
2024-06-02 13:00:00,DC_1,23.64,57.73,51.54,20.2,201.85,23.64,42.73,36.54,18.49647721,8.43
2024-06-02 15:30:00,DC_1,21.97,53.22,53.47,26.52,209.9,23.47,38.22,38.47,25.44402406,4.06
2024-06-02 18:00:00,DC_1,21.38,63.58,61.18,36.9,259.3,23.38,48.58,46.18,33.27215656,9.83
2024-06-02 20:30:00,DC_1,21.63,57.19,61.73,29.39,248.18,23.13,42.19,46.73,28.28952388,3.74
2024-06-02 23:00:00,DC_1,23.21,53.03,42.06,25.82,254.53,23.21,38.03,30.0,25.02734009,3.07
2024-06-03 01:30:00,DC_1,22.51,46.06,54.22,25.56,247.15,22.51,46.06,54.22,25.56,0.0
2024-06-03 04:00:00,DC_1,22.83,48.36,49.73,18.14,194.41,23.33,33.36,34.73,17.38256405,4.18
2024-06-03 06:30:00,DC_1,25.16,39.41,45.42,14.84,157.86,25.16,30.0,30.42,12.66887019,14.63
2024-06-03 09:00:00,DC_1,23.01,46.21,57.05,23.06,191.2,23.01,31.21,42.05,19.27971684,16.39
2024-06-03 11:30:00,DC_1,22.09,71.65,60.74,35.88,234.66,23.09,56.65,45.74,32.3302975,9.89
2024-06-03 14:00:00,DC_1,23.17,66.19,56.99,42.5,314.7,23.17,51.19,41.99,40.99216291,3.55
2024-06-03 16:30:00,DC_1,22.51,67.09,64.33,50.76,344.95,23.01,52.09,49.33,49.61276994,2.26
2024-06-03 19:00:00,DC_1,22.65,75.2,65.24,45.87,372.87,23.15,60.2,50.24,44.27539966,3.48
2024-06-03 21:30:00,DC_1,20.19,63.39,61.68,37.47,312.86,22.69,48.39,46.68,33.76354107,9.89
2024-06-04 00:00:00,DC_1,21.0,65.45,52.9,32.31,281.68,23.0,50.45,37.9,29.81819749,7.71
2024-06-04 02:30:00,DC_1,21.57,63.54,55.38,24.2,229.83,23.07,48.54,40.38,23.00232501,4.95
2024-06-04 05:00:00,DC_1,23.31,48.42,50.23,18.42,193.36,23.31,33.42,35.23,17.08072942,7.27
2024-06-04 07:30:00,DC_1,22.15,54.81,47.63,15.88,166.2,23.15,39.81,32.63,14.37100676,9.5
2024-06-04 10:00:00,DC_1,23.95,49.35,54.6,18.31,173.52,23.95,34.35,39.6,16.98771814,7.22
2024-06-04 12:30:00,DC_1,23.71,58.59,56.87,25.16,245.0,23.71,43.59,41.87,23.51576212,6.54
2024-06-04 15:00:00,DC_1,22.12,72.95,65.91,60.61,388.02,23.12,57.95,50.91,57.8051419,4.63
2024-06-04 17:30:00,DC_1,23.62,67.15,69.2,66.46,414.57,23.62,52.15,54.2,62.74466796,5.59
2024-06-04 20:00:00,DC_1,23.77,61.57,63.28,57.81,405.23,23.77,46.57,48.28,57.13744628,1.16
2024-06-04 22:30:00,DC_1,24.16,59.11,59.13,36.79,287.65,24.16,44.11,44.13,36.38779399,1.09
2024-06-05 01:00:00,DC_1,23.5,58.09,50.63,20.39,224.89,23.5,58.09,50.63,20.38753147,0.01
2024-06-05 03:30:00,DC_1,23.84,56.34,51.81,16.33,189.36,23.84,41.34,36.81,14.94867526,8.46
2024-06-05 06:00:00,DC_1,24.48,53.93,41.57,14.0,169.94,24.48,38.93,30.0,12.11939528,13.43
2024-06-05 08:30:00,DC_1,22.0,55.42,46.83,17.17,157.07,23.0,40.42,31.83,15.72598648,8.41
2024-06-05 11:00:00,DC_1,23.39,55.35,52.81,20.62,189.6,23.39,40.35,37.81,19.07096738,7.51
2024-06-05 13:30:00,DC_1,24.26,56.86,53.4,28.34,258.96,24.26,41.86,38.4,26.43828172,6.71
2024-06-05 16:00:00,DC_1,20.65,67.57,66.81,52.64,351.71,23.15,52.57,51.81,48.27625801,8.29
2024-06-05 18:30:00,DC_1,22.59,69.99,69.85,74.92,402.18,23.09,54.99,54.85,73.18083436,2.32
2024-06-05 21:00:00,DC_1,22.87,59.64,58.34,40.46,326.72,23.37,44.64,43.34,39.15322,3.23
2024-06-05 23:30:00,DC_1,23.99,60.3,52.12,35.48,309.31,23.99,45.3,37.12,35.2175746,0.74
2024-06-06 02:00:00,DC_1,22.6,54.55,55.37,19.84,211.17,23.1,39.55,40.37,18.68497894,5.82
2024-06-06 04:30:00,DC_1,22.51,52.88,53.44,16.76,170.74,23.01,37.88,38.44,14.9203669,10.98
2024-06-06 07:00:00,DC_1,24.82,47.03,40.3,12.39,165.43,24.82,32.03,30.0,11.64892216,5.98
2024-06-06 09:30:00,DC_1,21.82,54.29,55.64,16.1,178.82,23.32,39.29,40.64,13.64777352,15.23
2024-06-06 12:00:00,DC_1,24.56,65.21,46.05,28.37,262.01,24.56,50.21,31.05,27.84169106,1.86
2024-06-06 14:30:00,DC_1,23.29,61.15,50.41,31.25,284.99,23.29,61.15,63.66,31.246463,0.01
2024-06-06 17:00:00,DC_1,23.41,67.32,66.76,71.76,456.64,23.41,52.32,51.76,68.9749604,3.88
2024-06-06 19:30:00,DC_1,25.17,61.84,64.68,43.17,359.84,25.17,61.84,64.68,43.16807897,0.0
2024-06-06 22:00:00,DC_1,23.62,71.54,61.6,41.3,349.43,23.62,56.54,46.6,40.09180575,2.93
2024-06-07 00:30:00,DC_1,23.38,59.91,53.94,29.95,283.27,23.38,44.91,38.94,27.30705504,8.82
2024-06-07 03:00:00,DC_1,17.99,57.21,63.84,25.11,200.78,20.49,42.21,48.84,22.58922994,10.04
2024-06-07 05:30:00,DC_1,23.45,47.91,41.08,13.74,176.86,23.45,47.91,41.08,13.73612534,0.03
2024-06-07 08:00:00,DC_1,24.94,55.15,48.01,24.02,198.21,24.94,40.15,33.01,22.64959449,5.71
2024-06-07 10:30:00,DC_1,23.15,60.22,49.75,22.99,189.94,23.15,45.22,34.75,20.55400407,10.6
2024-06-07 13:00:00,DC_1,23.36,63.11,52.0,36.89,270.97,23.36,48.11,37.0,35.62976624,3.42
2024-06-07 15:30:00,DC_1,21.48,72.43,67.97,71.26,418.2,23.48,57.43,52.97,66.15135898,7.17
2024-06-07 18:00:00,DC_1,24.26,68.87,61.64,54.47,373.66,24.26,53.87,46.64,50.95081599,6.46
2024-06-07 20:30:00,DC_1,28.48,71.14,59.07,36.97,369.3,28.48,56.14,44.07,36.06647954,2.44
2024-06-07 23:00:00,DC_1,21.36,58.64,58.51,34.75,320.91,23.36,43.64,43.51,33.0270521,4.96
2024-06-08 01:30:00,DC_1,22.02,56.4,53.06,24.77,221.28,23.02,41.4,38.06,23.08784694,6.79
2024-06-08 04:00:00,DC_1,24.06,59.24,43.69,15.87,171.43,24.06,44.24,30.0,13.04931829,17.77
2024-06-08 06:30:00,DC_1,24.19,45.35,39.19,10.53,145.15,24.19,45.35,39.19,10.53,0.0
2024-06-08 09:00:00,DC_1,24.33,50.26,48.78,15.3,179.92,24.33,35.26,33.78,15.11322378,1.22
2024-06-08 11:30:00,DC_1,23.02,58.52,54.58,24.75,197.72,23.02,43.52,39.58,22.69138248,8.32
2024-06-08 14:00:00,DC_1,23.1,59.04,57.11,25.44,206.64,23.1,44.04,42.11,23.10682135,9.17
2024-06-08 16:30:00,DC_1,24.46,58.45,61.92,38.35,249.87,24.46,43.45,46.92,36.9894573,3.55
2024-06-08 19:00:00,DC_1,21.59,60.72,54.71,41.1,285.92,23.09,45.72,39.71,38.72219565,5.79
2024-06-08 21:30:00,DC_1,23.98,64.19,51.07,25.12,279.11,23.98,49.19,36.07,24.12974465,3.94
2024-06-09 00:00:00,DC_1,22.65,59.31,51.8,17.85,205.25,22.65,59.31,51.8,17.85,0.0
2024-06-09 02:30:00,DC_1,20.98,56.79,49.98,16.7,169.94,23.48,41.79,34.98,16.11871084,3.48
2024-06-09 05:00:00,DC_1,23.86,48.15,44.71,13.52,158.92,23.86,33.15,30.0,13.17126855,2.58
2024-06-09 07:30:00,DC_1,23.51,51.35,38.17,12.84,147.84,23.51,51.35,38.17,12.83625578,0.03
2024-06-09 10:00:00,DC_1,23.23,53.05,52.59,20.18,190.54,23.23,38.05,37.59,18.41687756,8.74
2024-06-09 12:30:00,DC_1,23.31,53.99,57.49,27.43,212.99,23.31,38.99,42.49,25.2974788,7.77
2024-06-09 15:00:00,DC_1,23.29,64.1,52.27,26.17,256.97,23.29,49.1,37.27,24.7097918,5.58
2024-06-09 17:30:00,DC_1,22.55,59.54,54.35,37.9,275.37,23.05,44.54,39.35,34.39814977,9.24
2024-06-09 20:00:00,DC_1,23.26,67.54,58.44,40.91,339.75,23.26,52.54,43.44,39.33680644,3.85
2024-06-09 22:30:00,DC_1,23.42,52.29,54.74,25.06,234.73,23.42,37.29,39.74,23.45728217,6.4
2024-06-10 01:00:00,DC_1,25.24,50.66,53.42,28.4,280.77,25.24,35.66,38.42,27.40164387,3.52
2024-06-10 03:30:00,DC_1,24.81,44.64,46.92,13.53,193.97,24.81,36.64,31.92,13.06889149,3.41
2024-06-10 06:00:00,DC_1,23.21,48.59,48.33,13.54,150.94,23.21,33.59,33.33,12.69057486,6.27
2024-06-10 08:30:00,DC_1,22.37,62.38,47.18,18.44,180.47,23.37,47.38,32.18,17.79366208,3.51
2024-06-10 11:00:00,DC_1,21.78,56.81,57.18,23.99,205.96,23.28,41.81,42.18,22.91292073,4.49
2024-06-10 13:30:00,DC_1,21.97,64.93,62.79,46.71,302.48,23.47,49.93,47.79,45.26405571,3.1
2024-06-10 16:00:00,DC_1,24.75,66.72,66.46,50.77,403.33,24.75,51.72,51.46,49.25360376,2.99
2024-06-10 18:30:00,DC_1,22.07,73.02,67.53,48.82,351.03,23.07,58.02,52.53,45.56494926,6.67
2024-06-10 21:00:00,DC_1,24.25,64.8,56.8,50.67,373.2,24.25,49.8,41.8,48.17905272,4.92
2024-06-10 23:30:00,DC_1,22.76,68.43,55.07,42.18,330.38,23.26,53.43,40.07,39.88062375,5.45
2024-06-11 02:00:00,DC_1,22.46,56.84,50.81,21.14,214.59,22.46,56.84,50.81,21.13508151,0.02
2024-06-11 04:30:00,DC_1,20.96,57.44,51.15,21.24,202.2,23.46,42.44,36.15,17.85082243,15.96
2024-06-11 07:00:00,DC_1,20.6,50.48,51.5,17.97,169.14,23.1,35.48,36.5,16.69135592,7.12
2024-06-11 09:30:00,DC_1,23.59,53.29,49.46,20.97,197.6,23.59,38.29,34.46,17.99293003,14.2
2024-06-11 12:00:00,DC_1,23.02,60.86,49.89,21.96,247.32,23.02,45.86,34.89,20.0756644,8.58
2024-06-11 14:30:00,DC_1,23.22,64.95,61.93,35.66,273.62,23.22,49.95,46.93,34.50823304,3.23
2024-06-11 17:00:00,DC_1,22.12,64.52,61.88,58.42,389.69,23.12,49.52,46.88,54.77877581,6.23
2024-06-11 19:30:00,DC_1,23.17,65.97,58.51,51.98,359.97,23.17,50.97,43.51,50.88582429,2.1
2024-06-11 22:00:00,DC_1,22.81,69.08,60.08,42.3,374.27,23.31,54.08,45.08,41.83454534,1.1
2024-06-12 00:30:00,DC_1,24.0,55.22,59.44,24.88,258.16,24.0,55.22,59.44,24.88,0.0
2024-06-12 03:00:00,DC_1,23.38,57.04,46.33,15.39,197.78,23.38,57.04,46.33,15.38761504,0.02
2024-06-12 05:30:00,DC_1,22.89,54.07,47.95,16.36,165.96,23.39,39.07,32.95,15.84289632,3.16
2024-06-12 08:00:00,DC_1,23.78,60.03,50.86,15.94,182.94,23.78,45.03,35.86,15.82883138,0.7
2024-06-12 10:30:00,DC_1,24.19,54.69,49.84,29.75,210.86,24.19,39.69,34.84,27.3371908,8.11
2024-06-12 13:00:00,DC_1,23.27,60.62,64.15,33.92,267.85,23.27,60.62,64.15,33.92,0.0
2024-06-12 15:30:00,DC_1,21.7,76.52,61.36,65.08,399.77,23.2,61.52,46.36,62.57028906,3.86
2024-06-12 18:00:00,DC_1,23.13,55.33,62.08,66.1,421.67,23.13,58.79,47.08,64.63799905,2.21
2024-06-12 20:30:00,DC_1,22.4,67.54,57.4,55.87,366.06,23.4,52.54,42.4,54.80461725,1.91
2024-06-12 23:00:00,DC_1,22.72,64.56,53.01,37.85,331.48,23.22,49.56,38.01,34.86950538,7.87
2024-06-13 01:30:00,DC_1,22.24,64.94,48.37,26.59,245.37,23.24,49.94,33.37,23.14607892,12.95
2024-06-13 04:00:00,DC_1,22.97,54.98,47.82,19.67,187.62,23.47,39.98,32.82,18.25913643,7.17
2024-06-13 06:30:00,DC_1,21.45,62.9,52.72,16.56,179.39,23.45,47.9,37.72,15.21315363,8.13
2024-06-13 09:00:00,DC_1,24.79,46.46,48.02,17.94,177.18,24.79,31.46,33.02,16.51556098,7.94
2024-06-13 11:30:00,DC_1,21.43,55.64,52.74,29.79,206.33,22.93,55.64,37.74,28.2135989,5.29
2024-06-13 14:00:00,DC_1,21.72,67.88,59.65,49.72,295.72,23.22,52.88,44.65,47.32630173,4.81
2024-06-13 16:30:00,DC_1,23.71,66.38,64.96,67.7,413.98,23.71,51.38,49.96,64.51897042,4.7
2024-06-13 19:00:00,DC_1,22.79,63.5,61.36,51.53,369.49,23.29,48.5,46.36,51.01367609,1.0
2024-06-13 21:30:00,DC_1,27.28,52.07,55.39,27.11,297.51,27.28,37.07,40.39,26.40748698,2.59
2024-06-14 00:00:00,DC_1,22.28,65.56,63.55,31.53,283.6,23.28,50.56,48.55,30.1159101,4.48
2024-06-14 02:30:00,DC_1,23.75,49.71,50.12,18.27,201.29,23.75,34.71,35.12,16.84541246,7.8
2024-06-14 05:00:00,DC_1,23.23,57.78,46.28,15.24,175.03,23.23,42.78,31.28,13.9565704,8.42
2024-06-14 07:30:00,DC_1,23.28,44.32,50.41,18.87,180.97,23.28,30.0,42.66,16.62763072,11.88
2024-06-14 10:00:00,DC_1,22.57,57.08,53.66,21.55,205.74,23.07,42.08,38.66,20.66870576,4.09
2024-06-14 12:30:00,DC_1,21.85,66.81,54.76,35.1,261.28,23.35,51.81,39.76,31.51956953,10.2
2024-06-14 15:00:00,DC_1,21.53,77.0,69.36,59.3,381.63,23.03,62.0,54.36,55.45994014,6.48
2024-06-14 17:30:00,DC_1,23.6,65.83,61.98,53.49,364.88,23.6,50.83,46.98,51.329553,4.04
2024-06-14 20:00:00,DC_1,22.72,67.26,59.12,46.6,340.47,23.22,52.26,44.12,44.59612438,4.3
2024-06-14 22:30:00,DC_1,22.7,67.62,66.89,54.13,430.24,23.2,52.62,51.89,51.35906339,5.12
2024-06-15 01:00:00,DC_1,23.33,59.67,48.64,20.26,204.06,23.33,44.67,33.64,19.61933667,3.16
2024-06-15 03:30:00,DC_1,22.38,54.01,41.1,16.46,163.63,23.38,39.01,30.0,15.19579179,7.68
2024-06-15 06:00:00,DC_1,23.68,52.68,53.41,17.76,179.3,23.68,37.68,38.41,17.00899563,4.23
2024-06-15 08:30:00,DC_1,22.74,50.94,53.22,16.34,182.71,23.24,35.94,38.22,16.10240364,1.45
2024-06-15 11:00:00,DC_1,22.82,54.76,57.76,19.49,168.68,23.32,39.76,42.76,18.1578061,6.84
2024-06-15 13:30:00,DC_1,21.84,70.45,64.82,38.32,270.61,23.34,55.45,49.82,35.40255483,7.61
2024-06-15 16:00:00,DC_1,24.89,64.18,58.39,40.97,306.96,24.89,49.18,43.39,40.40835482,1.37
2024-06-15 18:30:00,DC_1,22.25,70.24,62.75,34.56,262.57,23.25,55.24,47.75,32.00738353,7.39
2024-06-15 21:00:00,DC_1,24.06,64.53,49.65,31.31,296.22,24.06,49.53,34.65,28.4401038,9.17
2024-06-15 23:30:00,DC_1,23.39,67.03,50.72,23.04,236.0,23.39,52.03,35.72,22.33672717,3.05
2024-06-16 02:00:00,DC_1,16.58,61.28,58.07,28.42,186.96,19.08,46.28,43.07,25.97755654,8.59
2024-06-16 04:30:00,DC_1,22.56,49.18,48.88,16.15,166.93,23.06,34.18,33.88,14.14110832,12.44
2024-06-16 07:00:00,DC_1,23.67,48.4,45.01,11.21,156.77,23.67,33.4,30.01,10.41440828,7.1
2024-06-16 09:30:00,DC_1,23.13,56.94,52.59,17.3,186.22,23.13,56.94,52.59,17.3,0.0
2024-06-16 12:00:00,DC_1,24.74,46.82,51.68,20.31,184.82,24.74,31.82,36.68,19.0064172,6.42
2024-06-16 14:30:00,DC_1,22.99,58.5,57.24,26.85,229.15,23.49,43.5,42.24,25.26200275,5.91
2024-06-16 17:00:00,DC_1,22.75,67.26,63.72,44.57,291.74,23.25,52.26,48.72,43.07583847,3.35
2024-06-16 19:30:00,DC_1,24.08,66.14,54.83,33.22,295.16,24.08,51.14,39.83,31.94099123,3.85
2024-06-16 22:00:00,DC_1,21.74,50.12,52.42,26.74,280.9,23.24,35.12,37.42,25.88332177,3.2
2024-06-17 00:30:00,DC_1,23.0,55.66,46.48,32.05,260.35,23.5,40.66,31.48,31.58306378,1.46
2024-06-17 03:00:00,DC_1,20.95,56.58,50.99,22.45,200.17,23.45,41.58,35.99,20.37059395,9.26
2024-06-17 05:30:00,DC_1,23.13,50.47,51.18,14.49,175.02,23.13,35.47,36.18,14.23620215,1.75
2024-06-17 08:00:00,DC_1,21.44,49.97,45.06,22.4,169.46,23.44,34.97,30.06,20.38615014,8.99
2024-06-17 10:30:00,DC_1,28.15,58.11,45.0,40.41,318.98,28.15,43.11,30.0,39.30001645,2.75
2024-06-17 13:00:00,DC_1,22.55,63.62,61.0,32.74,275.18,23.05,48.62,46.0,29.20690311,10.79
2024-06-17 15:30:00,DC_1,21.32,66.18,70.86,65.79,348.86,23.32,51.18,55.86,61.9290844,5.87
2024-06-17 18:00:00,DC_1,23.92,67.32,66.98,54.26,399.0,23.92,52.32,51.98,52.9004866,2.51
2024-06-17 20:30:00,DC_1,22.16,63.95,58.4,49.51,373.08,23.16,48.95,43.4,48.27727895,2.49
2024-06-17 23:00:00,DC_1,24.34,56.8,53.23,29.86,320.12,24.34,41.8,38.23,28.72943693,3.79
2024-06-18 01:30:00,DC_1,21.95,64.41,58.67,29.05,266.3,23.45,49.41,43.67,27.3084432,6.0
2024-06-18 04:00:00,DC_1,22.67,50.73,44.38,19.23,197.21,23.17,35.73,30.0,17.34005344,9.83
2024-06-18 06:30:00,DC_1,21.68,51.85,46.63,12.69,156.56,21.68,51.85,46.63,12.6864495,0.03
2024-06-18 09:00:00,DC_1,28.39,51.26,37.45,12.14,177.42,28.39,51.26,37.45,12.14,0.0
2024-06-18 11:30:00,DC_1,22.96,59.85,62.21,25.84,236.29,23.46,44.85,47.21,25.27286714,2.19
2024-06-18 14:00:00,DC_1,20.7,64.02,60.63,43.51,305.33,23.2,49.02,45.63,40.10942759,7.82
2024-06-18 16:30:00,DC_1,24.12,66.94,60.31,53.6,365.51,24.12,51.94,45.31,50.79587646,5.23
2024-06-18 19:00:00,DC_1,22.89,69.19,63.18,45.3,347.18,23.39,54.19,48.18,45.25560586,0.1
2024-06-18 21:30:00,DC_1,25.18,65.15,52.37,48.38,368.76,25.18,50.15,37.37,44.96238268,7.06
2024-06-19 00:00:00,DC_1,24.8,54.09,52.61,26.68,273.2,24.8,39.09,37.61,25.18991738,5.59
2024-06-19 02:30:00,DC_1,22.25,50.62,48.13,21.75,240.65,23.25,35.62,33.13,19.63448537,9.73
2024-06-19 05:00:00,DC_1,28.97,49.91,42.05,16.01,187.22,28.97,34.91,30.0,13.39628705,16.33
2024-06-19 07:30:00,DC_1,22.6,58.02,53.61,17.98,172.82,23.1,43.02,38.61,16.46455945,8.43
2024-06-19 10:00:00,DC_1,22.87,58.25,54.01,23.65,212.93,23.37,43.25,39.01,22.78922377,3.64
2024-06-19 12:30:00,DC_1,24.73,60.01,47.99,23.97,244.54,24.73,45.01,32.99,23.4533598,2.16
2024-06-19 15:00:00,DC_1,23.21,64.07,57.68,41.82,322.04,23.21,64.07,57.68,41.82,0.0
2024-06-19 17:30:00,DC_1,23.96,72.62,70.35,66.71,460.05,23.96,57.62,55.35,64.62346912,3.13
2024-06-19 20:00:00,DC_1,23.55,64.82,59.02,44.53,329.51,23.55,49.82,44.02,44.28397441,0.55
2024-06-19 22:30:00,DC_1,22.97,65.28,67.14,48.62,345.64,23.47,50.28,52.14,47.33894919,2.63
2024-06-20 01:00:00,DC_1,16.16,64.08,67.12,33.15,234.3,18.66,49.08,52.12,31.80983562,4.04
2024-06-20 03:30:00,DC_1,25.73,51.11,51.19,17.32,195.55,25.73,36.11,36.19,15.84533796,8.51
2024-06-20 06:00:00,DC_1,24.15,52.91,44.47,16.36,159.74,24.15,37.91,30.0,14.25980355,12.84
2024-06-20 08:30:00,DC_1,23.38,42.92,42.27,17.11,177.57,23.38,30.0,30.0,16.55150673,3.26
2024-06-20 11:00:00,DC_1,23.67,54.77,46.23,20.17,206.19,23.67,39.77,31.23,18.88749881,6.36
2024-06-20 13:30:00,DC_1,27.17,59.73,51.4,33.19,262.3,27.17,44.73,36.4,30.42500239,8.33
2024-06-20 16:00:00,DC_1,24.39,71.77,62.42,57.25,396.24,24.39,56.77,47.42,56.15086857,1.92
2024-06-20 18:30:00,DC_1,21.78,66.17,67.58,58.0,375.67,23.28,51.17,52.58,55.77766222,3.83
2024-06-20 21:00:00,DC_1,23.59,55.33,57.34,61.01,397.17,23.59,48.4,42.34,58.82197579,3.59
2024-06-20 23:30:00,DC_1,24.55,51.41,54.49,26.62,275.14,24.55,36.41,39.49,24.96850841,6.2
2024-06-21 02:00:00,DC_1,24.58,49.22,50.41,22.43,217.95,24.58,34.22,32.59,21.22141249,5.39
2024-06-21 04:30:00,DC_1,24.94,51.75,48.74,17.47,184.42,24.94,36.75,33.74,16.8128369,3.76
2024-06-21 07:00:00,DC_1,21.52,51.2,49.24,16.51,159.67,23.02,36.2,34.24,16.08091099,2.6
2024-06-21 09:30:00,DC_1,22.5,53.97,41.3,24.25,203.24,23.5,38.97,30.0,24.19437702,0.23
2024-06-21 12:00:00,DC_1,26.36,51.06,51.38,30.06,233.91,26.36,36.06,36.38,28.80524523,4.17
2024-06-21 14:30:00,DC_1,22.43,64.44,62.75,48.99,325.75,23.43,49.44,47.75,47.18510291,3.68
2024-06-21 17:00:00,DC_1,21.24,75.46,70.58,70.34,393.09,23.24,60.46,55.58,67.7631332,3.66
2024-06-21 19:30:00,DC_1,23.43,67.8,69.95,57.13,363.44,23.43,52.8,54.95,54.57535071,4.47
2024-06-21 22:00:00,DC_1,23.21,57.32,58.78,33.5,286.32,23.21,42.32,43.78,33.32382485,0.53
2024-06-22 00:30:00,DC_1,21.99,52.96,51.61,21.35,215.48,23.49,37.96,36.61,19.27555173,9.72
2024-06-22 03:00:00,DC_1,25.53,49.82,36.59,11.45,176.32,25.53,34.82,30.0,11.30148594,1.3
2024-06-22 05:30:00,DC_1,22.16,51.89,47.28,16.77,162.81,23.16,36.89,32.28,16.76166945,0.05
2024-06-22 08:00:00,DC_1,23.86,46.12,47.12,14.36,152.93,23.86,31.12,32.12,13.49836285,6.0
2024-06-22 10:30:00,DC_1,24.26,61.59,56.57,27.16,265.47,24.26,46.59,41.57,25.7214765,5.3
2024-06-22 13:00:00,DC_1,27.7,44.33,48.98,23.53,240.33,27.7,44.33,48.98,23.52643859,0.02
2024-06-22 15:30:00,DC_1,20.87,63.83,62.34,28.09,217.93,23.37,48.83,47.34,25.66005404,8.65
2024-06-22 18:00:00,DC_1,24.13,64.12,66.86,44.87,310.14,24.13,49.12,51.86,43.86416713,2.24
2024-06-22 20:30:00,DC_1,24.5,61.06,57.8,33.63,282.9,24.5,46.06,42.8,32.06420967,4.66
2024-06-22 23:00:00,DC_1,23.21,58.63,58.53,23.88,231.98,23.21,43.63,43.53,23.19993287,2.85
2024-06-23 01:30:00,DC_1,20.79,60.81,49.6,22.03,187.54,23.29,45.81,34.6,19.78071317,10.21
2024-06-23 04:00:00,DC_1,23.06,48.97,47.23,15.08,172.27,23.06,33.97,32.23,14.153957,6.14
2024-06-23 06:30:00,DC_1,22.58,59.75,44.65,16.7,181.16,23.08,44.75,30.0,14.12132678,15.44
2024-06-23 09:00:00,DC_1,25.21,54.57,41.73,13.21,168.45,25.21,39.57,30.0,12.82321772,2.93
2024-06-23 11:30:00,DC_1,21.19,62.08,52.07,24.99,199.07,23.19,47.08,37.07,24.05652421,3.74
2024-06-23 14:00:00,DC_1,17.12,69.49,60.33,46.01,255.26,19.62,54.49,45.33,42.29745727,8.07
2024-06-23 16:30:00,DC_1,23.3,61.99,58.73,32.32,272.16,23.3,46.99,43.73,31.12729536,3.69
2024-06-23 19:00:00,DC_1,23.76,64.74,58.79,28.91,276.45,23.76,49.74,43.79,28.25252698,2.27
2024-06-23 21:30:00,DC_1,22.67,59.06,61.62,35.17,294.31,23.17,44.06,46.62,34.18536712,2.8
2024-06-24 00:00:00,DC_1,21.68,64.59,54.87,42.68,309.15,23.18,49.59,39.87,40.43717323,5.25
2024-06-24 02:30:00,DC_1,23.07,57.58,49.4,23.11,247.15,23.07,42.58,34.4,21.06180661,8.86
2024-06-24 05:00:00,DC_1,23.56,55.98,41.82,15.21,196.51,23.56,55.98,41.82,15.21,0.0
2024-06-24 07:30:00,DC_1,22.81,48.48,46.0,7.68,161.36,23.31,33.48,31.0,7.427111284,3.29
2024-06-24 10:00:00,DC_1,23.11,58.72,55.51,26.62,203.76,23.11,58.72,55.51,26.62,0.0
2024-06-24 12:30:00,DC_1,24.06,57.76,54.2,27.36,231.14,24.06,42.76,39.2,25.80364926,5.69
2024-06-24 15:00:00,DC_1,16.88,66.46,72.35,69.62,351.06,19.38,51.46,57.35,64.85052209,6.85
2024-06-24 17:30:00,DC_1,21.9,74.57,70.78,60.86,419.7,23.4,59.57,55.78,60.57671228,0.47
2024-06-24 20:00:00,DC_1,21.43,64.24,70.4,48.91,365.41,23.43,49.24,55.4,45.30532362,7.37
2024-06-24 22:30:00,DC_1,23.25,66.14,58.16,32.07,301.26,23.25,51.14,43.16,31.51238252,1.74
2024-06-25 01:00:00,DC_1,22.94,63.44,47.29,31.14,297.57,23.44,48.44,32.29,29.36679811,5.69
2024-06-25 03:30:00,DC_1,23.63,58.27,44.69,18.29,184.13,23.63,43.27,30.0,16.08709779,12.04
2024-06-25 06:00:00,DC_1,23.05,47.94,48.53,17.48,166.58,23.05,32.94,33.53,16.58839047,5.1
2024-06-25 08:30:00,DC_1,21.86,62.28,49.23,16.1,161.46,23.36,47.28,34.23,15.23960933,5.34
2024-06-25 11:00:00,DC_1,21.45,62.74,59.13,31.5,223.79,23.45,47.74,44.13,28.20149112,10.47
2024-06-25 13:30:00,DC_1,24.57,64.03,58.24,35.97,284.28,24.57,49.03,43.24,34.38544748,4.41
2024-06-25 16:00:00,DC_1,23.33,61.39,61.89,58.97,379.14,23.33,46.39,46.89,57.07087299,3.22
2024-06-25 18:30:00,DC_1,22.13,70.96,65.2,58.08,405.88,23.13,55.96,50.2,53.74651597,7.46
2024-06-25 21:00:00,DC_1,22.04,68.34,55.81,38.24,320.4,23.04,53.34,40.81,35.70075067,6.64
2024-06-25 23:30:00,DC_1,23.19,70.95,54.37,38.19,318.52,23.19,55.95,39.37,37.34307225,2.22
2024-06-26 02:00:00,DC_1,27.9,42.46,47.01,18.46,230.7,27.9,30.0,32.01,17.0142073,7.83
2024-06-26 04:30:00,DC_1,27.27,48.38,40.62,12.04,168.94,27.27,33.38,30.0,11.43406603,5.03
2024-06-26 07:00:00,DC_1,23.36,54.93,44.44,17.56,186.31,23.36,39.93,30.0,16.48790574,6.11
2024-06-26 09:30:00,DC_1,20.75,62.41,53.46,26.97,203.69,23.25,47.41,38.46,24.32823265,9.8
2024-06-26 12:00:00,DC_1,22.5,64.4,58.21,32.29,251.57,23.5,49.4,43.21,30.04060304,6.97
2024-06-26 14:30:00,DC_1,23.5,64.33,65.34,46.11,327.7,23.5,49.33,50.34,44.70468295,3.05
2024-06-26 17:00:00,DC_1,16.55,84.45,73.74,94.55,408.34,19.05,69.45,58.74,87.32842522,7.64
2024-06-26 19:30:00,DC_1,21.35,67.93,63.03,58.29,373.54,23.35,52.93,48.03,53.78244568,7.73
2024-06-26 22:00:00,DC_1,22.83,62.72,59.18,32.91,310.72,23.33,47.72,44.18,32.83656198,0.22
2024-06-27 00:30:00,DC_1,16.18,70.75,57.98,47.19,275.73,18.68,55.75,42.98,42.69693687,9.52
2024-06-27 03:00:00,DC_1,23.87,46.08,47.24,19.06,192.26,23.87,31.08,32.24,18.08030385,5.14
2024-06-27 05:30:00,DC_1,23.3,55.24,40.33,16.66,162.7,23.3,40.24,30.0,15.34196092,7.91
2024-06-27 08:00:00,DC_1,24.34,47.44,47.97,15.83,160.55,24.34,47.44,47.97,15.83,0.0
2024-06-27 10:30:00,DC_1,23.84,54.31,50.38,19.65,182.95,23.84,39.31,35.38,16.77064734,14.65
2024-06-27 13:00:00,DC_1,23.53,58.67,64.26,31.1,282.06,23.53,43.67,49.26,30.96400351,0.44
2024-06-27 15:30:00,DC_1,23.06,65.71,68.07,58.18,355.28,23.06,50.71,53.07,55.12577825,5.25
2024-06-27 18:00:00,DC_1,23.02,75.71,68.58,70.63,479.02,23.02,75.71,68.58,70.63,0.0
2024-06-27 20:30:00,DC_1,21.9,66.89,64.98,41.46,313.97,23.4,51.89,49.98,38.1157103,8.07
2024-06-27 23:00:00,DC_1,22.62,60.18,51.3,35.77,315.09,23.12,45.18,36.3,35.34335222,1.19
2024-06-28 01:30:00,DC_1,22.31,67.1,60.02,46.4,352.92,23.31,52.1,45.02,43.78065059,5.65
2024-06-28 04:00:00,DC_1,22.66,56.47,56.36,24.96,207.37,23.16,41.47,41.36,24.27998071,2.72
2024-06-28 06:30:00,DC_1,22.62,48.86,43.78,16.36,171.56,23.12,33.86,30.0,16.11268366,1.51
2024-06-28 09:00:00,DC_1,23.16,42.65,50.84,16.58,157.51,23.16,42.65,35.84,14.79040595,10.79
2024-06-28 11:30:00,DC_1,24.44,52.54,56.38,27.19,210.63,24.44,37.54,41.38,24.07929133,11.44
2024-06-28 14:00:00,DC_1,23.13,66.03,52.42,38.48,269.49,23.13,51.03,37.42,38.18984329,0.75
2024-06-28 16:30:00,DC_1,24.33,64.12,60.05,45.98,378.12,24.33,64.12,60.05,45.98,0.0
2024-06-28 19:00:00,DC_1,23.9,67.05,68.82,48.96,383.29,23.9,52.05,53.82,46.70244461,4.61
2024-06-28 21:30:00,DC_1,26.18,56.04,61.53,38.75,337.93,26.18,41.04,46.53,36.31690232,6.28
2024-06-29 00:00:00,DC_1,22.44,55.55,55.77,26.05,238.43,23.44,40.55,40.77,22.85953471,12.25
2024-06-29 02:30:00,DC_1,21.13,55.84,50.75,20.72,183.33,23.13,40.84,35.75,20.33500844,1.86
2024-06-29 05:00:00,DC_1,22.1,57.39,52.71,17.73,174.73,22.1,57.39,52.71,17.72910084,0.01
2024-06-29 07:30:00,DC_1,24.25,49.51,48.18,16.08,175.79,24.25,34.51,33.18,14.93083322,7.15
2024-06-29 10:00:00,DC_1,21.5,51.68,45.81,17.49,165.5,23.5,36.68,30.81,16.85263068,3.64
2024-06-29 12:30:00,DC_1,22.46,53.2,50.03,25.8,228.66,23.46,38.2,35.03,24.43508156,5.29
2024-06-29 15:00:00,DC_1,21.44,64.62,55.21,29.38,233.7,23.44,49.62,40.21,27.10887424,7.73
2024-06-29 17:30:00,DC_1,24.83,55.5,49.03,35.75,263.83,24.83,40.5,34.03,34.44938111,3.64
2024-06-29 20:00:00,DC_1,22.87,49.81,43.67,23.83,233.65,22.87,49.81,43.67,23.83,0.0
2024-06-29 22:30:00,DC_1,21.55,64.5,52.93,28.02,237.29,23.05,49.5,37.93,26.4877777,5.47
2024-06-30 01:00:00,DC_1,24.18,53.81,49.43,20.25,208.33,24.18,38.81,34.43,18.69564476,7.68
2024-06-30 03:30:00,DC_1,24.67,43.66,46.0,16.43,164.95,24.67,30.0,31.0,15.15623116,7.75
2024-06-30 06:00:00,DC_1,22.3,60.32,48.5,14.75,175.21,23.3,45.32,33.5,13.91834941,5.64
2024-06-30 08:30:00,DC_1,22.38,56.97,57.04,17.06,151.08,23.38,41.97,42.04,14.49892076,15.01
2024-06-30 11:00:00,DC_1,28.72,43.35,46.08,16.18,164.21,28.72,30.0,31.08,14.59684704,9.78
2024-06-30 13:30:00,DC_1,16.88,64.94,60.67,43.51,225.44,19.38,49.94,45.67,40.33057638,7.31
2024-06-30 16:00:00,DC_1,20.74,68.77,62.51,43.81,302.7,23.24,53.77,47.51,39.86680653,9.0
2024-06-30 18:30:00,DC_1,23.05,59.39,57.77,28.16,254.42,23.05,44.39,42.77,26.94876636,4.3
2024-06-30 21:00:00,DC_1,24.93,55.18,48.56,19.61,220.36,24.93,40.18,33.56,18.06059467,7.9
2024-06-30 23:30:00,DC_1,23.18,67.21,55.48,36.38,313.28,23.18,52.21,40.48,34.87114753,4.15
2024-07-01 02:00:00,DC_1,22.18,53.34,54.16,20.83,227.59,23.18,38.34,39.16,18.41654364,11.59
2024-07-01 04:30:00,DC_1,22.09,49.86,49.99,17.89,184.26,23.09,34.86,34.99,16.25679488,9.13
2024-07-01 07:00:00,DC_1,23.09,46.87,41.73,14.49,172.62,23.09,46.87,41.73,14.4882739,0.01
2024-07-01 09:30:00,DC_1,23.48,55.43,47.85,18.05,177.7,23.48,40.43,32.85,16.99895479,5.82
2024-07-01 12:00:00,DC_1,22.16,69.13,71.77,36.11,285.83,23.16,54.13,56.77,32.99065448,8.64
2024-07-01 14:30:00,DC_1,20.29,68.58,69.78,55.87,340.95,22.79,53.58,54.78,51.3611497,8.07
2024-07-01 17:00:00,DC_1,21.64,69.04,71.9,61.98,373.32,23.14,54.04,56.9,59.49805801,4.0
2024-07-01 19:30:00,DC_1,25.91,71.22,62.57,57.73,388.93,25.91,56.22,47.57,54.7784237,5.11
2024-07-01 22:00:00,DC_1,22.48,70.8,62.55,61.64,423.8,23.48,55.8,47.55,59.21449634,3.93
2024-07-02 00:30:00,DC_1,27.21,49.43,51.22,26.04,269.79,27.21,34.43,36.22,23.07209397,11.4
2024-07-02 03:00:00,DC_1,22.04,55.26,51.83,22.41,209.64,23.04,40.26,36.83,21.81029673,2.68
2024-07-02 05:30:00,DC_1,22.25,53.18,41.25,16.69,169.83,23.25,38.18,30.0,14.96185106,10.35
2024-07-02 08:00:00,DC_1,23.94,57.56,49.84,14.72,174.99,23.94,42.56,34.84,14.44659166,1.86
2024-07-02 10:30:00,DC_1,22.4,57.7,56.83,26.25,206.49,22.4,57.7,56.83,26.25,0.0
2024-07-02 13:00:00,DC_1,21.65,67.06,62.2,40.33,280.78,23.15,52.06,47.2,37.90668525,6.01
2024-07-02 15:30:00,DC_1,20.24,77.63,64.3,52.56,342.96,22.74,62.63,49.3,48.91264057,6.94
2024-07-02 18:00:00,DC_1,20.44,75.65,79.34,82.35,415.91,22.94,60.65,64.34,74.84795929,9.11
2024-07-02 20:30:00,DC_1,23.4,68.69,63.41,42.32,339.38,23.4,53.69,48.41,41.14362811,2.78
2024-07-02 23:00:00,DC_1,24.18,66.64,54.85,35.73,294.63,24.18,66.64,54.85,35.72908922,0.0
2024-07-03 01:30:00,DC_1,24.7,53.99,43.96,21.49,246.13,24.7,53.99,43.96,21.48716552,0.01
2024-07-03 04:00:00,DC_1,22.99,52.51,45.66,14.82,172.99,23.49,37.51,30.66,13.73050615,7.35
2024-07-03 06:30:00,DC_1,23.22,52.58,49.27,15.26,161.65,23.22,37.58,34.27,13.74992491,9.9
2024-07-03 09:00:00,DC_1,23.44,49.46,47.49,19.07,182.98,23.44,34.46,32.49,17.39787054,8.77
2024-07-03 11:30:00,DC_1,16.88,82.36,68.38,42.36,226.87,19.38,67.36,53.38,37.59956537,11.24
2024-07-03 14:00:00,DC_1,22.77,62.0,50.41,31.98,263.84,23.27,47.0,35.38,31.78067118,0.62
2024-07-03 16:30:00,DC_1,21.5,68.11,67.64,70.32,417.9,23.5,53.11,52.64,67.70327496,3.72
2024-07-03 19:00:00,DC_1,22.16,77.82,77.07,59.62,375.5,23.16,62.82,62.07,57.91619924,2.86
2024-07-03 21:30:00,DC_1,21.89,69.34,63.41,47.23,363.81,23.39,54.34,48.41,43.90087004,7.05
2024-07-04 00:00:00,DC_1,21.99,55.27,59.63,36.13,304.08,23.49,40.27,44.63,34.2040425,5.33
2024-07-04 02:30:00,DC_1,22.48,46.78,48.28,22.03,207.57,23.48,31.78,33.28,19.96458777,9.38
2024-07-04 05:00:00,DC_1,21.65,51.01,49.38,16.92,167.15,23.15,36.01,34.38,15.95468093,5.71
2024-07-04 07:30:00,DC_1,20.93,54.45,58.52,14.6,169.4,23.43,39.45,43.52,13.50792667,7.48
2024-07-04 10:00:00,DC_1,20.52,56.11,57.66,25.77,228.69,23.02,41.11,42.66,23.40102078,9.19
2024-07-04 12:30:00,DC_1,23.16,64.72,54.86,29.12,279.9,23.16,49.72,39.86,27.48482311,5.62
2024-07-04 15:00:00,DC_1,23.59,66.02,62.91,54.04,368.38,23.59,51.02,47.91,52.63116146,2.61
2024-07-04 17:30:00,DC_1,22.84,73.29,65.19,65.93,431.62,23.34,58.29,50.19,64.7851369,1.74
2024-07-04 20:00:00,DC_1,22.64,67.79,62.34,51.67,379.66,23.14,52.79,47.34,48.81317232,5.53
2024-07-04 22:30:00,DC_1,23.61,59.0,54.82,37.6,309.74,23.61,44.0,39.82,37.24977901,0.93
2024-07-05 01:00:00,DC_1,23.37,60.38,46.98,24.98,238.64,23.37,45.38,31.98,23.8363447,4.58
2024-07-05 03:30:00,DC_1,20.27,56.68,53.79,26.17,198.62,22.77,41.68,38.79,22.57910113,13.72
2024-07-05 06:00:00,DC_1,21.32,62.15,42.83,20.41,168.51,23.32,47.15,30.0,17.87579636,12.42
2024-07-05 08:30:00,DC_1,25.32,48.86,49.04,15.36,174.39,25.32,33.86,34.04,13.55770839,11.73
2024-07-05 11:00:00,DC_1,23.11,53.67,56.01,30.99,215.58,23.11,38.67,41.01,28.91141154,6.71
2024-07-05 13:30:00,DC_1,21.27,68.41,63.06,38.31,279.35,23.27,53.41,48.06,37.15837398,3.01
2024-07-05 16:00:00,DC_1,28.57,66.62,54.34,42.5,347.58,28.57,51.62,39.34,40.64406739,4.37
2024-07-05 18:30:00,DC_1,25.09,63.42,62.1,52.94,396.13,25.09,48.42,47.1,52.48130447,0.87
2024-07-05 21:00:00,DC_1,21.5,71.07,62.47,50.32,377.24,23.5,56.07,47.47,48.235234,4.14
2024-07-05 23:30:00,DC_1,16.17,55.33,66.51,51.05,317.69,18.67,51.77,51.51,47.50791027,6.94
2024-07-06 02:00:00,DC_1,23.36,50.73,47.51,15.59,180.74,23.36,35.73,32.51,14.45288121,7.29
2024-07-06 04:30:00,DC_1,21.54,47.63,46.19,17.68,165.0,23.04,32.63,31.19,16.0503344,9.22
2024-07-06 07:00:00,DC_1,23.52,57.9,48.69,17.26,160.76,23.52,42.9,33.69,15.36626327,10.97
2024-07-06 09:30:00,DC_1,22.75,49.19,47.86,17.37,166.02,23.25,34.19,32.86,16.66514438,4.06
2024-07-06 12:00:00,DC_1,23.04,52.64,61.89,30.53,260.45,23.04,37.64,46.89,29.27300629,4.12
2024-07-06 14:30:00,DC_1,25.82,54.79,55.81,32.19,246.22,25.82,54.79,55.81,32.1887864,0.0
2024-07-06 17:00:00,DC_1,23.46,58.48,52.2,30.38,268.03,23.46,43.48,37.2,29.55073074,2.73
2024-07-06 19:30:00,DC_1,22.47,63.35,57.0,35.72,261.23,22.47,63.35,57.0,35.71760153,0.01
2024-07-06 22:00:00,DC_1,24.5,56.38,49.14,28.85,267.31,24.5,41.38,34.14,27.42198479,4.95
2024-07-07 00:30:00,DC_1,23.35,56.34,53.37,25.68,233.17,23.35,41.34,38.37,24.51468447,4.54
2024-07-07 03:00:00,DC_1,21.76,49.03,47.34,22.93,213.42,23.26,34.03,32.34,21.29038032,7.15
2024-07-07 05:30:00,DC_1,22.61,51.14,42.83,14.97,153.75,23.11,36.14,30.0,13.73495909,8.25
2024-07-07 08:00:00,DC_1,24.16,49.43,46.36,16.19,163.58,24.16,34.43,31.36,14.83118977,8.39
2024-07-07 10:30:00,DC_1,21.16,57.71,47.87,19.68,177.23,21.16,57.71,47.87,19.68,0.0
2024-07-07 13:00:00,DC_1,21.78,59.05,60.43,25.27,220.65,23.28,44.05,45.43,24.69641829,2.27
2024-07-07 15:30:00,DC_1,21.59,65.07,63.85,30.8,247.17,23.09,50.07,48.85,29.8593619,3.05
2024-07-07 18:00:00,DC_1,24.51,58.01,50.22,26.15,257.4,24.51,58.01,50.22,26.15,0.0
2024-07-07 20:30:00,DC_1,24.66,60.5,56.0,36.76,319.58,24.66,45.5,41.0,35.10093272,4.51
2024-07-07 23:00:00,DC_1,24.23,43.79,43.25,20.61,220.58,24.23,30.0,30.0,20.14928887,2.24
2024-07-08 01:30:00,DC_1,22.49,52.65,52.29,24.41,228.18,23.49,37.65,37.29,23.9706692,1.8
2024-07-08 04:00:00,DC_1,21.29,58.22,51.34,20.67,173.84,23.29,43.22,36.34,18.57750495,10.12
2024-07-08 06:30:00,DC_1,24.66,43.38,48.67,19.0,177.49,24.66,30.0,33.67,18.19187552,4.25
2024-07-08 09:00:00,DC_1,23.27,57.42,48.11,16.94,192.72,23.27,57.42,48.11,16.93858667,0.01
2024-07-08 11:30:00,DC_1,22.19,60.89,53.53,23.83,188.74,23.19,45.89,38.53,22.09965847,7.26
2024-07-08 14:00:00,DC_1,24.25,60.77,51.43,33.68,270.81,24.25,60.77,51.43,33.68,0.0
2024-07-08 16:30:00,DC_1,22.23,65.65,70.4,58.52,408.62,23.23,50.65,55.4,56.56635697,3.34
2024-07-08 19:00:00,DC_1,28.15,72.48,50.41,40.35,337.33,28.15,57.48,40.36,39.33445484,2.52
2024-07-08 21:30:00,DC_1,23.66,63.39,55.02,46.94,355.04,23.66,48.39,40.02,44.72895096,4.71
2024-07-09 00:00:00,DC_1,21.88,62.03,48.52,33.22,264.7,23.38,47.03,33.52,31.5651955,4.98
2024-07-09 02:30:00,DC_1,22.85,50.77,46.77,15.98,169.1,23.35,35.77,31.77,12.37487875,22.56
2024-07-09 05:00:00,DC_1,24.23,50.74,45.71,17.47,201.11,24.23,35.74,30.71,16.37923424,6.24
2024-07-09 07:30:00,DC_1,23.44,57.01,36.06,18.92,177.4,23.44,42.01,30.0,17.89877542,5.4
2024-07-09 10:00:00,DC_1,21.98,62.2,49.27,23.16,191.36,23.48,47.2,34.27,21.00293237,9.31
2024-07-09 12:30:00,DC_1,21.46,61.27,56.43,36.1,269.95,23.46,46.27,41.43,33.89259577,6.11
2024-07-09 15:00:00,DC_1,22.19,62.08,59.81,44.11,332.2,23.19,47.08,44.81,41.76953219,5.31
2024-07-09 17:30:00,DC_1,22.83,72.15,70.9,66.24,399.35,23.33,57.15,55.9,64.70294423,2.32
2024-07-09 20:00:00,DC_1,24.28,67.29,60.33,50.02,357.97,24.28,52.29,45.33,47.65440879,4.73
2024-07-09 22:30:00,DC_1,21.55,70.07,57.36,44.95,333.49,23.05,55.07,42.36,42.84520078,4.68
2024-07-10 01:00:00,DC_1,25.57,59.7,54.79,27.99,271.85,25.57,44.7,39.79,27.59962373,1.39
2024-07-10 03:30:00,DC_1,22.42,54.91,47.74,18.27,186.35,23.42,39.91,32.74,17.34172206,5.08
2024-07-10 06:00:00,DC_1,20.78,55.07,57.06,18.03,166.48,23.28,40.07,42.06,16.76504339,7.02
2024-07-10 08:30:00,DC_1,24.83,51.82,44.14,13.13,157.26,24.83,36.82,30.0,12.03369222,8.35
2024-07-10 11:00:00,DC_1,23.02,63.15,60.5,32.51,251.42,23.02,48.15,45.5,30.72375833,5.49
2024-07-10 13:30:00,DC_1,21.91,65.39,68.43,59.52,361.65,23.41,50.39,53.43,55.96334047,5.98
2024-07-10 16:00:00,DC_1,22.88,63.96,62.68,44.62,337.27,23.38,48.96,47.68,43.71468819,2.03
2024-07-10 18:30:00,DC_1,16.11,81.69,72.46,78.87,384.25,18.61,66.69,57.46,73.39452933,6.94
2024-07-10 21:00:00,DC_1,23.59,60.91,53.39,44.3,336.74,23.59,45.91,38.39,42.88326306,3.2
2024-07-10 23:30:00,DC_1,22.91,62.14,53.4,35.24,287.11,23.41,47.14,38.4,32.26640378,8.44
2024-07-11 02:00:00,DC_1,21.48,51.07,58.43,25.59,222.78,23.48,36.07,43.43,24.83819778,2.94
2024-07-11 04:30:00,DC_1,24.68,47.03,37.97,13.46,164.4,24.68,32.03,30.0,13.25055308,1.56
2024-07-11 07:00:00,DC_1,22.07,46.46,46.65,14.88,163.93,23.07,31.46,31.65,13.67345728,8.11
2024-07-11 09:30:00,DC_1,21.45,51.91,51.66,17.27,161.78,23.45,36.91,36.66,16.13496313,6.57
2024-07-11 12:00:00,DC_1,26.98,50.37,52.46,22.38,206.96,26.98,35.37,37.46,22.16206777,0.97
2024-07-11 14:30:00,DC_1,20.42,60.58,74.26,47.59,294.29,22.92,45.58,59.26,44.78973481,5.88
2024-07-11 17:00:00,DC_1,24.43,62.13,61.33,60.71,358.3,24.43,47.13,46.33,59.86869715,1.39
2024-07-11 19:30:00,DC_1,21.91,69.26,58.53,59.16,360.96,23.41,54.26,43.53,56.4228917,4.63
2024-07-11 22:00:00,DC_1,23.45,65.83,62.82,40.95,316.25,23.45,50.83,47.82,39.22752337,4.21
2024-07-12 00:30:00,DC_1,22.79,60.41,59.82,29.38,266.15,23.29,45.41,44.82,27.96861347,4.8
2024-07-12 03:00:00,DC_1,28.84,46.42,41.09,16.66,196.53,28.84,31.42,30.0,14.87774869,10.7
2024-07-12 05:30:00,DC_1,27.74,46.94,40.99,14.19,175.89,27.74,46.94,40.99,14.19,0.0
2024-07-12 08:00:00,DC_1,22.1,54.47,53.75,18.17,185.14,22.1,54.47,53.75,18.17,0.0
2024-07-12 10:30:00,DC_1,22.84,54.05,51.67,26.46,213.84,23.34,39.05,36.67,24.69442957,6.67
2024-07-12 13:00:00,DC_1,23.16,56.96,54.44,35.55,267.63,23.16,56.96,54.44,35.55,0.0
2024-07-12 15:30:00,DC_1,22.9,65.21,57.47,55.9,370.73,23.4,50.21,42.47,54.10908292,3.2
2024-07-12 18:00:00,DC_1,22.65,73.87,63.62,64.21,419.8,23.15,58.87,48.62,63.11617192,1.7
2024-07-12 20:30:00,DC_1,23.48,71.14,61.45,57.14,366.19,23.48,56.14,46.45,56.16091534,1.71
2024-07-12 23:00:00,DC_1,23.39,61.88,52.53,40.51,342.14,23.39,46.88,37.53,39.68488848,2.04
2024-07-13 01:30:00,DC_1,23.91,56.98,48.6,21.7,197.53,23.91,41.98,33.6,20.11704347,7.29
2024-07-13 04:00:00,DC_1,23.09,53.42,45.8,16.1,194.9,23.09,38.42,30.8,15.7612156,2.1
2024-07-13 06:30:00,DC_1,23.93,58.9,51.5,12.8,185.58,23.93,43.9,36.5,12.64077528,1.24
2024-07-13 09:00:00,DC_1,21.69,51.54,55.74,22.44,191.49,23.19,36.54,40.74,21.29700588,5.09
2024-07-13 11:30:00,DC_1,17.59,66.89,59.42,30.17,173.54,20.09,51.89,44.42,26.19031898,13.19
2024-07-13 14:00:00,DC_1,23.55,57.02,52.24,28.09,220.02,23.55,42.02,37.24,26.37182417,6.12
2024-07-13 16:30:00,DC_1,25.28,64.4,55.86,30.16,250.73,25.28,49.4,40.86,28.38191171,5.9
2024-07-13 19:00:00,DC_1,17.86,62.58,55.96,35.76,238.69,20.36,47.58,40.96,34.49783301,3.53
2024-07-13 21:30:00,DC_1,23.4,52.8,50.21,14.94,204.27,23.4,52.8,50.21,14.93925511,0.0
2024-07-14 00:00:00,DC_1,21.58,51.77,59.64,20.78,233.81,21.58,51.77,59.64,20.77730958,0.01
2024-07-14 02:30:00,DC_1,22.44,53.76,46.66,19.09,188.2,23.44,38.76,31.66,17.37041132,9.01
2024-07-14 05:00:00,DC_1,22.04,55.85,52.05,19.17,202.39,22.04,55.85,52.05,19.16510913,0.03
2024-07-14 07:30:00,DC_1,22.79,57.37,49.32,16.64,178.22,23.29,42.37,34.32,15.26336358,8.27
2024-07-14 10:00:00,DC_1,17.17,64.23,63.73,32.14,195.44,19.67,49.23,48.73,29.34912251,8.68
2024-07-14 12:30:00,DC_1,24.11,59.0,50.5,21.3,199.16,24.11,44.0,35.5,20.31411589,4.63
2024-07-14 15:00:00,DC_1,22.95,59.07,56.09,37.06,247.64,23.45,44.07,41.09,33.88428818,8.57
2024-07-14 17:30:00,DC_1,28.64,54.61,46.81,28.57,261.75,28.64,46.61,31.81,27.26340697,4.57
2024-07-14 20:00:00,DC_1,25.19,56.59,46.07,26.19,250.19,25.19,41.59,31.07,24.83515531,5.17
2024-07-14 22:30:00,DC_1,24.01,55.03,50.03,27.09,224.25,24.01,40.03,35.03,24.92881293,7.98
2024-07-15 01:00:00,DC_1,21.24,56.47,46.57,20.34,216.58,21.24,56.47,46.57,20.33754471,0.01
2024-07-15 03:30:00,DC_1,20.35,57.51,58.76,21.73,184.86,22.85,42.51,43.76,20.20839963,7.0
2024-07-15 06:00:00,DC_1,21.94,53.84,45.61,14.91,157.87,21.94,53.84,45.61,14.91,0.0
2024-07-15 08:30:00,DC_1,23.15,45.3,57.34,19.72,169.65,23.15,30.3,42.34,18.43134153,6.53
2024-07-15 11:00:00,DC_1,27.63,56.26,40.75,24.9,211.0,27.63,41.26,30.0,23.16829367,6.95
2024-07-15 13:30:00,DC_1,25.57,60.06,45.41,25.97,247.02,25.57,60.06,45.41,25.96808754,0.01
2024-07-15 16:00:00,DC_1,24.86,57.13,56.83,48.08,362.08,24.86,42.13,41.83,47.53657656,1.13
2024-07-15 18:30:00,DC_1,21.16,69.82,65.23,56.3,348.47,23.16,54.82,50.23,51.96499067,7.7
2024-07-15 21:00:00,DC_1,22.99,70.53,61.79,57.96,441.89,22.99,70.53,61.79,57.96,0.0
2024-07-15 23:30:00,DC_1,18.12,61.69,70.16,38.94,313.27,20.62,46.69,55.16,37.76557526,3.02
2024-07-16 02:00:00,DC_1,21.79,58.25,53.55,24.08,235.44,23.29,43.25,38.55,21.91585828,8.99
2024-07-16 04:30:00,DC_1,21.87,58.27,52.37,21.95,175.92,23.37,43.27,37.37,17.83636912,18.74
2024-07-16 07:00:00,DC_1,23.18,45.37,42.22,12.87,163.69,23.18,30.37,30.0,12.09518986,6.02
2024-07-16 09:30:00,DC_1,21.57,56.59,48.68,19.18,172.41,23.07,41.59,33.68,17.095279,10.87
2024-07-16 12:00:00,DC_1,23.1,61.59,65.62,28.25,226.27,23.1,46.59,50.62,26.37842438,6.63
2024-07-16 14:30:00,DC_1,21.54,66.83,68.8,44.63,302.6,23.04,51.83,53.8,40.96658886,8.21
2024-07-16 17:00:00,DC_1,21.93,78.45,69.3,59.48,434.13,23.43,63.45,54.3,56.57768715,4.88
2024-07-16 19:30:00,DC_1,23.76,58.69,60.99,37.44,320.98,23.76,43.69,45.99,34.7683238,7.14
2024-07-16 22:00:00,DC_1,22.41,61.37,54.71,31.56,289.55,23.41,46.37,39.71,29.67354852,5.98
2024-07-17 00:30:00,DC_1,25.77,51.84,45.34,22.89,258.64,25.77,36.84,30.34,20.10721848,12.16
2024-07-17 03:00:00,DC_1,22.08,55.23,50.51,17.7,207.03,22.08,55.23,50.51,17.69520582,0.03
2024-07-17 05:30:00,DC_1,22.58,55.0,51.4,14.86,169.25,23.08,40.0,36.4,14.09272829,5.16
2024-07-17 08:00:00,DC_1,21.3,67.21,48.61,24.17,176.22,23.3,52.21,33.61,21.58046988,10.71
2024-07-17 10:30:00,DC_1,20.97,59.79,55.79,25.06,200.38,23.47,44.79,40.79,20.15546045,19.57
2024-07-17 13:00:00,DC_1,28.21,54.77,49.6,30.83,259.16,28.21,54.77,49.6,30.83,0.0
2024-07-17 15:30:00,DC_1,23.43,61.28,59.97,47.67,330.44,23.43,46.28,44.97,46.71235874,2.01
2024-07-17 18:00:00,DC_1,23.57,63.01,68.46,61.35,418.73,23.57,48.01,53.46,59.45926266,3.08
2024-07-17 20:30:00,DC_1,27.51,68.96,60.53,64.41,460.3,27.51,53.96,45.53,63.36719455,1.62
2024-07-17 23:00:00,DC_1,23.15,49.4,61.58,33.98,319.13,23.15,34.4,46.58,33.88743305,0.27
2024-07-18 01:30:00,DC_1,21.65,55.04,53.73,28.15,239.27,23.15,40.04,38.73,26.43725362,6.08
2024-07-18 04:00:00,DC_1,23.9,45.14,42.81,17.2,178.19,23.9,30.14,30.0,16.34303711,4.98
2024-07-18 06:30:00,DC_1,22.12,48.61,46.02,15.75,156.4,23.12,33.61,31.02,14.67285821,6.84
2024-07-18 09:00:00,DC_1,26.65,47.05,44.74,14.86,164.55,26.65,32.05,30.0,14.43050823,2.89
2024-07-18 11:30:00,DC_1,23.25,57.16,54.05,23.65,224.03,23.25,42.16,39.05,22.34922331,5.5
2024-07-18 14:00:00,DC_1,23.12,61.03,55.62,26.99,255.95,23.12,46.03,40.62,26.03361869,3.54
2024-07-18 16:30:00,DC_1,22.86,74.88,64.07,63.4,439.9,23.36,59.88,49.07,61.2442153,3.4
2024-07-18 19:00:00,DC_1,22.64,65.11,57.42,44.31,328.14,23.14,50.11,42.42,42.60385295,3.85
2024-07-18 21:30:00,DC_1,25.27,73.09,59.74,41.89,370.17,25.27,73.09,59.74,41.88744219,0.01
2024-07-19 00:00:00,DC_1,21.35,63.18,53.44,33.04,284.89,23.35,48.18,38.44,30.85928206,6.6
2024-07-19 02:30:00,DC_1,24.52,52.31,49.06,17.07,215.97,24.52,37.31,34.06,16.74406604,1.91
2024-07-19 05:00:00,DC_1,22.45,53.07,47.68,21.68,211.25,23.45,38.07,32.68,20.65969766,4.71
2024-07-19 07:30:00,DC_1,23.1,60.67,52.87,17.78,180.6,23.1,45.67,37.87,14.35386891,19.27
2024-07-19 10:00:00,DC_1,20.98,60.67,60.67,26.43,222.31,23.48,45.67,45.67,24.98871118,5.45
2024-07-19 12:30:00,DC_1,25.02,54.76,50.46,20.45,233.49,25.02,39.76,35.46,18.8968156,7.6
2024-07-19 15:00:00,DC_1,22.61,72.47,57.93,49.87,337.46,23.11,57.47,42.93,47.59961586,4.55
2024-07-19 17:30:00,DC_1,22.94,73.61,73.96,54.59,376.89,23.44,58.61,58.96,53.15223164,2.63
2024-07-19 20:00:00,DC_1,23.68,62.76,55.69,48.96,354.81,23.68,47.76,40.69,47.34667947,3.3
2024-07-19 22:30:00,DC_1,23.13,60.97,58.43,30.58,284.7,23.13,45.97,43.43,29.28631059,4.23
2024-07-20 01:00:00,DC_1,21.52,55.62,50.69,21.96,202.16,23.02,40.62,35.69,21.90733684,0.24
2024-07-20 03:30:00,DC_1,24.05,45.32,45.82,13.66,168.56,24.05,30.32,30.82,11.25259292,17.62
2024-07-20 06:00:00,DC_1,25.17,49.69,39.19,10.76,155.35,25.17,49.69,39.19,10.75982721,0.0
2024-07-20 08:30:00,DC_1,23.74,48.5,50.51,16.03,153.96,23.74,33.5,35.51,15.01623624,6.32
2024-07-20 11:00:00,DC_1,24.88,59.89,54.24,24.75,222.64,24.88,44.89,39.24,21.65710226,12.5
2024-07-20 13:30:00,DC_1,16.67,77.73,65.69,48.67,249.48,19.17,62.73,50.69,45.87857056,5.74
2024-07-20 16:00:00,DC_1,19.69,67.05,59.33,40.34,254.13,22.19,52.05,44.33,37.83888847,6.2
2024-07-20 18:30:00,DC_1,24.08,59.88,57.82,29.16,248.83,24.08,44.88,42.82,27.20354126,6.71
2024-07-20 21:00:00,DC_1,22.72,60.22,56.6,32.64,289.81,22.72,60.22,56.6,32.64,0.0
2024-07-20 23:30:00,DC_1,21.83,70.63,48.78,30.25,239.82,23.33,55.63,33.78,28.05812053,7.25
2024-07-21 02:00:00,DC_1,24.77,52.92,46.56,25.98,225.01,24.77,37.92,31.56,24.21363583,6.8
2024-07-21 04:30:00,DC_1,21.66,44.34,52.01,14.32,182.78,21.66,44.34,52.01,14.31641573,0.03
2024-07-21 07:00:00,DC_1,28.99,46.97,38.95,13.06,171.03,28.99,46.97,38.95,13.05716096,0.02
2024-07-21 09:30:00,DC_1,25.86,49.21,45.27,17.37,182.59,25.86,34.21,30.27,15.78118658,9.15
2024-07-21 12:00:00,DC_1,22.44,47.88,53.91,16.31,174.67,23.44,32.88,38.91,14.78310042,9.36
2024-07-21 14:30:00,DC_1,24.29,52.57,54.66,24.97,224.35,24.29,37.57,39.66,23.56223963,5.64
2024-07-21 17:00:00,DC_1,22.84,61.69,60.49,29.27,261.93,23.34,46.69,45.49,28.44269012,2.83
2024-07-21 19:30:00,DC_1,22.27,68.01,61.61,42.54,310.15,23.27,53.01,46.61,41.22785677,3.08
2024-07-21 22:00:00,DC_1,23.87,56.24,54.56,29.78,290.56,23.87,41.24,39.56,28.56068053,4.09
2024-07-22 00:30:00,DC_1,21.18,64.86,54.1,30.23,248.83,23.18,49.86,39.1,28.7964021,4.74
2024-07-22 03:00:00,DC_1,24.36,55.75,45.66,19.75,214.6,24.36,40.75,30.66,16.65536204,15.67
2024-07-22 05:30:00,DC_1,24.19,44.89,39.05,14.12,168.76,24.19,44.89,39.05,14.12,0.0
2024-07-22 08:00:00,DC_1,21.92,59.27,43.02,23.0,177.6,23.42,44.27,30.0,18.6372225,18.97
2024-07-22 10:30:00,DC_1,25.2,54.67,53.04,17.86,199.31,25.2,39.67,38.04,17.02428556,4.68
2024-07-22 13:00:00,DC_1,22.85,60.13,59.53,36.49,275.56,23.35,45.13,44.53,34.53616149,5.35
2024-07-22 15:30:00,DC_1,21.69,67.4,63.95,48.93,328.33,23.19,52.4,48.95,46.15056984,5.68
2024-07-22 18:00:00,DC_1,22.18,72.92,70.28,97.25,497.3,23.18,57.92,55.28,93.410356,3.95
2024-07-22 20:30:00,DC_1,24.24,61.72,64.54,57.57,351.32,24.24,46.72,49.54,55.02663744,4.42
2024-07-22 23:00:00,DC_1,26.79,49.45,51.99,32.42,327.4,26.79,49.45,51.99,32.42,0.0
2024-07-23 01:30:00,DC_1,17.68,62.9,64.65,48.12,343.07,20.18,47.9,49.65,44.91088517,6.67
2024-07-23 04:00:00,DC_1,23.01,47.87,48.41,18.63,199.83,23.01,32.87,33.41,18.29803638,1.78
2024-07-23 06:30:00,DC_1,24.28,49.07,46.57,16.05,182.11,24.28,34.07,31.57,14.07892847,12.28
2024-07-23 09:00:00,DC_1,22.87,54.16,55.22,21.79,177.22,23.37,39.16,40.22,19.33232645,11.28
2024-07-23 11:30:00,DC_1,24.2,56.38,51.54,23.3,208.98,24.2,41.38,36.54,20.69395186,11.18
2024-07-23 14:00:00,DC_1,23.76,69.42,53.8,35.71,319.08,23.76,69.42,53.8,35.71,0.0
2024-07-23 16:30:00,DC_1,16.36,89.2,77.94,86.06,418.83,18.86,74.2,62.94,80.84945513,6.05
2024-07-23 19:00:00,DC_1,23.2,73.33,70.17,55.38,364.51,23.2,58.33,55.17,52.00277432,6.1
2024-07-23 21:30:00,DC_1,28.11,61.84,54.67,39.13,349.7,28.11,46.84,39.67,37.83737572,3.3
2024-07-24 00:00:00,DC_1,23.32,64.21,57.42,39.63,309.3,23.32,49.21,42.42,37.02077917,6.58
2024-07-24 02:30:00,DC_1,21.08,60.58,53.88,21.35,219.41,23.08,45.58,38.88,21.19565527,0.72
2024-07-24 05:00:00,DC_1,22.75,62.76,51.53,19.68,176.73,23.25,47.76,36.53,17.28654199,12.16
2024-07-24 07:30:00,DC_1,20.84,52.19,57.16,19.0,160.32,23.34,37.19,42.16,16.61250318,12.57
2024-07-24 10:00:00,DC_1,22.79,54.9,55.84,18.79,194.79,23.29,39.9,40.84,17.2250079,8.33
2024-07-24 12:30:00,DC_1,24.67,56.33,50.33,28.39,248.23,24.67,56.33,50.33,28.39,0.0
2024-07-24 15:00:00,DC_1,22.83,68.72,61.26,43.74,333.41,23.33,53.72,46.26,42.81986011,2.1
2024-07-24 17:30:00,DC_1,24.8,80.96,66.42,83.56,471.23,24.8,65.96,51.42,82.66407181,1.07
2024-07-24 20:00:00,DC_1,21.14,73.0,67.92,54.65,383.63,23.14,58.0,52.92,50.18087174,8.18
2024-07-24 22:30:00,DC_1,24.5,67.8,51.31,34.17,314.53,24.5,52.8,36.31,30.40754506,11.01
2024-07-25 01:00:00,DC_1,24.98,60.93,45.05,36.36,318.62,24.98,45.93,30.05,34.5441537,4.99
2024-07-25 03:30:00,DC_1,23.54,47.3,45.27,14.44,171.41,23.54,32.3,30.27,14.21210032,1.58
2024-07-25 06:00:00,DC_1,25.36,41.44,47.88,11.92,161.05,25.36,41.44,47.88,11.92,0.0
2024-07-25 08:30:00,DC_1,23.73,55.06,51.17,17.76,175.15,23.73,40.06,36.17,16.98665351,4.35
2024-07-25 11:00:00,DC_1,23.27,59.75,48.78,24.1,238.47,23.27,44.75,33.78,22.24098644,7.71
2024-07-25 13:30:00,DC_1,21.98,72.31,70.44,59.91,391.7,23.48,57.31,55.44,56.9411632,4.96
2024-07-25 16:00:00,DC_1,21.92,71.91,74.58,62.14,382.17,23.42,56.91,59.58,58.78074846,5.41
2024-07-25 18:30:00,DC_1,23.75,68.54,59.09,54.54,381.61,23.75,60.54,44.09,54.14979382,0.72
2024-07-25 21:00:00,DC_1,23.04,72.14,70.25,62.28,429.15,23.04,57.14,55.25,59.78701236,4.0
2024-07-25 23:30:00,DC_1,22.02,65.8,68.0,34.13,278.54,23.02,50.8,53.0,31.2293904,8.5
2024-07-26 02:00:00,DC_1,23.38,54.41,43.53,13.42,203.53,23.38,54.41,43.53,13.41924558,0.01
2024-07-26 04:30:00,DC_1,21.12,55.33,55.15,17.27,179.05,23.12,38.01,40.15,16.1299847,6.6
2024-07-26 07:00:00,DC_1,23.28,50.35,47.38,17.97,168.73,23.28,35.35,32.38,15.58318043,13.28
2024-07-26 09:30:00,DC_1,22.29,57.74,54.48,32.09,213.07,23.29,42.74,39.48,30.40972897,5.24
2024-07-26 12:00:00,DC_1,24.42,63.12,55.2,28.24,240.11,24.42,48.12,40.2,27.73172827,1.8
2024-07-26 14:30:00,DC_1,21.52,55.94,62.78,46.16,293.88,23.02,40.94,47.78,43.02229376,6.8
2024-07-26 17:00:00,DC_1,23.63,82.34,66.36,68.47,488.69,23.63,67.34,51.36,67.4189453,1.54
2024-07-26 19:30:00,DC_1,18.01,75.61,69.4,62.94,363.09,20.51,60.61,54.4,59.18980937,5.96
2024-07-26 22:00:00,DC_1,23.89,63.75,56.34,38.44,338.61,23.89,48.75,41.34,36.58748507,4.82
2024-07-27 00:30:00,DC_1,24.3,52.1,41.69,20.53,214.2,24.3,37.1,30.0,18.92490421,7.82
2024-07-27 03:00:00,DC_1,23.04,55.86,49.7,18.69,214.49,23.04,40.86,34.7,18.21404982,2.55
2024-07-27 05:30:00,DC_1,23.28,46.09,51.19,16.24,182.3,23.28,31.09,36.19,15.3051154,5.76
2024-01-01 00:30:00,DC_2,22.92,50.08,39.21,61.93,1069.48,23.42,35.08,30.0,59.42224608,4.05
2024-01-01 03:00:00,DC_2,23.27,49.17,49.0,80.25,1310.55,23.27,34.17,34.0,75.63990639,5.74
2024-01-01 05:30:00,DC_2,22.16,40.33,38.19,45.46,729.15,23.16,30.0,30.0,43.84535038,3.55
2024-01-01 08:00:00,DC_2,25.32,41.88,33.19,31.44,696.03,25.32,30.0,30.0,30.12422354,4.19
2024-01-01 10:30:00,DC_2,23.96,37.95,47.23,52.61,802.0,23.96,30.0,32.23,50.94013606,3.17
2024-01-01 13:00:00,DC_2,23.49,50.62,44.02,97.44,1160.1,23.49,35.62,30.0,92.89911553,4.66
2024-01-01 15:30:00,DC_2,25.15,62.24,48.53,123.19,1355.88,25.15,47.24,33.53,117.5844975,4.55
2024-01-01 18:00:00,DC_2,18.39,77.27,67.74,223.05,1793.36,20.89,62.27,52.74,206.1789711,7.56
2024-01-01 20:30:00,DC_2,22.64,61.72,52.8,171.2,1535.32,23.14,46.72,37.8,165.2916099,3.45
2024-01-01 23:00:00,DC_2,22.94,54.45,43.59,90.09,1248.33,23.44,39.45,30.0,84.94756092,5.71
2024-01-02 01:30:00,DC_2,23.91,51.2,38.88,72.71,1071.36,23.91,36.2,30.0,67.9223551,6.58
2024-01-02 04:00:00,DC_2,22.41,43.53,36.02,51.87,831.3,23.41,30.0,30.0,50.77094428,2.12
2024-01-02 06:30:00,DC_2,22.41,42.26,44.16,52.14,726.59,23.41,30.0,30.0,49.61576138,4.84
2024-01-02 09:00:00,DC_2,25.01,45.08,39.12,34.33,646.32,25.01,30.08,30.0,31.47710384,8.31
2024-01-02 11:30:00,DC_2,21.27,54.95,50.44,89.51,955.76,23.27,39.95,35.44,82.3427928,8.01
2024-01-02 14:00:00,DC_2,21.43,57.41,60.2,156.55,1598.74,23.43,42.41,45.2,147.6293247,5.7
2024-01-02 16:30:00,DC_2,22.28,57.41,58.01,178.66,1580.89,23.28,42.41,43.01,171.9127959,3.78
2024-01-02 19:00:00,DC_2,24.14,41.29,44.23,109.44,1488.62,24.14,30.0,30.0,106.5759071,2.62
2024-01-02 21:30:00,DC_2,23.49,54.81,48.48,125.28,1525.12,23.49,39.81,33.48,123.1669896,1.69
2024-01-03 00:00:00,DC_2,22.86,54.8,43.13,90.73,1197.03,23.36,39.8,30.0,85.73695254,5.5
2024-01-03 02:30:00,DC_2,21.88,52.42,43.52,61.61,904.95,23.38,37.42,30.0,56.25824498,8.69
2024-01-03 05:00:00,DC_2,22.89,43.23,44.83,46.86,733.2,23.39,30.0,30.0,45.32747652,3.27
2024-01-03 07:30:00,DC_2,22.97,45.76,33.86,28.79,615.78,23.47,30.76,30.0,25.64239875,10.93
2024-01-03 10:00:00,DC_2,22.07,40.35,45.83,46.61,822.27,23.07,30.0,30.83,42.32419991,9.2
2024-01-03 12:30:00,DC_2,24.47,51.8,51.21,95.04,1100.52,24.47,36.8,34.27,90.79351337,4.47
2024-01-03 15:00:00,DC_2,21.33,60.15,59.69,155.68,1463.03,23.33,45.15,44.69,146.6321654,5.81
2024-01-03 17:30:00,DC_2,24.31,62.95,56.31,176.12,1790.45,24.31,47.95,41.31,169.7116746,3.64
2024-01-03 20:00:00,DC_2,23.93,51.77,36.11,102.76,1328.67,23.93,36.77,30.0,101.7985043,0.94
2024-01-03 22:30:00,DC_2,22.26,58.78,44.32,146.67,1382.71,23.26,43.78,30.0,138.3793992,5.65
2024-01-04 01:00:00,DC_2,23.65,51.71,41.13,77.9,1064.77,23.65,36.71,30.0,73.18095336,6.06
2024-01-04 03:30:00,DC_2,18.39,57.79,46.18,67.85,830.37,20.89,42.79,31.18,61.73359669,9.01
2024-01-04 06:00:00,DC_2,23.32,40.21,34.9,43.01,645.04,23.32,30.0,30.0,40.54361029,5.73
2024-01-04 08:30:00,DC_2,21.67,47.57,41.97,45.16,661.81,23.17,32.57,30.0,41.2855253,8.58
2024-01-04 11:00:00,DC_2,23.04,44.76,31.81,68.62,928.21,23.04,30.0,30.0,67.41243755,1.76
2024-01-04 13:30:00,DC_2,23.1,54.94,55.6,122.07,1257.32,23.1,39.94,40.6,115.5797494,5.32
2024-01-04 16:00:00,DC_2,21.75,69.64,56.46,176.03,1493.04,23.25,54.64,41.46,166.0336948,5.68
2024-01-04 18:30:00,DC_2,21.12,61.5,55.21,145.7,1356.9,23.12,46.5,40.21,136.7614598,6.13
2024-01-04 21:00:00,DC_2,23.56,56.39,54.96,186.97,1607.32,23.56,41.39,39.96,181.6116559,2.87
2024-01-04 23:30:00,DC_2,25.01,42.36,43.56,93.0,1215.76,25.01,30.0,30.0,88.47747075,4.86
2024-01-05 02:00:00,DC_2,23.4,55.08,46.05,62.67,993.83,23.4,40.08,31.05,57.9621363,7.51
2024-01-05 04:30:00,DC_2,24.1,41.67,37.93,31.24,697.41,24.1,30.0,30.0,28.97270672,7.26
2024-01-05 07:00:00,DC_2,21.63,50.25,35.98,44.37,638.07,23.13,35.25,30.0,38.99615018,12.11
2024-01-05 09:30:00,DC_2,21.87,40.74,39.08,54.39,727.53,23.37,30.0,30.0,51.1251723,6.0
2024-01-05 12:00:00,DC_2,22.87,49.8,52.29,90.79,1013.33,23.37,34.8,37.29,86.41812327,4.82
2024-01-05 14:30:00,DC_2,23.29,51.22,51.37,107.59,1275.95,23.29,51.22,51.37,107.59,0.0
2024-01-05 17:00:00,DC_2,22.45,64.54,60.01,182.81,1652.27,23.45,49.54,45.01,174.5050708,4.54
2024-01-05 19:30:00,DC_2,23.36,61.75,52.15,172.33,1710.74,23.36,46.75,37.15,165.919714,3.72
2024-01-05 22:00:00,DC_2,25.08,52.11,42.97,101.3,1377.45,25.08,37.11,30.0,97.18620009,4.06
2024-01-06 00:30:00,DC_2,21.47,43.98,45.53,56.65,984.49,23.47,30.0,30.53,53.13183811,6.21
2024-01-06 03:00:00,DC_2,25.42,36.99,34.96,20.12,687.74,25.42,36.99,34.96,20.11609001,0.02
2024-01-06 05:30:00,DC_2,24.27,44.42,42.94,43.39,675.35,24.27,30.0,30.0,40.41616828,6.85
2024-01-06 08:00:00,DC_2,21.5,41.69,38.02,44.91,707.99,23.5,30.0,30.0,42.56049401,5.23
2024-01-06 10:30:00,DC_2,23.03,47.39,32.7,46.8,738.68,23.03,47.39,32.7,46.8,0.0
2024-01-06 13:00:00,DC_2,22.85,53.19,40.58,71.84,910.84,23.35,38.19,30.0,66.00495436,8.12
2024-01-06 15:30:00,DC_2,16.01,70.21,56.39,131.43,957.65,18.51,55.21,41.39,117.9472531,10.26
2024-01-06 18:00:00,DC_2,23.5,53.67,42.91,66.89,1080.4,23.5,38.67,30.0,63.64564314,4.85
2024-01-06 20:30:00,DC_2,23.59,49.2,38.29,66.82,982.14,23.59,34.2,30.0,61.9738767,7.25
2024-01-06 23:00:00,DC_2,24.33,45.68,43.29,60.36,1064.49,24.33,30.68,30.0,57.73170855,4.35
2024-01-07 01:30:00,DC_2,23.63,48.01,44.66,44.62,869.69,23.63,33.01,30.0,41.7476938,6.44
2024-01-07 04:00:00,DC_2,22.27,43.06,34.65,49.94,768.3,23.27,30.0,30.0,49.53211936,0.82
2024-01-07 06:30:00,DC_2,21.36,47.77,44.09,38.63,633.46,23.36,32.77,30.0,34.53939207,10.59
2024-01-07 09:00:00,DC_2,22.05,39.34,49.4,54.35,689.99,23.05,30.0,34.4,51.24399642,5.71
2024-01-07 11:30:00,DC_2,22.69,51.53,40.17,38.06,714.79,23.19,36.53,30.0,34.77239281,8.64
2024-01-07 14:00:00,DC_2,22.66,47.0,44.46,64.19,913.87,23.16,32.0,30.0,61.05909399,4.88
2024-01-07 16:30:00,DC_2,22.84,52.0,42.01,91.62,1017.97,23.34,37.0,30.0,87.37039727,4.64
2024-01-07 19:00:00,DC_2,23.73,47.47,48.78,90.57,1243.04,23.73,32.47,33.78,85.80024602,5.27
2024-01-07 21:30:00,DC_2,21.95,49.53,47.2,92.37,1027.75,23.45,34.53,32.2,87.45178019,5.32
2024-01-08 00:00:00,DC_2,27.85,47.54,46.15,79.9,1405.74,27.85,32.54,31.15,76.77017627,3.92
2024-01-08 02:30:00,DC_2,24.87,40.49,39.86,48.26,868.18,24.87,30.0,30.0,47.93299341,0.68
2024-01-08 05:00:00,DC_2,23.2,51.31,37.75,48.97,691.22,23.2,36.31,30.0,45.35081629,7.39
2024-01-08 07:30:00,DC_2,23.17,35.59,33.83,40.34,602.13,23.17,30.0,30.0,39.74761787,1.47
2024-01-08 10:00:00,DC_2,23.39,49.36,35.1,58.29,837.97,23.39,34.36,30.0,55.58768244,4.64
2024-01-08 12:30:00,DC_2,18.13,62.02,55.5,141.25,1080.3,20.63,47.02,40.5,130.7569967,7.43
2024-01-08 15:00:00,DC_2,24.41,59.97,45.09,129.24,1365.59,24.41,44.97,30.09,124.2659201,3.85
2024-01-08 17:30:00,DC_2,24.12,58.79,51.58,165.67,1720.33,24.12,43.79,36.58,160.505132,3.12
2024-01-08 20:00:00,DC_2,24.17,50.25,48.2,127.54,1382.41,24.17,35.25,33.2,122.9764384,3.58
2024-01-08 22:30:00,DC_2,22.18,63.46,52.06,137.99,1692.83,23.18,48.46,37.06,131.882411,4.43
2024-01-09 01:00:00,DC_2,23.01,58.0,48.37,87.78,1165.44,23.01,43.0,33.37,83.67160872,4.68
2024-01-09 03:30:00,DC_2,24.63,44.33,33.02,48.97,847.38,24.63,30.0,30.0,47.24273274,3.53
2024-01-09 06:00:00,DC_2,23.62,38.2,38.56,37.74,675.97,23.62,30.0,30.0,34.48520178,8.62
2024-01-09 08:30:00,DC_2,22.63,49.96,41.89,53.86,748.99,23.13,34.96,30.0,49.17090516,8.71
2024-01-09 11:00:00,DC_2,16.5,63.1,56.83,127.61,1054.76,19.0,48.1,41.83,117.6603999,7.8
2024-01-09 13:30:00,DC_2,22.7,54.96,50.04,78.23,1008.55,23.2,39.96,35.04,73.53627872,6.0
2024-01-09 16:00:00,DC_2,24.07,58.92,61.13,218.95,1750.38,24.07,43.92,46.13,215.6171304,1.52
2024-01-09 18:30:00,DC_2,20.98,55.77,58.4,134.48,1383.51,23.48,40.77,43.4,126.1670023,6.18
2024-01-09 21:00:00,DC_2,20.5,61.37,58.96,155.85,1399.78,23.0,46.37,43.96,144.1239474,7.52
2024-01-09 23:30:00,DC_2,22.31,53.33,53.54,96.86,1129.77,23.31,38.33,38.54,91.52709297,5.51
2024-01-10 02:00:00,DC_2,23.57,52.99,41.77,67.04,952.99,23.57,37.99,30.0,62.06613481,7.42
2024-01-10 04:30:00,DC_2,22.86,47.25,43.63,48.88,770.12,23.36,32.25,30.0,46.47484796,4.92
2024-01-10 07:00:00,DC_2,21.29,42.84,50.87,59.54,694.72,23.29,30.0,35.87,54.5766118,8.34
2024-01-10 09:30:00,DC_2,25.24,40.04,32.37,40.54,747.34,25.24,30.0,30.0,40.39373523,0.36
2024-01-10 12:00:00,DC_2,23.04,49.41,49.49,84.41,1055.99,23.04,34.41,34.49,79.51226888,5.8
2024-01-10 14:30:00,DC_2,23.31,53.63,56.74,155.04,1403.57,23.31,38.63,41.74,148.9786512,3.91
2024-01-10 17:00:00,DC_2,24.32,58.32,61.13,172.24,1527.42,24.32,43.32,46.13,165.8115574,3.73
2024-01-10 19:30:00,DC_2,24.17,52.72,53.51,135.6,1546.98,24.17,37.72,38.51,130.2515189,3.94
2024-01-10 22:00:00,DC_2,22.28,58.3,53.9,125.3,1469.26,23.28,43.3,38.9,119.8228086,4.37
2024-01-11 00:30:00,DC_2,26.79,46.85,39.05,82.74,1308.45,26.79,31.85,30.0,80.04536311,3.26
2024-01-11 03:00:00,DC_2,24.24,45.67,37.13,54.27,940.07,24.24,30.67,30.0,51.91064061,4.35
2024-01-11 05:30:00,DC_2,23.05,46.35,31.37,36.15,627.95,23.05,31.35,30.0,34.3172438,5.07
2024-01-11 08:00:00,DC_2,23.2,42.58,38.1,37.43,714.96,23.2,30.0,30.0,36.39101912,2.78
2024-01-11 10:30:00,DC_2,23.28,50.34,49.59,67.03,892.67,23.28,35.34,34.59,61.77003456,7.85
2024-01-11 13:00:00,DC_2,22.71,55.775000000000006,43.77,86.45,1023.81,23.21,38.76,30.0,82.3283071,4.77
2024-01-11 15:30:00,DC_2,21.86,57.32,55.1,139.65,1565.73,23.36,42.32,40.1,131.6251094,5.75
2024-01-11 18:00:00,DC_2,23.65,60.27,48.17,173.14,1673.92,23.65,45.27,33.17,168.2828925,2.81
2024-01-11 20:30:00,DC_2,22.84,59.07,59.7,214.75,1838.16,23.34,44.07,44.7,208.4456192,2.94
2024-01-11 23:00:00,DC_2,24.25,57.23,57.14,195.87,1790.5,24.25,42.23,42.14,189.3353173,3.34
2024-01-12 01:30:00,DC_2,22.51,52.39,50.2,73.23,1064.7,23.01,37.39,35.2,69.83459343,4.64
2024-01-12 04:00:00,DC_2,23.76,37.14,39.14,40.74,739.43,23.76,30.0,30.0,38.86753129,4.6
2024-01-12 06:30:00,DC_2,22.61,48.07,42.92,40.22,675.67,23.11,33.07,30.0,35.28958403,12.26
2024-01-12 09:00:00,DC_2,22.22,40.72,35.96,58.66,747.26,23.22,30.0,30.0,55.23308081,5.84
2024-01-12 11:30:00,DC_2,22.08,47.72,47.56,77.5,900.2,23.08,32.72,32.56,72.60394464,6.32
2024-01-12 14:00:00,DC_2,22.33,55.97,51.63,132.51,1251.33,23.33,40.97,36.63,127.6245212,3.69
2024-01-12 16:30:00,DC_2,21.79,61.73,60.2,265.11,1863.72,23.29,46.73,45.2,254.6651578,3.94
2024-01-12 19:00:00,DC_2,22.8,62.77,57.85,172.42,1607.07,23.3,47.77,42.85,164.5476441,4.57
2024-01-12 21:30:00,DC_2,23.57,51.17,49.56,104.15,1334.03,23.57,36.17,34.56,98.57556056,5.35
2024-01-13 00:00:00,DC_2,23.1,51.36,40.72,85.46,917.3,23.1,36.36,30.0,82.15984014,3.86
2024-01-13 02:30:00,DC_2,24.1,38.92,32.28,36.64,745.01,24.1,30.0,30.0,33.48195828,8.62
2024-01-13 05:00:00,DC_2,24.03,39.67,31.45,23.87,581.48,24.03,30.0,30.0,23.12019725,3.14
2024-01-13 07:30:00,DC_2,24.89,35.93,34.19,29.76,718.11,24.89,30.0,30.0,27.04176778,9.13
2024-01-13 10:00:00,DC_2,23.6,45.42,42.2,51.45,803.51,23.6,30.42,30.0,47.69221562,7.3
2024-01-13 12:30:00,DC_2,24.0,48.21,36.52,76.05,840.77,24.0,33.21,30.0,71.9057695,5.45
2024-01-13 15:00:00,DC_2,23.33,49.66,42.36,90.08,971.05,23.33,34.66,30.0,85.06527473,5.57
2024-01-13 17:30:00,DC_2,23.57,56.77,46.7,106.15,1179.07,23.57,41.77,31.7,101.0302131,4.82
2024-01-13 20:00:00,DC_2,24.88,50.44,46.74,86.43,1163.16,24.88,35.44,31.74,81.85697631,5.29
2024-01-13 22:30:00,DC_2,23.71,61.07,50.53,92.1,1265.34,23.71,46.07,35.53,86.58693061,5.99
2024-01-14 01:00:00,DC_2,24.7,32.95,36.13,42.22,812.8,24.7,30.0,30.0,39.7092037,5.95
2024-01-14 03:30:00,DC_2,23.72,44.13,26.08,48.29,780.66,23.72,30.0,30.0,46.13169834,4.47
2024-01-14 06:00:00,DC_2,22.33,46.37,32.24,30.84,609.62,23.33,31.37,30.0,27.71721192,10.13
2024-01-14 08:30:00,DC_2,22.82,40.09,40.9,45.68,662.68,23.32,30.0,30.0,41.57224615,8.99
2024-01-14 11:00:00,DC_2,24.93,56.09,44.15,66.8,1084.43,24.93,41.09,30.0,62.92196758,5.81
2024-01-14 13:30:00,DC_2,23.65,51.89,44.37,64.17,866.16,23.65,36.89,30.0,59.78710146,6.83
2024-01-14 16:00:00,DC_2,24.7,53.45,46.02,97.16,1069.08,24.7,38.45,31.02,93.07309913,4.21
2024-01-14 18:30:00,DC_2,23.85,57.24,49.48,124.63,1527.12,23.85,42.24,34.48,120.1261257,3.61
2024-01-14 21:00:00,DC_2,21.98,44.86,45.27,79.78,1076.42,23.48,30.0,30.27,75.73571377,5.07
2024-01-14 23:30:00,DC_2,22.6,38.8,37.63,57.94,983.84,23.1,30.0,30.0,56.72343251,2.1
2024-01-15 02:00:00,DC_2,22.21,52.68,43.32,100.11,1102.66,23.21,37.68,30.0,95.18450573,4.92
2024-01-15 04:30:00,DC_2,22.08,44.61,39.13,53.39,895.0,23.08,30.0,30.0,49.79255888,6.74
2024-01-15 07:00:00,DC_2,18.5,49.29,40.92,51.21,644.61,21.0,34.29,30.0,46.30034522,9.59
2024-01-15 09:30:00,DC_2,22.17,46.3,43.87,54.06,747.49,23.17,31.3,30.0,51.09437516,5.49
2024-01-15 12:00:00,DC_2,22.56,53.43,45.01,84.65,976.74,23.06,38.43,30.01,80.41838124,5.0
2024-01-15 14:30:00,DC_2,23.69,66.32,53.9,150.46,1623.04,23.69,51.32,38.9,144.5470113,3.93
2024-01-15 17:00:00,DC_2,20.74,69.15,52.0,200.63,1588.66,23.24,54.15,37.0,187.0353123,6.78
2024-01-15 19:30:00,DC_2,22.45,58.94,53.25,117.84,1456.49,23.45,43.94,38.25,111.6345415,5.27
2024-01-15 22:00:00,DC_2,23.02,57.12,46.81,135.08,1312.87,23.02,42.12,31.81,128.8950653,4.58
2024-01-16 00:30:00,DC_2,23.69,61.7,51.8,138.38,1636.28,23.69,46.7,36.8,133.4159798,3.59
2024-01-16 03:00:00,DC_2,25.33,46.6,39.03,44.04,937.05,25.33,31.6,30.0,40.8280469,7.29
2024-01-16 05:30:00,DC_2,24.02,35.22,38.71,28.58,694.62,24.02,30.0,30.0,27.53572761,3.65
2024-01-16 08:00:00,DC_2,25.06,42.02,30.87,34.19,775.43,25.06,30.0,30.0,33.24554886,2.76
2024-01-16 10:30:00,DC_2,24.16,44.17,38.12,57.65,816.31,24.16,30.0,30.0,54.65810706,5.19
2024-01-16 13:00:00,DC_2,21.03,59.45,61.28,148.66,1345.95,23.03,44.45,46.28,139.5701632,6.11
2024-01-16 15:30:00,DC_2,20.43,67.67,58.31,140.08,1363.8,22.93,52.67,43.31,129.5310736,7.53
2024-01-16 18:00:00,DC_2,22.41,67.74,63.84,234.02,1781.7,23.41,52.74,48.84,225.3267509,3.71
2024-01-16 20:30:00,DC_2,24.34,51.69,45.82,143.64,1580.07,24.34,36.69,30.82,138.2130146,3.78
2024-01-16 23:00:00,DC_2,24.76,44.82,45.58,76.83,1144.76,24.76,30.0,30.58,73.10266041,4.85
2024-01-17 01:30:00,DC_2,28.03,47.72,30.24,63.67,1013.39,28.03,32.72,30.0,62.8060642,1.36
2024-01-17 04:00:00,DC_2,23.91,42.85,36.32,57.87,889.35,23.91,30.0,30.0,54.65767006,5.55
2024-01-17 06:30:00,DC_2,21.21,47.13,46.39,54.71,719.89,23.21,32.13,31.39,49.27552158,9.93
2024-01-17 09:00:00,DC_2,22.72,48.07,40.02,51.92,705.98,23.22,33.07,30.0,46.87274401,9.72
2024-01-17 11:30:00,DC_2,23.39,45.21,43.38,73.28,968.21,23.39,30.21,30.0,69.02279932,5.81
2024-01-17 14:00:00,DC_2,24.03,49.39,39.76,74.13,1135.91,24.03,34.39,30.0,72.39570396,2.34
2024-01-17 16:30:00,DC_2,24.64,65.71,55.66,206.88,1806.69,24.64,50.71,40.66,201.369132,2.66
2024-01-17 19:00:00,DC_2,22.88,54.79,52.08,120.01,1341.93,23.38,39.79,37.08,113.3398206,5.56
2024-01-17 21:30:00,DC_2,21.66,54.81,58.41,123.0,1329.23,23.16,39.81,43.41,115.572264,6.04
2024-01-18 00:00:00,DC_2,24.02,51.05,43.34,86.25,1238.88,24.02,36.05,30.0,82.34930763,4.52
2024-01-18 02:30:00,DC_2,23.26,44.76,39.19,66.17,934.39,23.26,30.0,30.0,63.40214628,4.18
2024-01-18 05:00:00,DC_2,16.33,62.96,55.94,92.61,787.72,18.83,47.96,40.94,83.88529027,9.42
2024-01-18 07:30:00,DC_2,22.7,43.73,42.64,37.5,711.0,23.2,30.0,30.0,33.96897781,9.42
2024-01-18 10:00:00,DC_2,25.55,39.19,32.78,40.21,784.6,25.55,30.0,30.0,39.45792135,1.87
2024-01-18 12:30:00,DC_2,24.44,48.06,44.86,78.18,948.91,24.44,33.06,30.0,74.40934629,4.82
2024-01-18 15:00:00,DC_2,23.89,57.05,53.85,162.8,1497.5,23.89,42.05,38.85,157.8888152,3.02
2024-01-18 17:30:00,DC_2,22.61,59.13,55.59,212.86,1735.15,23.11,44.13,40.59,204.4480747,3.95
2024-01-18 20:00:00,DC_2,20.96,60.18,61.24,199.82,1727.95,23.46,45.18,46.24,186.8183911,6.51
2024-01-18 22:30:00,DC_2,22.25,59.4,46.27,104.89,1240.95,23.25,44.4,31.27,98.56785416,6.03
2024-01-19 01:00:00,DC_2,24.01,49.67,44.73,79.75,1123.31,24.01,34.67,30.0,76.65961088,3.88
2024-01-19 03:30:00,DC_2,24.0,54.48,44.02,66.99,1086.84,24.0,39.48,30.0,62.24898604,7.08
2024-01-19 06:00:00,DC_2,23.62,55.775000000000006,36.26,48.55,695.09,23.62,31.57,30.0,46.64573974,3.92
2024-01-19 08:30:00,DC_2,22.86,41.61,45.12,49.47,725.61,23.36,30.0,30.12,45.9070702,7.2
2024-01-19 11:00:00,DC_2,23.49,45.59,42.22,69.21,1022.81,23.49,30.59,30.0,67.3223942,2.73
2024-01-19 13:30:00,DC_2,23.18,48.72,47.53,113.4,1076.61,23.18,33.72,32.53,108.1354611,4.64
2024-01-19 16:00:00,DC_2,22.54,55.4,51.36,140.25,1438.65,23.04,40.4,36.36,134.7191272,3.94
2024-01-19 18:30:00,DC_2,23.64,50.65,55.51,121.39,1561.51,23.64,35.65,40.51,117.4804215,3.22
2024-01-19 21:00:00,DC_2,22.93,64.02,54.23,170.24,1651.1,23.43,49.02,39.23,164.3842025,3.44
2024-01-19 23:30:00,DC_2,23.39,49.29,47.37,68.39,1162.53,23.39,34.29,32.37,65.19718622,4.67
2024-01-20 02:00:00,DC_2,24.2,46.79,51.21,42.27,839.75,24.2,31.79,30.0,38.34722354,9.28
2024-01-20 04:30:00,DC_2,21.56,47.96,42.89,55.89,802.3,23.06,32.96,30.0,51.83573229,7.25
2024-01-20 07:00:00,DC_2,22.48,38.14,34.66,33.95,611.2,23.48,30.0,30.0,33.14430014,2.37
2024-01-20 09:30:00,DC_2,23.95,36.63,41.86,28.56,637.45,23.95,30.0,30.0,27.15942273,4.9
2024-01-20 12:00:00,DC_2,24.36,41.44,41.93,52.7,798.82,24.36,30.0,30.0,49.97482656,5.17
2024-01-20 14:30:00,DC_2,22.84,46.38,44.07,70.22,941.93,23.34,31.38,30.0,66.7692131,4.91
2024-01-20 17:00:00,DC_2,22.83,61.88,53.55,111.17,1198.57,23.33,46.88,38.55,104.4753125,6.02
2024-01-20 19:30:00,DC_2,23.19,47.99,52.36,82.03,1119.98,23.19,32.99,37.36,78.89387948,3.82
2024-01-20 22:00:00,DC_2,23.78,46.34,47.97,74.9,1116.16,23.78,31.34,32.97,72.3875698,3.35
2024-01-21 00:30:00,DC_2,28.5,41.39,34.88,36.53,894.44,28.5,30.0,30.0,35.12052834,3.86
2024-01-21 03:00:00,DC_2,23.54,47.3,40.98,57.76,763.13,23.54,32.3,30.0,55.10003409,4.61
2024-01-21 05:30:00,DC_2,24.52,45.13,33.15,28.08,750.38,24.52,30.13,30.0,25.6250714,8.74
2024-01-21 08:00:00,DC_2,18.48,56.18,48.86,62.68,676.75,20.98,41.18,33.86,54.88233646,12.44
2024-01-21 10:30:00,DC_2,21.2,40.93,36.63,57.38,710.79,23.2,30.0,30.0,53.24550919,7.21
2024-01-21 13:00:00,DC_2,22.8,42.93,40.96,54.72,821.58,23.3,30.0,30.0,50.3204217,8.04
2024-01-21 15:30:00,DC_2,17.48,59.83,60.38,117.9,1094.38,19.98,44.83,45.38,108.3074741,8.14
2024-01-21 18:00:00,DC_2,21.66,52.62,51.21,111.15,1127.44,23.16,37.62,34.39,103.8606914,6.56
2024-01-21 20:30:00,DC_2,21.72,53.21,41.22,91.13,1149.58,23.22,38.21,30.0,85.97711098,5.65
2024-01-21 23:00:00,DC_2,23.17,52.27,53.11,77.23,1046.54,23.17,37.27,38.11,71.70352565,7.16
2024-01-22 01:30:00,DC_2,21.57,55.88,41.13,75.56,911.42,23.07,40.88,30.0,69.78657783,7.64
2024-01-22 04:00:00,DC_2,24.14,42.42,29.65,39.1,719.05,24.14,42.42,29.65,39.09612923,0.01
2024-01-22 06:30:00,DC_2,21.62,43.68,38.48,37.57,626.2,23.12,30.0,30.0,36.21645488,3.6
2024-01-22 09:00:00,DC_2,22.45,36.73,45.39,40.85,644.39,23.45,30.0,30.39,38.1417124,6.63
2024-01-22 11:30:00,DC_2,23.41,53.92,39.35,58.2,950.64,23.41,38.92,30.0,54.88446985,5.7
2024-01-22 14:00:00,DC_2,23.46,52.22,45.53,93.64,1083.16,23.46,37.22,30.53,91.00383997,2.82
2024-01-22 16:30:00,DC_2,23.12,59.05,55.42,158.96,1657.65,23.12,44.05,40.42,154.0098275,3.11
2024-01-22 19:00:00,DC_2,18.13,68.96,62.17,221.66,1604.26,20.63,53.96,47.17,207.3750008,6.44
2024-01-22 21:30:00,DC_2,22.2,58.04,52.98,153.06,1481.05,23.2,43.04,37.98,145.9087802,4.67
2024-01-23 00:00:00,DC_2,23.76,51.21,45.9,70.43,1071.87,23.76,36.21,30.9,66.24177618,5.95
2024-01-23 02:30:00,DC_2,22.87,47.04,43.93,68.38,1021.82,22.87,47.04,43.93,68.38,0.0
2024-01-23 05:00:00,DC_2,22.05,42.47,41.27,50.33,749.08,23.05,30.0,30.0,46.95640425,6.7
2024-01-23 07:30:00,DC_2,25.23,38.06,38.65,37.6,748.23,25.23,30.0,30.0,36.0745868,4.06
2024-01-23 10:00:00,DC_2,22.67,42.56,44.0,70.59,879.03,23.17,30.0,30.0,64.26848052,8.96
2024-01-23 12:30:00,DC_2,23.19,46.11,45.47,99.8,1086.06,23.19,31.11,30.47,98.04582203,1.76
2024-01-23 15:00:00,DC_2,23.1,55.52,49.96,123.5,1302.71,23.1,40.52,34.96,119.715074,3.06
2024-01-23 17:30:00,DC_2,25.47,56.82,58.4,194.82,1840.26,25.47,41.82,43.4,190.5384884,2.2
2024-01-23 20:00:00,DC_2,24.16,44.53,51.56,100.44,1289.19,24.16,30.0,36.56,95.91272274,4.51
2024-01-23 22:30:00,DC_2,23.66,48.18,48.74,108.46,1332.18,23.66,33.18,33.74,105.4044476,2.82
2024-01-24 01:00:00,DC_2,23.33,51.86,52.91,103.46,1349.82,23.33,36.86,37.91,100.3621882,2.99
2024-01-24 03:30:00,DC_2,22.82,45.83,37.6,68.3,902.56,23.32,30.83,30.0,65.72951655,3.76
2024-01-24 06:00:00,DC_2,22.17,35.53,40.75,39.14,683.95,23.17,30.0,30.0,37.46298554,4.28
2024-01-24 08:30:00,DC_2,24.19,40.77,34.69,42.81,749.63,24.19,30.0,30.0,39.21159673,8.41
2024-01-24 11:00:00,DC_2,22.96,49.8,43.63,69.63,914.81,23.46,34.8,30.0,66.67597999,4.24
2024-01-24 13:30:00,DC_2,23.92,53.39,47.87,134.9,1233.21,23.92,38.39,32.87,130.0527482,3.59
2024-01-24 16:00:00,DC_2,23.48,62.87,51.62,201.07,1774.79,23.48,47.87,36.62,195.4677454,2.79
2024-01-24 18:30:00,DC_2,22.3,54.99,52.8,144.56,1567.74,23.3,39.99,37.8,137.9496194,4.57
2024-01-24 21:00:00,DC_2,27.58,55.2,43.73,130.15,1528.04,27.58,55.2,43.73,130.1494058,0.0
2024-01-24 23:30:00,DC_2,26.0,48.35,41.71,100.79,1326.7,26.0,40.35,30.0,98.27112567,2.5
2024-01-25 02:00:00,DC_2,24.52,49.4,46.45,58.3,979.17,24.52,34.4,31.45,54.17353198,7.08
2024-01-25 04:30:00,DC_2,24.05,39.97,33.63,44.17,927.01,24.05,30.0,30.0,44.01302998,0.36
2024-01-25 07:00:00,DC_2,23.93,44.31,28.78,36.62,761.63,23.93,30.0,30.0,35.78041211,2.29
2024-01-25 09:30:00,DC_2,23.78,48.7,36.41,44.71,750.68,23.78,33.7,30.0,39.91959499,10.71
2024-01-25 12:00:00,DC_2,21.62,43.91,45.43,102.27,997.26,23.12,30.0,30.43,97.34280079,4.82
2024-01-25 14:30:00,DC_2,23.1,45.96,46.83,117.52,1147.92,23.1,30.96,31.83,113.771097,3.19
2024-01-25 17:00:00,DC_2,23.5,64.2,51.14,157.98,1606.02,23.5,49.2,36.14,151.251248,4.26
2024-01-25 19:30:00,DC_2,22.47,65.1,49.12,141.19,1479.35,23.47,50.1,34.12,135.2042231,4.24
2024-01-25 22:00:00,DC_2,21.67,55.16,49.15,119.65,1257.71,23.17,40.16,34.15,111.9965859,6.4
2024-01-26 00:30:00,DC_2,21.76,55.78,51.88,93.98,1065.94,23.26,40.78,36.88,87.40937394,6.99
2024-01-26 03:00:00,DC_2,22.05,51.58,45.3,55.16,749.8,23.05,36.58,30.3,50.98764026,7.56
2024-01-26 05:30:00,DC_2,23.06,39.73,38.01,39.45,621.21,23.06,30.0,30.0,37.79815133,4.19
2024-01-26 08:00:00,DC_2,24.38,38.22,28.42,38.57,625.69,24.38,30.0,30.0,36.20847249,6.12
2024-01-26 10:30:00,DC_2,24.38,44.35,41.51,69.2,881.77,24.38,30.0,30.0,68.34509485,1.24
2024-01-26 13:00:00,DC_2,21.59,57.07,47.42,102.78,1030.79,23.09,42.07,32.42,96.97870453,5.64
2024-01-26 15:30:00,DC_2,22.36,55.12,52.24,166.77,1466.1,23.36,40.12,37.24,160.5746742,3.71
2024-01-26 18:00:00,DC_2,21.39,61.47,56.13,166.27,1567.98,23.39,46.47,41.13,155.1866081,6.67
2024-01-26 20:30:00,DC_2,23.25,50.71,59.26,135.27,1528.03,23.25,35.71,44.26,129.9375554,3.94
2024-01-26 23:00:00,DC_2,23.55,54.99,48.05,93.54,1213.4,23.55,39.99,33.05,90.10198869,3.68
2024-01-27 01:30:00,DC_2,23.81,43.68,42.67,60.14,917.29,23.81,30.0,30.0,57.378661,4.59
2024-01-27 04:00:00,DC_2,22.6,38.0,27.94,32.81,595.29,23.1,30.0,30.0,30.87534651,5.9
2024-01-27 06:30:00,DC_2,24.02,44.84,32.61,33.65,644.49,24.02,30.0,30.0,31.87720043,5.27
2024-01-27 09:00:00,DC_2,23.02,46.61,36.82,46.43,677.09,23.02,31.61,30.0,43.48217199,6.35
2024-01-27 11:30:00,DC_2,27.92,37.25,38.0,47.37,792.21,27.92,30.0,30.0,45.7015874,3.52
2024-01-27 14:00:00,DC_2,22.75,58.16,44.02,105.77,1022.7,23.25,43.16,30.0,101.8805387,3.68
2024-01-27 16:30:00,DC_2,21.79,51.28,47.14,113.51,1140.86,23.29,36.28,32.14,107.4261204,5.36
2024-01-27 19:00:00,DC_2,24.38,54.06,45.76,99.26,1320.89,24.38,39.06,30.76,94.72359509,4.57
2024-01-27 21:30:00,DC_2,24.24,45.5,44.35,73.98,1074.45,24.24,30.5,30.0,69.41581643,6.17
2024-01-28 00:00:00,DC_2,28.42,49.21,33.34,64.05,1020.99,28.42,34.21,30.0,59.01246303,7.87
2024-01-28 02:30:00,DC_2,28.79,39.47,35.8,39.4,802.76,28.79,30.0,30.0,37.62994809,4.49
2024-01-28 05:00:00,DC_2,16.07,52.42,50.88,73.16,662.14,18.57,37.42,35.88,65.26295254,10.79
2024-01-28 07:30:00,DC_2,23.05,44.22,36.2,48.56,783.49,23.05,30.0,30.0,45.30958988,6.69
2024-01-28 10:00:00,DC_2,22.04,53.1,46.78,55.8,851.77,23.04,38.1,31.78,50.29891738,9.86
2024-01-28 12:30:00,DC_2,24.52,45.32,48.66,72.92,943.28,24.52,30.32,33.66,67.73620275,7.11
2024-01-28 15:00:00,DC_2,21.71,63.22,54.83,174.76,1516.27,23.21,48.22,39.83,164.3647508,5.95
2024-01-28 17:30:00,DC_2,23.05,50.17,48.8,121.15,1171.49,23.05,35.17,33.8,116.4402889,3.89
2024-01-28 20:00:00,DC_2,24.32,48.39,45.17,83.1,1114.66,24.32,33.39,30.17,78.12103278,5.99
2024-01-28 22:30:00,DC_2,23.76,45.58,45.01,70.99,970.76,23.76,30.58,30.01,67.44422934,4.99
2024-01-29 01:00:00,DC_2,25.88,45.38,38.92,68.87,1055.86,25.88,30.38,30.0,66.68274775,3.18
2024-01-29 03:30:00,DC_2,23.16,52.87,37.31,57.6,763.59,23.16,37.87,30.0,53.95551933,6.33
2024-01-29 06:00:00,DC_2,23.17,47.13,33.74,41.28,641.09,23.17,32.13,30.0,38.28202403,7.26
2024-01-29 08:30:00,DC_2,22.62,45.22,41.09,47.87,721.08,23.12,30.22,30.0,45.13352368,5.72
2024-01-29 11:00:00,DC_2,21.87,54.64,52.22,76.93,957.44,23.37,39.64,37.22,72.71601435,5.48
2024-01-29 13:30:00,DC_2,22.88,54.12,52.97,146.52,1381.71,23.38,39.12,37.97,140.6558054,4.0
2024-01-29 16:00:00,DC_2,25.76,49.18,51.28,129.74,1503.96,25.76,34.18,36.28,125.114604,3.57
2024-01-29 18:30:00,DC_2,24.49,52.63,56.96,163.78,1600.04,24.49,37.63,41.96,157.3211505,3.94
2024-01-29 21:00:00,DC_2,21.59,51.93,52.65,147.78,1518.21,23.09,36.93,37.65,140.5622957,4.88
2024-01-29 23:30:00,DC_2,23.46,48.36,42.87,86.11,1255.74,23.46,33.36,30.0,83.6281159,2.88
2024-01-30 02:00:00,DC_2,24.64,46.26,43.55,73.11,1020.31,24.64,31.26,30.0,68.67790483,6.06
2024-01-30 04:30:00,DC_2,22.8,39.25,43.48,46.66,813.74,23.3,30.0,30.0,43.92902959,5.85
2024-01-30 07:00:00,DC_2,24.56,37.14,36.79,37.15,640.04,24.56,30.0,30.0,35.95330132,3.22
2024-01-30 09:30:00,DC_2,24.16,39.52,37.95,30.45,689.34,24.16,30.0,30.0,28.3671013,6.84
2024-01-30 12:00:00,DC_2,23.25,54.04,48.06,95.88,993.17,23.25,39.04,33.06,90.06849607,6.06
2024-01-30 14:30:00,DC_2,28.3,42.97,40.92,92.39,1163.74,28.3,30.0,30.0,90.20050554,2.37
2024-01-30 17:00:00,DC_2,22.66,61.12,51.26,175.1,1619.89,23.16,46.12,36.26,169.8207765,3.01
2024-01-30 19:30:00,DC_2,25.81,50.58,52.09,119.84,1465.22,25.81,35.58,37.09,114.5172784,4.44
2024-01-30 22:00:00,DC_2,20.94,55.38,64.48,127.17,1380.69,23.44,40.38,49.48,118.47105,6.84
2024-01-31 00:30:00,DC_2,24.22,44.03,37.92,84.71,1180.79,24.22,30.0,30.0,80.53070283,4.93
2024-01-31 03:00:00,DC_2,23.27,44.9,43.73,66.16,927.59,23.27,30.0,30.0,64.24281498,2.9
2024-01-31 05:30:00,DC_2,23.07,46.23,41.6,41.63,687.59,23.07,31.23,30.0,37.8373808,9.11
2024-01-31 08:00:00,DC_2,21.71,45.08,42.64,41.12,698.69,23.21,30.08,30.0,37.2385727,9.44
2024-01-31 10:30:00,DC_2,19.94,58.17,50.71,72.32,868.18,22.44,43.17,35.71,63.67019664,11.96
2024-01-31 13:00:00,DC_2,24.2,44.41,49.68,115.91,1210.26,24.2,30.0,34.68,113.1574265,2.37
2024-01-31 15:30:00,DC_2,22.49,55.97,52.81,142.27,1326.78,23.49,40.97,37.81,137.1177973,3.62
2024-01-31 18:00:00,DC_2,22.61,62.41,51.88,150.91,1519.88,23.11,47.41,36.88,145.9064986,3.32
2024-01-31 20:30:00,DC_2,21.23,63.89,54.53,171.02,1474.09,23.23,48.89,39.53,163.2400692,4.55
2024-01-31 23:00:00,DC_2,21.0,51.25,51.51,99.33,1168.59,23.0,36.25,36.51,91.26448565,8.12
2024-02-01 01:30:00,DC_2,23.57,43.8,46.55,71.3,1021.33,23.57,30.0,31.55,67.44457578,5.41
2024-02-01 04:00:00,DC_2,22.68,53.93,45.97,57.99,796.61,23.18,38.93,30.97,53.62195485,7.53
2024-02-01 06:30:00,DC_2,23.67,38.39,33.32,41.6,702.97,23.67,30.0,30.0,40.69415202,2.18
2024-02-01 09:00:00,DC_2,23.3,43.9,38.29,35.51,671.05,23.3,30.0,30.0,33.44754286,5.81
2024-02-01 11:30:00,DC_2,23.35,47.14,41.65,81.04,997.65,23.35,32.14,30.0,76.30656576,5.84
2024-02-01 14:00:00,DC_2,24.67,43.56,43.62,75.76,1051.55,24.67,30.0,30.0,70.94944923,6.35
2024-02-01 16:30:00,DC_2,23.44,60.87,53.29,176.66,1515.52,23.44,45.87,38.29,169.7408819,3.92
2024-02-01 19:00:00,DC_2,21.96,67.6,55.55,149.23,1509.78,23.46,52.6,40.55,140.8635788,5.61
2024-02-01 21:30:00,DC_2,22.16,59.05,59.4,132.47,1447.57,23.16,44.05,44.4,124.669868,5.89
2024-02-02 00:00:00,DC_2,22.74,48.94,53.5,90.3,1190.18,23.24,33.94,38.5,85.651259,5.15
2024-02-02 02:30:00,DC_2,21.16,47.41,49.62,67.54,891.22,23.16,32.41,34.62,62.06470274,8.11
2024-02-02 05:00:00,DC_2,21.97,38.99,46.55,42.85,708.37,23.47,30.0,31.55,38.5179756,10.11
2024-02-02 07:30:00,DC_2,24.51,37.56,34.13,28.08,646.48,24.51,30.0,30.0,27.28253712,2.84
2024-02-02 10:00:00,DC_2,24.12,48.99,46.18,78.44,956.18,24.12,33.99,31.18,73.39046381,6.44
2024-02-02 12:30:00,DC_2,21.91,61.9,49.03,110.57,1132.23,23.41,46.9,34.03,103.58982,6.31
2024-02-02 15:00:00,DC_2,22.77,53.32,60.86,148.2,1389.77,23.27,38.32,45.86,144.4926078,2.5
2024-02-02 17:30:00,DC_2,19.5,60.24,58.93,231.12,1722.49,22.0,45.24,43.93,216.5152003,6.32
2024-02-02 20:00:00,DC_2,22.67,53.39,50.57,119.69,1489.42,23.17,38.39,35.57,114.1958839,4.59
2024-02-02 22:30:00,DC_2,21.52,54.62,55.03,135.95,1428.78,23.02,39.62,40.03,127.1514653,6.47
2024-02-03 01:00:00,DC_2,23.27,52.96,42.11,60.32,934.2,23.27,37.96,30.0,55.29046815,8.34
2024-02-03 03:30:00,DC_2,24.35,41.81,32.77,44.37,763.15,24.35,30.0,30.0,41.90009917,5.57
2024-02-03 06:00:00,DC_2,28.66,41.36,35.94,51.8,656.83,28.66,30.0,30.0,49.99613333,3.48
2024-02-03 08:30:00,DC_2,23.39,47.88,34.83,44.15,763.87,23.39,32.88,30.0,41.33199794,6.38
2024-02-03 11:00:00,DC_2,22.6,41.5,39.84,57.49,712.84,23.1,30.0,30.0,54.0965144,5.9
2024-02-03 13:30:00,DC_2,25.6,45.0,40.05,61.38,914.8,25.6,30.0,30.0,59.13041749,3.67
2024-02-03 16:00:00,DC_2,24.3,34.49,42.39,99.39,1079.01,24.3,30.0,30.0,97.29850312,2.1
2024-02-03 18:30:00,DC_2,22.01,47.87,54.67,100.58,1061.44,23.01,32.87,39.67,94.50334411,6.04
2024-02-03 21:00:00,DC_2,27.78,48.16,42.78,93.34,1264.32,27.78,33.16,30.0,89.80095156,3.79
2024-02-03 23:30:00,DC_2,22.41,47.11,40.27,71.95,945.72,23.41,32.11,30.0,66.46199244,7.63
2024-02-04 02:00:00,DC_2,25.72,42.16,30.39,28.24,676.41,25.72,30.0,30.0,27.38529909,3.03
2024-02-04 04:30:00,DC_2,21.8,47.21,37.51,50.21,654.56,23.3,32.21,30.0,45.67302884,9.04
2024-02-04 07:00:00,DC_2,23.13,40.92,35.35,35.96,682.28,23.13,30.0,30.0,34.17976257,4.95
2024-02-04 09:30:00,DC_2,22.94,48.53,39.89,48.33,709.74,23.44,33.53,30.0,43.6997199,9.58
2024-02-04 12:00:00,DC_2,23.76,48.27,48.78,53.84,841.49,23.76,33.27,33.78,50.67937348,5.87
2024-02-04 14:30:00,DC_2,22.91,48.7,47.62,64.78,950.59,23.41,33.7,32.62,60.16955339,7.12
2024-02-04 17:00:00,DC_2,22.76,55.76,40.26,105.19,1018.01,23.26,40.76,30.0,101.0130012,3.97
2024-02-04 19:30:00,DC_2,21.97,57.98,48.09,115.06,1196.63,23.47,42.98,33.09,106.6369025,7.32
2024-02-04 22:00:00,DC_2,24.38,50.86,43.03,77.44,1191.97,24.38,35.86,30.0,71.76548637,7.33
2024-02-05 00:30:00,DC_2,24.12,41.99,38.01,64.8,1039.58,24.12,30.0,30.0,61.61938071,4.91
2024-02-05 03:00:00,DC_2,21.46,49.85,41.89,78.9,955.64,23.46,34.85,30.0,74.87527351,5.1
2024-02-05 05:30:00,DC_2,22.79,36.95,39.24,43.82,605.0,23.29,30.0,30.0,42.68825719,2.58
2024-02-05 08:00:00,DC_2,25.14,41.98,40.79,43.84,740.8,25.14,30.0,30.0,42.12848655,3.9
2024-02-05 10:30:00,DC_2,21.24,47.99,41.19,72.86,905.3,23.24,32.99,30.0,66.79407297,8.33
2024-02-05 13:00:00,DC_2,23.0,48.99,43.75,109.2,1185.85,23.0,33.99,30.0,105.8691994,3.05
2024-02-05 15:30:00,DC_2,21.71,65.61,52.99,174.11,1505.08,23.21,50.61,37.99,165.7111196,4.82
2024-02-05 18:00:00,DC_2,21.3,69.42,62.75,236.06,1873.74,23.3,54.42,47.75,222.1126645,5.91
2024-02-05 20:30:00,DC_2,23.14,49.64,53.31,111.79,1456.67,23.14,34.64,38.31,107.8713806,3.51
2024-02-05 23:00:00,DC_2,24.3,47.95,42.13,76.29,1293.74,24.3,32.95,30.0,74.50489996,2.34
2024-02-06 01:30:00,DC_2,23.75,50.71,47.91,83.83,1108.82,23.75,35.71,32.91,79.67922102,4.95
2024-02-06 04:00:00,DC_2,23.28,42.25,44.43,76.81,1085.38,23.28,30.0,30.0,74.22547141,3.36
2024-02-06 06:30:00,DC_2,25.26,40.09,32.7,27.42,720.41,25.26,30.0,30.0,27.14702177,1.0
2024-02-06 09:00:00,DC_2,20.92,47.86,39.42,58.81,771.71,23.42,32.86,30.0,53.99838921,8.18
2024-02-06 11:30:00,DC_2,21.13,55.5,51.95,90.58,1032.59,23.13,40.5,36.95,82.74207491,8.65
2024-02-06 14:00:00,DC_2,21.21,56.71,53.15,158.2,1463.04,23.21,41.71,38.15,147.5394216,6.74
2024-02-06 16:30:00,DC_2,23.9,59.73,54.85,166.02,1724.9,23.9,44.73,39.85,160.0861201,3.57
2024-02-06 19:00:00,DC_2,23.14,57.34,52.8,152.14,1673.83,23.14,42.34,37.8,148.2795229,2.54
2024-02-06 21:30:00,DC_2,23.37,52.96,51.75,148.02,1482.26,23.37,37.96,36.75,143.5747161,3.0
2024-02-07 00:00:00,DC_2,22.8,49.13,42.58,85.77,1122.32,23.3,34.13,30.0,80.96164839,5.61
2024-02-07 02:30:00,DC_2,23.21,41.8,42.28,47.45,904.4,23.21,30.0,30.0,43.92454086,7.43
2024-02-07 05:00:00,DC_2,21.79,46.73,41.59,47.33,730.92,23.29,31.73,30.0,43.78731415,7.49
2024-02-07 07:30:00,DC_2,23.49,46.1,45.46,48.08,731.36,23.49,31.1,30.46,46.82636912,2.61
2024-02-07 10:00:00,DC_2,28.89,41.26,31.38,38.18,834.49,28.89,41.26,31.38,38.17594442,0.01
2024-02-07 12:30:00,DC_2,24.01,48.34,46.02,68.21,1063.71,24.01,33.34,31.02,64.23147382,5.83
2024-02-07 15:00:00,DC_2,22.47,49.22,49.18,117.96,1340.94,23.47,34.22,34.18,111.055711,5.85
2024-02-07 17:30:00,DC_2,21.49,62.78,62.96,215.48,1600.07,23.49,47.78,47.96,204.5896155,5.05
2024-02-07 20:00:00,DC_2,21.29,56.49,53.57,137.87,1447.51,23.29,41.49,38.57,128.8668588,6.53
2024-02-07 22:30:00,DC_2,23.06,48.0,47.4,106.56,1329.16,23.06,33.0,32.4,101.568869,4.68
2024-02-08 01:00:00,DC_2,23.16,50.5,41.5,89.96,1057.41,23.16,35.5,30.0,87.86801327,2.33
2024-02-08 03:30:00,DC_2,23.36,41.96,48.6,69.09,882.8,23.36,30.0,33.6,65.30120509,5.48
2024-02-08 06:00:00,DC_2,21.4,33.7,49.17,52.88,646.31,23.4,30.0,34.17,49.73076171,5.96
2024-02-08 08:30:00,DC_2,21.73,46.26,37.68,47.85,756.9,23.23,31.26,30.0,43.75262848,8.56
2024-02-08 11:00:00,DC_2,27.09,40.03,41.42,60.28,907.93,27.09,30.0,30.0,58.38340418,3.15
2024-02-08 13:30:00,DC_2,23.74,50.22,50.62,96.0,1108.49,23.74,35.22,35.62,92.32189292,3.83
2024-02-08 16:00:00,DC_2,22.45,52.46,56.34,163.22,1459.91,23.45,37.46,41.34,156.5485052,4.09
2024-02-08 18:30:00,DC_2,22.28,64.4,54.71,155.76,1460.97,23.28,49.4,39.71,148.8059405,4.46
2024-02-08 21:00:00,DC_2,17.33,70.62,59.63,158.51,1509.51,19.83,55.62,44.63,146.505391,7.57
2024-02-08 23:30:00,DC_2,23.24,47.44,52.47,109.07,1278.57,23.24,32.44,37.47,104.1100644,4.55
2024-02-09 02:00:00,DC_2,24.13,45.8,34.69,61.71,889.35,24.13,30.8,30.0,59.29977832,3.91
2024-02-09 04:30:00,DC_2,24.0,46.52,41.99,50.77,747.54,24.0,31.52,30.0,47.52515045,6.39
2024-02-09 07:00:00,DC_2,22.94,44.26,39.18,37.76,638.46,23.44,30.0,30.0,34.35452303,9.02
2024-02-09 09:30:00,DC_2,21.57,48.82,38.87,74.6,847.53,23.07,33.82,30.0,69.69418818,6.58
2024-02-09 12:00:00,DC_2,24.79,42.75,48.89,75.67,934.66,24.79,30.0,33.89,72.89087043,3.67
2024-02-09 14:30:00,DC_2,23.3,53.95,53.16,113.15,1204.94,23.3,38.95,38.16,108.124968,4.44
2024-02-09 17:00:00,DC_2,25.47,53.5,47.04,165.87,1709.4,25.47,38.5,32.04,160.0755676,3.49
2024-02-09 19:30:00,DC_2,22.95,53.54,50.08,130.56,1531.96,23.45,38.54,35.08,124.9220215,4.32
2024-02-09 22:00:00,DC_2,21.64,58.24,47.07,148.49,1420.88,23.14,43.24,32.07,141.6991963,4.57
2024-02-10 00:30:00,DC_2,21.74,52.08,46.43,67.12,925.62,23.24,37.08,31.43,61.33720926,8.62
2024-02-10 03:00:00,DC_2,22.89,42.21,40.86,58.54,814.9,23.39,30.0,30.0,57.88247503,1.12
2024-02-10 05:30:00,DC_2,23.98,37.57,33.39,34.5,613.3,23.98,30.0,30.0,33.00394373,4.34
2024-02-10 08:00:00,DC_2,23.22,44.91,33.86,45.26,673.62,23.22,30.0,30.0,42.19438969,6.77
2024-02-10 10:30:00,DC_2,24.37,44.46,29.21,52.88,686.14,24.37,30.0,30.0,49.18024623,7.0
2024-02-10 13:00:00,DC_2,24.74,49.5,37.8,66.58,886.0,24.74,34.5,30.0,63.51817981,4.6
2024-02-10 15:30:00,DC_2,23.43,48.09,48.84,83.78,1070.14,23.43,33.09,33.84,80.4070036,4.03
2024-02-10 18:00:00,DC_2,21.74,64.91,43.74,99.8,1006.22,23.24,49.91,30.0,91.89061605,7.93
2024-02-10 20:30:00,DC_2,22.76,55.775000000000006,51.14,107.48,1182.95,23.26,38.96,36.14,102.4115937,4.72
2024-02-10 23:00:00,DC_2,25.3,45.45,42.83,50.27,1052.83,25.3,30.45,30.0,45.58143578,9.33
2024-02-11 01:30:00,DC_2,22.61,48.18,44.6,47.84,880.7,23.11,33.18,30.0,44.29397046,7.41
2024-02-11 04:00:00,DC_2,23.13,46.3,51.21,41.38,706.12,23.13,31.3,30.0,37.86266313,8.5
2024-02-11 06:30:00,DC_2,20.45,48.97,47.11,56.64,705.11,22.95,33.97,32.11,50.18562141,11.4
2024-02-11 09:00:00,DC_2,23.19,40.0,41.95,49.56,718.96,23.19,30.0,30.0,47.86720184,3.42
2024-02-11 11:30:00,DC_2,23.53,53.12,39.01,68.9,878.0,23.53,38.12,30.0,64.3944403,6.54
2024-02-11 14:00:00,DC_2,24.22,49.02,38.8,82.99,935.57,24.22,34.02,30.0,78.95932224,4.86
2024-02-11 16:30:00,DC_2,25.0,45.05,36.68,81.7,1032.81,25.0,30.05,30.0,79.643587,2.52
2024-02-11 19:00:00,DC_2,22.6,47.79,47.3,88.84,1120.66,23.1,32.79,32.3,84.1728562,5.25
2024-02-11 21:30:00,DC_2,17.89,67.46,62.91,169.29,1540.51,20.39,52.46,47.91,157.0126851,7.25
2024-02-12 00:00:00,DC_2,21.6,48.74,46.72,75.01,1030.77,23.1,33.74,31.72,66.85301697,10.87
2024-02-12 02:30:00,DC_2,22.27,46.97,45.15,59.25,947.82,23.27,31.97,30.15,54.57896933,7.88
2024-02-12 05:00:00,DC_2,22.24,43.75,43.85,53.53,707.63,23.24,30.0,30.0,48.49188681,9.41
2024-02-12 07:30:00,DC_2,20.94,47.51,45.96,53.18,788.49,23.44,32.51,30.96,49.00210275,7.86
2024-02-12 10:00:00,DC_2,21.92,51.9,45.24,62.25,881.39,23.42,36.9,30.24,57.76292502,7.21
2024-02-12 12:30:00,DC_2,28.27,48.8,50.07,121.0,1249.28,28.27,33.8,35.07,116.2018392,3.97
2024-02-12 15:00:00,DC_2,26.72,53.75,50.62,134.9,1444.32,26.72,38.75,35.62,129.9619412,3.66
2024-02-12 17:30:00,DC_2,23.0,61.47,57.23,162.52,1496.97,23.5,46.47,42.23,157.2095194,3.27
2024-02-12 20:00:00,DC_2,24.4,59.88,54.46,150.66,1644.88,24.4,44.88,39.46,144.4292924,4.14
2024-02-12 22:30:00,DC_2,23.08,68.07,60.27,147.55,1686.72,23.08,53.07,45.27,140.1518602,5.01
2024-02-13 01:00:00,DC_2,21.97,52.48,41.11,72.2,1031.92,23.47,37.48,30.0,67.77620672,6.13
2024-02-13 03:30:00,DC_2,17.03,58.45,55.59,102.6,932.87,19.53,43.45,40.59,94.43014878,7.96
2024-02-13 06:00:00,DC_2,26.14,28.98,40.69,34.92,700.45,26.14,30.0,30.0,33.65303643,3.63
2024-02-13 08:30:00,DC_2,28.99,34.44,30.63,44.94,719.26,28.99,30.0,30.0,42.51631063,5.39
2024-02-13 11:00:00,DC_2,23.8,38.94,42.08,67.37,889.57,23.8,30.0,30.0,64.35892913,4.47
2024-02-13 13:30:00,DC_2,23.83,53.06,49.44,95.79,1209.03,23.83,38.06,34.44,90.41913999,5.61
2024-02-13 16:00:00,DC_2,19.9,66.41,60.78,250.95,1642.59,22.4,51.41,45.78,236.3963195,5.8
2024-02-13 18:30:00,DC_2,24.03,52.07,45.83,155.38,1471.75,24.03,37.07,30.83,150.6045411,3.07
2024-02-13 21:00:00,DC_2,22.93,58.13,47.12,115.0,1355.15,23.43,43.13,32.12,109.485237,4.8
2024-02-13 23:30:00,DC_2,22.94,48.16,38.87,114.72,1254.86,23.44,33.16,30.0,112.5857179,1.86
2024-02-14 02:00:00,DC_2,22.77,50.44,43.92,65.18,891.33,23.27,35.44,30.0,59.87716836,8.14
2024-02-14 04:30:00,DC_2,21.31,51.18,41.75,63.01,842.19,23.31,36.18,30.0,57.99330473,7.96
2024-02-14 07:00:00,DC_2,23.78,37.47,36.59,47.69,675.49,23.78,30.0,30.0,47.37169705,0.67
2024-02-14 09:30:00,DC_2,23.94,45.52,43.62,51.77,714.68,23.94,30.52,30.0,46.4037922,10.37
2024-02-14 12:00:00,DC_2,22.66,56.03,52.96,83.2,1052.58,23.16,41.03,37.96,77.92421455,6.34
2024-02-14 14:30:00,DC_2,22.38,51.11,49.21,100.96,1156.37,23.38,36.11,34.21,96.08587647,4.83
2024-02-14 17:00:00,DC_2,23.57,56.31,48.18,152.37,1532.64,23.57,41.31,33.18,147.0967874,3.46
2024-02-14 19:30:00,DC_2,22.96,61.62,52.18,130.95,1439.38,23.46,46.62,37.18,123.4271255,5.74
2024-02-14 22:00:00,DC_2,21.07,53.74,43.32,104.67,1309.73,23.07,38.74,30.0,98.09798702,6.28
2024-02-15 00:30:00,DC_2,22.01,56.44,43.74,68.87,1065.43,23.01,41.44,30.0,63.56426357,7.7
2024-02-15 03:00:00,DC_2,21.4,44.39,43.42,63.48,748.71,23.4,30.0,30.0,57.47184016,9.46
2024-02-15 05:30:00,DC_2,22.7,47.55,38.95,30.01,628.24,23.2,32.55,30.0,27.72262915,7.62
2024-02-15 08:00:00,DC_2,22.06,50.4,50.72,67.49,811.56,23.06,35.4,35.72,61.15708989,9.38
2024-02-15 10:30:00,DC_2,22.4,44.27,48.03,56.3,819.42,23.4,30.0,33.03,52.32372288,7.06
2024-02-15 13:00:00,DC_2,23.66,53.55,50.16,97.03,1087.77,23.66,38.55,35.16,92.7660927,4.39
2024-02-15 15:30:00,DC_2,21.6,52.97,53.29,159.42,1472.33,23.1,37.97,38.29,152.0073871,4.65
2024-02-15 18:00:00,DC_2,19.7,66.55,69.04,241.8,1780.75,22.2,51.55,54.04,226.348581,6.39
2024-02-15 20:30:00,DC_2,20.05,63.78,56.09,162.96,1452.51,22.55,48.78,41.09,151.8968599,6.79
2024-02-15 23:00:00,DC_2,21.37,51.93,46.46,94.45,1190.72,23.37,36.93,31.46,88.17037225,6.65
2024-02-16 01:30:00,DC_2,23.0,49.87,37.18,61.21,1016.5,23.0,34.87,30.0,59.39644162,2.96
2024-02-16 04:00:00,DC_2,24.02,39.37,40.15,32.42,746.74,24.02,30.0,30.0,28.59175043,11.81
2024-02-16 06:30:00,DC_2,17.14,53.53,51.73,59.53,655.92,19.64,38.53,36.73,53.8085117,9.61
2024-02-16 09:00:00,DC_2,22.25,56.85,44.08,89.44,1091.01,23.25,41.85,30.0,85.33781869,4.59
2024-02-16 11:30:00,DC_2,25.25,49.53,43.26,71.21,1030.25,25.25,34.53,30.0,67.60587882,5.06
2024-02-16 14:00:00,DC_2,23.48,45.87,43.16,74.66,996.04,23.48,30.87,30.0,71.48273129,4.26
2024-02-16 16:30:00,DC_2,23.74,57.57,52.42,155.66,1439.8,23.74,42.57,37.42,151.4017575,2.74
2024-02-16 19:00:00,DC_2,21.98,65.77,58.0,179.89,1534.45,23.48,50.77,43.0,169.5053782,5.77
2024-02-16 21:30:00,DC_2,22.99,54.58,55.64,125.88,1386.73,23.49,39.58,40.64,121.405306,3.55
2024-02-17 00:00:00,DC_2,22.39,43.71,45.5,66.59,873.42,23.39,30.0,30.5,62.4656412,6.19
2024-02-17 02:30:00,DC_2,21.94,42.77,37.03,56.83,809.02,23.44,30.0,30.0,54.13547983,4.74
2024-02-17 05:00:00,DC_2,22.11,39.39,42.58,47.1,718.62,23.11,30.0,30.0,44.42035656,5.69
2024-02-17 07:30:00,DC_2,25.46,35.24,25.23,22.71,591.1,25.46,30.0,30.0,22.26696124,1.95
2024-02-17 10:00:00,DC_2,22.93,39.97,38.8,40.98,749.0,23.43,30.0,30.0,40.05888041,2.25
2024-02-17 12:30:00,DC_2,24.57,46.68,42.13,64.41,876.28,24.57,31.68,30.0,60.58121832,5.94
2024-02-17 15:00:00,DC_2,23.14,47.68,57.1,79.22,922.77,23.14,32.68,42.1,75.17315267,5.11
2024-02-17 17:30:00,DC_2,23.85,51.14,41.55,98.09,1196.58,23.85,36.14,30.0,94.53098949,3.63
2024-02-17 20:00:00,DC_2,25.13,48.6,45.31,64.03,1073.43,25.13,33.6,30.31,60.83835273,4.98
2024-02-17 22:30:00,DC_2,24.43,52.98,41.26,65.88,1051.83,24.43,52.98,41.26,65.88,0.0
2024-02-18 01:00:00,DC_2,17.24,51.55,54.44,85.23,903.16,19.74,36.55,39.44,76.85413233,9.83
2024-02-18 03:30:00,DC_2,27.24,46.99,34.51,29.71,738.15,27.24,31.99,30.0,26.1797451,11.88
2024-02-18 06:00:00,DC_2,22.82,47.58,41.25,49.42,737.88,23.32,32.58,30.0,44.90039272,9.15
2024-02-18 08:30:00,DC_2,22.64,31.32,34.51,39.52,682.63,22.64,31.32,34.51,39.51565149,0.01
2024-02-18 11:00:00,DC_2,21.82,49.66,41.85,45.83,700.39,23.32,34.66,30.0,41.13857561,10.24
2024-02-18 13:30:00,DC_2,23.46,48.12,44.83,85.58,1005.94,23.46,33.12,30.0,83.87106348,2.0
2024-02-18 16:00:00,DC_2,23.91,53.93,44.2,82.88,1104.92,23.91,38.93,30.0,77.43156917,6.57
2024-02-18 18:30:00,DC_2,21.9,51.78,46.3,114.72,1138.77,23.4,36.78,31.3,108.074727,5.79
2024-02-18 21:00:00,DC_2,23.6,49.01,47.62,70.46,1089.24,23.6,34.01,32.62,65.96978145,6.37
2024-02-18 23:30:00,DC_2,24.22,49.56,49.71,84.33,1106.16,24.22,34.56,34.71,79.60938388,5.6
2024-02-19 02:00:00,DC_2,24.24,41.16,37.9,78.43,1096.96,24.24,30.0,30.0,76.48678635,2.48
2024-02-19 04:30:00,DC_2,23.65,45.56,37.88,36.72,741.72,23.65,30.56,30.0,32.98278635,10.18
2024-02-19 07:00:00,DC_2,22.76,48.68,32.94,49.13,696.41,23.26,33.68,30.0,46.07937003,6.21
2024-02-19 09:30:00,DC_2,16.4,61.59,53.16,108.57,842.35,18.9,46.59,38.16,98.26933083,9.49
2024-02-19 12:00:00,DC_2,24.24,49.09,44.92,81.65,1008.73,24.24,34.09,30.0,78.79832886,3.49
2024-02-19 14:30:00,DC_2,23.15,52.2,43.0,88.12,1145.47,23.15,37.2,30.0,84.84101084,3.72
2024-02-19 17:00:00,DC_2,19.78,60.13,57.62,168.72,1422.51,22.28,45.13,42.62,156.7615354,7.09
2024-02-19 19:30:00,DC_2,22.89,58.88,62.62,150.45,1529.52,23.39,43.88,47.62,144.1988198,4.15
2024-02-19 22:00:00,DC_2,22.42,52.47,48.4,116.97,1340.56,23.42,37.47,33.4,111.6029277,4.59
2024-02-20 00:30:00,DC_2,23.09,49.27,45.3,89.37,1113.32,23.09,34.27,30.3,84.77578568,5.14
2024-02-20 03:00:00,DC_2,26.62,47.83,42.24,61.48,942.5,26.62,32.83,30.0,59.29864684,3.55
2024-02-20 05:30:00,DC_2,21.34,45.93,51.21,42.44,642.06,23.34,30.93,30.0,39.4902651,6.95
2024-02-20 08:00:00,DC_2,16.87,54.45,43.26,58.72,712.18,19.37,39.45,30.0,52.25167412,11.02
2024-02-20 10:30:00,DC_2,22.88,45.28,42.03,63.73,801.31,23.38,30.28,30.0,59.95756368,5.92
2024-02-20 13:00:00,DC_2,22.32,50.71,45.97,102.02,1169.3,23.32,35.71,30.97,95.91499352,5.98
2024-02-20 15:30:00,DC_2,21.97,58.84,59.55,217.35,1708.36,23.47,43.84,44.55,206.9684438,4.78
2024-02-20 18:00:00,DC_2,22.73,50.33,56.83,165.27,1582.83,23.23,35.33,41.83,160.8005425,2.7
2024-02-20 20:30:00,DC_2,23.27,55.82,53.18,201.59,1897.35,23.27,40.82,38.18,197.1759049,2.19
2024-02-20 23:00:00,DC_2,24.18,49.0,48.55,78.99,1270.25,24.18,34.0,33.55,76.010501,3.77
2024-02-21 01:30:00,DC_2,25.17,40.72,35.43,39.78,949.74,25.17,30.0,30.0,37.25637213,6.34
2024-02-21 04:00:00,DC_2,23.04,44.9,41.34,48.24,824.68,23.04,30.0,30.0,45.17902556,6.35
2024-02-21 06:30:00,DC_2,24.8,37.05,36.0,48.36,757.77,24.8,37.05,36.0,48.35899395,0.0
2024-02-21 09:00:00,DC_2,21.63,53.46,45.25,68.46,795.39,23.13,38.46,30.25,61.15019575,10.68
2024-02-21 11:30:00,DC_2,23.9,45.62,44.47,71.23,876.89,23.9,30.62,30.0,68.67583477,3.59
2024-02-21 14:00:00,DC_2,25.03,50.55,46.37,77.64,1107.32,25.03,35.55,31.37,74.45123483,4.11
2024-02-21 16:30:00,DC_2,22.37,57.54,60.15,161.38,1517.79,23.37,42.54,45.15,155.3248089,3.75
2024-02-21 19:00:00,DC_2,24.29,60.95,50.58,156.45,1530.41,24.29,45.95,35.58,150.653793,3.7
2024-02-21 21:30:00,DC_2,21.07,59.8,48.76,132.78,1391.77,23.07,44.8,33.76,122.910079,7.43
2024-02-22 00:00:00,DC_2,23.69,54.2,39.7,75.21,1044.4,23.69,39.2,30.0,70.82145031,5.84
2024-02-22 02:30:00,DC_2,17.7,49.21,48.38,74.94,899.17,20.2,34.21,33.38,66.26141404,11.58
2024-02-22 05:00:00,DC_2,22.46,45.67,40.2,50.99,735.34,23.46,30.67,30.0,46.37627864,9.05
2024-02-22 07:30:00,DC_2,22.86,48.52,41.67,70.24,910.6,23.36,33.52,30.0,66.71725526,5.02
2024-02-22 10:00:00,DC_2,22.78,55.775000000000006,43.92,67.63,858.77,23.28,30.0,30.0,65.7325983,2.81
2024-02-22 12:30:00,DC_2,24.17,52.79,41.3,96.91,1115.88,24.17,37.79,30.0,94.21989369,2.78
2024-02-22 15:00:00,DC_2,25.19,49.8,45.15,132.44,1442.48,25.19,34.8,30.15,130.1913218,1.7
2024-02-22 17:30:00,DC_2,23.76,59.64,52.73,165.56,1728.23,23.76,44.64,37.73,161.1999441,2.63
2024-02-22 20:00:00,DC_2,22.16,62.14,49.05,101.03,1414.06,23.16,47.14,34.05,95.19719648,5.77
2024-02-22 22:30:00,DC_2,22.09,55.35,46.78,129.03,1416.85,23.09,40.35,31.78,123.7961481,4.06
2024-02-23 01:00:00,DC_2,28.54,42.81,29.1,65.12,1039.68,28.54,30.0,30.0,64.58170623,0.83
2024-02-23 03:30:00,DC_2,25.64,39.02,40.04,27.48,798.3,25.64,30.0,30.0,25.29260301,7.96
2024-02-23 06:00:00,DC_2,22.51,43.1,36.34,45.67,657.9,23.01,30.0,30.0,43.51454199,4.72
2024-02-23 08:30:00,DC_2,24.51,37.42,37.9,38.42,641.44,24.51,30.0,30.0,36.44784245,5.13
2024-02-23 11:00:00,DC_2,21.28,50.09,43.6,81.3,911.46,23.28,35.09,30.0,74.97588424,7.78
2024-02-23 13:30:00,DC_2,21.37,53.09,51.11,103.69,1074.75,23.37,38.09,36.11,96.72624869,6.72
2024-02-23 16:00:00,DC_2,22.08,67.18,57.99,214.37,1680.72,23.08,52.18,42.99,207.2459605,3.32
2024-02-23 18:30:00,DC_2,22.69,63.06,54.13,177.94,1564.97,23.19,48.06,39.13,170.6460055,4.1
2024-02-23 21:00:00,DC_2,16.01,69.3,67.02,225.33,1696.15,18.51,54.3,52.02,211.1905445,6.27
2024-02-23 23:30:00,DC_2,23.07,49.27,50.69,78.28,1051.12,23.07,34.27,35.69,74.40675699,4.95
2024-02-24 02:00:00,DC_2,21.02,49.22,43.06,83.36,850.4,23.02,34.22,30.0,76.41831423,8.33
2024-02-24 04:30:00,DC_2,21.86,46.51,38.34,39.85,676.43,23.36,31.51,30.0,36.9309287,7.33
2024-02-24 07:00:00,DC_2,21.97,44.31,44.79,37.79,646.07,23.47,30.0,30.0,34.19908975,9.5
2024-02-24 09:30:00,DC_2,22.72,43.2,39.81,42.55,740.38,23.22,30.0,30.0,42.05872965,1.15
2024-02-24 12:00:00,DC_2,22.73,46.79,42.73,65.51,814.53,23.23,31.79,30.0,61.73249668,5.77
2024-02-24 14:30:00,DC_2,22.45,50.71,43.99,67.38,871.17,23.45,35.71,30.0,64.49474313,4.28
2024-02-24 17:00:00,DC_2,23.08,46.99,48.03,81.77,1060.77,23.08,31.99,33.03,77.83882827,4.81
2024-02-24 19:30:00,DC_2,23.56,45.99,41.95,101.64,1132.91,23.56,30.99,30.0,97.28249616,4.29
2024-02-24 22:00:00,DC_2,25.32,40.48,40.01,70.56,1079.44,25.32,30.0,30.0,67.28217138,4.65
2024-02-25 00:30:00,DC_2,24.11,43.88,32.63,47.83,938.06,24.11,30.0,30.0,45.17791008,5.54
2024-02-25 03:00:00,DC_2,23.2,47.95,43.91,67.07,1058.59,23.2,32.95,30.0,64.70820379,3.52
2024-02-25 05:30:00,DC_2,22.93,47.86,42.0,49.09,678.15,23.43,32.86,30.0,46.70216933,4.86
2024-02-25 08:00:00,DC_2,22.38,45.86,34.41,44.1,661.29,23.38,30.86,30.0,40.83425302,7.41
2024-02-25 10:30:00,DC_2,21.87,40.69,37.86,44.86,753.2,23.37,30.0,30.0,41.40523407,7.7
2024-02-25 13:00:00,DC_2,22.55,47.42,43.23,75.93,915.14,23.05,32.42,30.0,73.04629965,3.8
2024-02-25 15:30:00,DC_2,21.91,47.13,55.29,74.4,1003.87,23.41,32.13,40.29,67.87001957,8.78
2024-02-25 18:00:00,DC_2,22.31,66.65,45.87,119.89,1215.01,23.31,51.65,30.87,114.9219027,4.14
2024-02-25 20:30:00,DC_2,20.4,53.48,52.45,116.21,1107.77,22.9,38.48,37.45,106.2234381,8.59
2024-02-25 23:00:00,DC_2,23.82,46.94,39.82,71.71,1032.2,23.82,31.94,30.0,68.67531018,4.23
2024-02-26 01:30:00,DC_2,28.49,41.52,42.09,76.85,1087.59,28.49,30.0,30.0,74.9421359,2.48
2024-02-26 04:00:00,DC_2,24.07,46.11,42.74,43.98,810.03,24.07,31.11,30.0,40.109208,8.8
2024-02-26 06:30:00,DC_2,21.2,42.49,33.79,37.66,664.58,23.2,30.0,30.0,34.64865671,8.0
2024-02-26 09:00:00,DC_2,20.89,45.08,43.59,60.76,699.81,23.39,30.08,30.0,55.58728972,8.51
2024-02-26 11:30:00,DC_2,22.5,49.65,41.36,65.6,911.17,23.0,34.65,30.0,61.10214968,6.86
2024-02-26 14:00:00,DC_2,23.42,49.79,42.0,112.84,1245.38,23.42,34.79,30.0,107.7280143,4.53
2024-02-26 16:30:00,DC_2,23.9,56.43,46.03,159.64,1622.64,23.9,41.43,31.03,156.121938,2.2
2024-02-26 19:00:00,DC_2,27.37,50.46,43.12,92.7,1335.39,27.37,35.46,30.0,90.55721808,2.31
2024-02-26 21:30:00,DC_2,25.88,62.82,51.22,151.7,1656.74,25.88,47.82,36.22,145.1065095,4.35
2024-02-27 00:00:00,DC_2,20.93,59.02,49.43,126.29,1278.67,23.43,44.02,34.43,116.6364085,7.64
2024-02-27 02:30:00,DC_2,24.84,54.27,51.21,53.65,911.55,24.84,39.27,30.0,47.99347548,10.54
2024-02-27 05:00:00,DC_2,22.1,49.97,41.1,55.55,742.52,23.1,34.97,30.0,51.69645876,6.94
2024-02-27 07:30:00,DC_2,24.67,34.41,35.02,35.18,786.82,24.67,30.0,30.0,34.484918,1.98
2024-02-27 10:00:00,DC_2,24.97,46.61,38.9,47.33,887.08,24.97,31.61,30.0,45.16354653,4.58
2024-02-27 12:30:00,DC_2,22.36,46.18,44.35,89.5,1013.66,23.36,31.18,30.0,84.5232785,5.56
2024-02-27 15:00:00,DC_2,23.33,56.33,48.23,96.5,1357.17,23.33,41.33,33.23,91.97431274,4.69
2024-02-27 17:30:00,DC_2,22.64,60.5,54.63,155.61,1572.65,23.14,45.5,39.63,149.3094507,4.05
2024-02-27 20:00:00,DC_2,21.5,69.18,63.22,205.8,1786.09,23.5,54.18,48.22,193.9676987,5.75
2024-02-27 22:30:00,DC_2,28.46,46.27,45.07,94.81,1361.7,28.46,38.27,30.07,91.79285264,3.18
2024-02-28 01:00:00,DC_2,24.51,47.04,51.19,76.26,1125.8,24.51,32.04,36.19,72.91859038,4.38
2024-02-28 03:30:00,DC_2,21.95,51.38,43.41,48.8,848.1,23.45,36.38,30.0,43.12864671,11.62
2024-02-28 06:00:00,DC_2,21.51,48.85,42.07,41.67,647.92,23.01,33.85,30.0,37.71947703,9.48
2024-02-28 08:30:00,DC_2,24.2,38.94,40.84,52.27,845.86,24.2,30.0,30.0,50.01248201,4.32
2024-02-28 11:00:00,DC_2,21.93,54.25,41.32,86.34,973.36,23.43,39.25,30.0,83.33140555,3.48
2024-02-28 13:30:00,DC_2,22.64,58.46,46.63,106.57,1144.98,23.14,43.46,31.63,102.7222536,3.61
2024-02-28 16:00:00,DC_2,23.73,53.94,54.75,163.23,1482.79,23.73,38.94,39.75,156.879623,3.89
2024-02-28 18:30:00,DC_2,23.16,49.54,52.9,136.92,1401.45,23.16,34.54,37.9,131.7489791,3.78
2024-02-28 21:00:00,DC_2,24.55,53.64,49.78,147.45,1638.84,24.55,38.64,34.78,143.813553,2.47
2024-02-28 23:30:00,DC_2,22.13,59.99,45.71,122.37,1202.17,23.13,44.99,30.71,115.0617228,5.97
2024-02-29 02:00:00,DC_2,22.17,40.25,42.24,71.22,1008.89,23.17,30.0,30.0,68.44610546,3.89
2024-02-29 04:30:00,DC_2,23.85,49.06,36.03,50.69,789.21,23.85,34.06,30.0,45.33455758,10.57
2024-02-29 07:00:00,DC_2,21.37,47.5,40.72,55.77,692.35,23.37,32.5,30.0,51.54814761,7.57
2024-02-29 09:30:00,DC_2,20.83,49.81,43.83,66.89,768.83,23.33,34.81,30.0,61.49683363,8.06
2024-02-29 12:00:00,DC_2,23.25,48.1,40.57,79.61,988.31,23.25,33.1,30.0,75.7775962,4.81
2024-02-29 14:30:00,DC_2,22.43,58.74,51.15,119.36,1227.15,23.43,43.74,36.15,110.2864881,7.6
2024-02-29 17:00:00,DC_2,21.93,63.96,58.84,165.81,1514.05,23.43,48.96,43.84,157.4463978,5.04
2024-02-29 19:30:00,DC_2,23.29,59.29,57.22,176.35,1623.4,23.29,44.29,42.22,169.710715,3.76
2024-02-29 22:00:00,DC_2,23.18,53.04,55.1,129.12,1326.45,23.18,38.04,40.1,126.0018818,2.41
2024-03-01 00:30:00,DC_2,24.36,43.48,46.94,119.45,1177.49,24.36,30.0,31.94,116.5801214,2.4
2024-03-01 03:00:00,DC_2,23.79,55.775000000000006,43.14,80.44,907.3,23.79,30.0,30.0,75.92771093,5.61
2024-03-01 05:30:00,DC_2,18.21,55.99,47.21,82.91,671.04,20.71,40.99,32.21,75.14664398,9.36
2024-03-01 08:00:00,DC_2,16.84,59.05,59.26,115.33,823.88,19.34,44.05,44.26,105.9065092,8.17
2024-03-01 10:30:00,DC_2,24.25,56.31,49.66,112.66,918.47,24.25,41.31,34.66,107.0081522,5.02
2024-03-01 13:00:00,DC_2,24.0,61.81,57.2,198.83,1410.86,24.0,46.81,42.2,194.8116304,2.02
2024-03-01 15:30:00,DC_2,22.73,69.71,55.71,201.26,1422.33,23.23,54.71,40.71,193.8198728,3.7
2024-03-01 18:00:00,DC_2,22.32,71.02,67.23,301.98,1774.9,23.32,56.02,52.23,290.8344362,3.69
2024-03-01 20:30:00,DC_2,22.19,59.08,59.68,191.46,1457.78,23.19,44.08,44.68,183.3708117,4.23
2024-03-01 23:00:00,DC_2,21.79,64.69,57.01,168.34,1403.56,23.29,49.69,42.01,160.7422282,4.51
2024-03-02 01:30:00,DC_2,17.13,54.05,59.86,151.4,948.28,19.63,39.05,44.86,140.5479723,7.17
2024-03-02 04:00:00,DC_2,21.99,51.17,48.44,71.27,741.88,23.49,36.17,33.44,65.79022964,7.69
2024-03-02 06:30:00,DC_2,22.45,46.45,42.56,49.84,663.89,23.45,31.45,30.0,46.32334861,7.06
2024-03-02 09:00:00,DC_2,23.04,54.5,51.84,72.45,718.48,23.04,39.5,36.84,68.09766319,6.01
2024-03-02 11:30:00,DC_2,26.53,62.7,47.46,99.2,892.69,26.53,47.7,32.46,93.67247083,5.57
2024-03-02 14:00:00,DC_2,21.89,60.0,51.26,133.49,938.35,23.39,45.0,36.26,125.8276038,5.74
2024-03-02 16:30:00,DC_2,21.2,54.6,52.61,183.6,1132.29,23.2,39.6,37.61,172.9012662,5.83
2024-03-02 19:00:00,DC_2,24.4,54.24,55.15,156.08,1184.55,24.4,39.24,40.15,150.7640662,3.41
2024-03-02 21:30:00,DC_2,24.06,52.22,53.11,100.97,1071.79,24.06,37.22,38.11,96.37031188,4.56
2024-03-03 00:00:00,DC_2,23.0,52.45,41.84,118.24,1007.41,23.0,37.45,30.0,114.0010387,3.59
2024-03-03 02:30:00,DC_2,19.85,58.17,48.01,78.97,768.16,22.35,43.17,33.01,69.93604437,11.44
2024-03-03 05:00:00,DC_2,21.98,51.32,47.99,59.88,696.95,23.48,36.32,32.99,54.25984038,9.39
2024-03-03 07:30:00,DC_2,23.85,52.8,37.69,56.89,673.42,23.85,37.8,30.0,53.36851511,6.19
2024-03-03 10:00:00,DC_2,22.49,52.78,49.24,72.03,702.46,23.49,37.78,34.24,67.27214999,6.61
2024-03-03 12:30:00,DC_2,23.05,50.14,46.81,85.87,813.33,23.05,35.14,31.81,82.76631415,3.61
2024-03-03 15:00:00,DC_2,23.69,61.96,57.21,145.44,1022.99,23.69,46.96,42.21,139.3179821,4.21
2024-03-03 17:30:00,DC_2,20.89,61.28,58.13,167.52,1129.39,23.39,46.28,43.13,154.3269722,7.88
2024-03-03 20:00:00,DC_2,23.34,62.91,54.53,127.12,1062.74,23.34,47.91,39.53,122.7956916,3.4
2024-03-03 22:30:00,DC_2,23.95,57.44,50.89,132.04,1117.74,23.95,42.44,35.89,125.5845985,4.89
2024-03-04 01:00:00,DC_2,22.33,57.55,51.89,109.87,1109.02,23.33,42.55,36.89,103.7347215,5.58
2024-03-04 03:30:00,DC_2,24.75,45.09,42.27,57.51,750.21,24.75,30.09,30.0,53.35645786,7.22
2024-03-04 06:00:00,DC_2,25.4,46.5,33.66,50.69,680.85,25.4,31.5,30.0,49.32721747,2.69
2024-03-04 08:30:00,DC_2,21.37,47.17,48.91,60.21,700.87,23.37,32.17,33.91,53.98299685,10.34
2024-03-04 11:00:00,DC_2,20.52,60.17,52.35,115.24,862.31,23.02,45.17,37.35,104.0915037,9.67
2024-03-04 13:30:00,DC_2,22.64,62.7,57.86,171.24,1263.76,23.14,47.7,42.86,166.9774948,2.49
2024-03-04 16:00:00,DC_2,21.05,69.79,66.08,306.19,1670.79,23.05,54.79,51.08,288.1319512,5.9
2024-03-04 18:30:00,DC_2,22.44,70.87,59.54,195.57,1390.99,23.44,55.87,44.54,186.8937356,4.44
2024-03-04 21:00:00,DC_2,22.17,72.0,63.53,237.42,1685.29,23.17,57.0,48.53,226.5238887,4.59
2024-03-04 23:30:00,DC_2,23.15,66.29,50.5,176.04,1416.53,23.15,51.29,35.5,170.051182,3.4
2024-03-05 02:00:00,DC_2,22.57,51.67,52.61,107.85,1070.22,23.07,36.67,37.61,102.0421473,5.39
2024-03-05 04:30:00,DC_2,23.99,44.45,44.82,48.87,764.28,23.99,30.0,30.0,46.43455343,4.98
2024-03-05 07:00:00,DC_2,22.67,55.43,46.01,92.48,819.74,23.17,40.43,31.01,87.73570327,5.13
2024-03-05 09:30:00,DC_2,24.01,52.01,45.23,73.83,731.19,24.01,37.01,30.23,70.35039292,4.71
2024-03-05 12:00:00,DC_2,23.07,67.33,53.29,171.41,1231.07,23.07,52.33,38.29,163.7141939,4.49
2024-03-05 14:30:00,DC_2,24.74,57.45,50.2,152.07,1263.98,24.74,42.45,35.2,145.3275145,4.43
2024-03-05 17:00:00,DC_2,22.59,74.99,78.02,286.47,1659.93,23.09,59.99,63.02,275.3457286,3.88
2024-03-05 19:30:00,DC_2,23.34,60.74,57.28,188.23,1499.89,23.34,45.74,42.28,181.9021344,3.36
2024-03-05 22:00:00,DC_2,22.18,61.57,55.54,158.22,1232.53,23.18,46.57,40.54,151.7547222,4.09
2024-03-06 00:30:00,DC_2,20.99,58.69,59.78,137.82,1106.64,23.49,43.69,44.78,128.7744249,6.56
2024-03-06 03:00:00,DC_2,22.57,55.87,45.98,84.2,899.5,23.07,40.87,30.98,78.95811461,6.23
2024-03-06 05:30:00,DC_2,22.48,55.73,45.12,71.62,772.52,23.48,40.73,30.12,66.32786303,7.39
2024-03-06 08:00:00,DC_2,24.53,51.16,40.86,70.39,746.82,24.53,36.16,30.0,65.99167671,6.25
2024-03-06 10:30:00,DC_2,24.02,49.11,50.92,73.81,796.22,24.02,34.11,35.92,68.72237128,6.89
2024-03-06 13:00:00,DC_2,24.03,60.51,52.5,159.25,1177.03,24.03,45.51,37.5,154.7130541,2.85
2024-03-06 15:30:00,DC_2,24.11,61.06,54.99,161.67,1295.43,24.11,46.06,39.99,156.4187627,3.25
2024-03-06 18:00:00,DC_2,21.81,79.25,65.34,296.75,1744.23,23.31,64.25,50.34,282.5201344,4.8
2024-03-06 20:30:00,DC_2,23.36,52.11,56.04,140.59,1384.3,23.36,37.11,41.04,135.8072728,3.4
2024-03-06 23:00:00,DC_2,21.49,64.48,57.69,165.31,1309.5,23.49,49.48,42.69,155.2108782,6.11
2024-03-07 01:30:00,DC_2,21.36,56.55,51.21,115.65,947.71,23.36,41.55,30.17,108.4247651,6.25
2024-03-07 04:00:00,DC_2,23.43,45.12,47.01,73.21,822.79,23.43,30.12,32.01,68.98137728,5.78
2024-03-07 06:30:00,DC_2,22.67,61.16,49.07,50.73,706.18,23.17,46.16,34.07,45.10791253,11.08
2024-03-07 09:00:00,DC_2,23.61,54.9,45.34,73.4,744.59,23.61,39.9,30.34,67.80334683,7.62
2024-03-07 11:30:00,DC_2,25.09,46.31,49.11,104.21,923.68,25.09,31.31,34.11,101.2437454,2.85
2024-03-07 14:00:00,DC_2,24.44,51.95,59.83,149.19,1142.51,24.44,36.95,44.83,141.4495319,5.19
2024-03-07 16:30:00,DC_2,16.56,81.18,70.16,486.87,1911.12,19.06,66.18,55.16,452.1937638,7.12
2024-03-07 19:00:00,DC_2,22.9,61.28,58.03,299.41,1729.73,23.4,46.28,43.03,294.0271011,1.8
2024-03-07 21:30:00,DC_2,16.71,71.89,62.82,271.16,1565.86,19.21,56.89,47.82,250.650104,7.56
2024-03-08 00:00:00,DC_2,23.53,59.31,47.7,150.53,1203.53,23.53,44.31,32.7,146.6825259,2.56
2024-03-08 02:30:00,DC_2,20.96,53.39,46.61,121.76,954.98,23.46,38.39,31.61,115.2319047,5.36
2024-03-08 05:00:00,DC_2,22.53,54.86,43.33,90.69,923.19,23.03,39.86,30.0,85.40120687,5.83
2024-03-08 07:30:00,DC_2,23.17,54.36,45.0,68.2,733.19,23.17,39.36,30.0,63.2168389,7.31
2024-03-08 10:00:00,DC_2,23.66,58.65,49.54,90.16,897.43,23.66,43.65,34.54,85.40853904,5.27
2024-03-08 12:30:00,DC_2,23.51,59.49,54.29,157.66,1129.19,23.51,44.49,39.29,151.2064157,4.09
2024-03-08 15:00:00,DC_2,23.39,70.37,60.12,201.12,1428.64,23.39,55.37,45.12,194.4716462,3.31
2024-03-08 17:30:00,DC_2,22.4,66.38,63.63,264.19,1615.33,23.4,51.38,48.63,255.1418816,3.42
2024-03-08 20:00:00,DC_2,23.57,60.42,57.47,192.88,1481.57,23.57,45.42,42.47,188.9835725,2.02
2024-03-08 22:30:00,DC_2,25.69,54.19,47.05,125.26,1429.94,25.69,39.19,32.05,121.7685005,2.79
2024-03-09 01:00:00,DC_2,22.14,52.58,43.19,82.66,863.86,23.14,37.58,30.0,78.55496124,4.97
2024-03-09 03:30:00,DC_2,23.38,50.85,50.37,75.75,877.4,23.38,35.85,35.37,69.22985242,8.61
2024-03-09 06:00:00,DC_2,25.52,47.42,47.86,64.7,771.88,25.52,32.42,32.86,60.62736799,6.29
2024-03-09 08:30:00,DC_2,23.02,43.53,41.21,52.22,669.61,23.02,30.0,30.0,50.82851471,2.66
2024-03-09 11:00:00,DC_2,22.11,52.44,51.64,104.8,784.13,23.11,37.44,36.64,98.50972006,6.0
2024-03-09 13:30:00,DC_2,23.87,59.85,48.2,111.73,953.4,23.87,44.85,33.2,105.3263289,5.73
2024-03-09 16:00:00,DC_2,21.81,58.45,57.24,174.03,1089.37,23.31,43.45,42.24,166.5954464,4.27
2024-03-09 18:30:00,DC_2,24.36,62.96,59.17,154.27,1200.43,24.36,47.96,44.17,149.5344645,3.07
2024-03-09 21:00:00,DC_2,23.24,61.92,52.3,124.89,1073.96,23.24,46.92,37.3,120.7324821,3.33
2024-03-09 23:30:00,DC_2,20.95,66.62,53.91,138.07,1105.63,23.45,51.62,38.91,126.4668526,8.4
2024-03-10 02:00:00,DC_2,24.16,46.53,45.45,86.45,954.43,24.16,31.53,30.45,83.00278269,3.99
2024-03-10 04:30:00,DC_2,20.87,56.81,46.81,99.98,838.14,23.37,41.81,31.81,90.94727111,9.03
2024-03-10 07:00:00,DC_2,22.77,46.32,46.68,65.75,661.27,23.27,31.32,31.68,62.55923623,4.85
2024-03-10 09:30:00,DC_2,21.42,57.72,46.78,84.31,681.34,23.42,42.72,31.78,75.64199142,10.28
2024-03-10 12:00:00,DC_2,23.61,49.92,47.16,97.32,854.75,23.61,34.92,32.16,93.7018902,3.72
2024-03-10 14:30:00,DC_2,22.44,64.49,54.33,123.97,966.55,23.44,49.49,39.33,118.2412577,4.62
2024-03-10 17:00:00,DC_2,24.08,65.01,52.58,124.94,1045.63,24.08,50.01,37.58,119.4671386,4.38
2024-03-10 19:30:00,DC_2,22.14,65.73,66.9,234.09,1439.71,23.14,50.73,51.9,224.0584752,4.29
2024-03-10 22:00:00,DC_2,24.88,55.775000000000006,50.6,108.63,1076.25,24.88,36.75,35.6,102.533643,5.61
2024-03-11 00:30:00,DC_2,23.63,64.67,45.77,101.42,1086.44,23.63,49.67,30.77,96.83278579,4.52
2024-03-11 03:00:00,DC_2,22.31,54.39,53.0,92.96,961.37,23.31,39.39,38.0,87.44802433,5.93
2024-03-11 05:30:00,DC_2,21.42,59.43,52.47,96.95,746.05,23.42,44.43,37.47,89.89104051,7.28
2024-03-11 08:00:00,DC_2,23.67,47.81,45.27,56.64,658.96,23.67,32.81,30.27,52.73205979,6.9
2024-03-11 10:30:00,DC_2,22.67,60.16,46.89,100.5,933.48,23.17,45.16,31.89,94.12618178,6.34
2024-03-11 13:00:00,DC_2,24.69,48.32,52.47,116.31,1174.38,24.69,33.32,37.47,112.3949684,3.37
2024-03-11 15:30:00,DC_2,23.11,72.59,67.14,238.65,1524.8,23.11,57.59,52.14,229.906473,3.66
2024-03-11 18:00:00,DC_2,22.7,71.19,65.38,229.77,1743.0,23.2,56.19,50.38,221.8148551,3.46
2024-03-11 20:30:00,DC_2,25.12,53.69,55.5,207.4,1655.81,25.12,38.69,40.5,203.3090648,1.97
2024-03-11 23:00:00,DC_2,22.59,55.71,50.36,93.31,1156.58,23.09,40.71,35.36,88.44268262,5.22
2024-03-12 01:30:00,DC_2,22.73,51.67,50.62,87.63,987.86,23.23,36.67,35.62,83.43518097,4.79
2024-03-12 04:00:00,DC_2,16.1,72.94,65.98,223.86,1313.01,18.6,57.94,50.98,205.8112697,8.06
2024-03-12 06:30:00,DC_2,20.93,49.82,43.16,80.37,765.7,23.43,34.82,30.0,74.68479404,7.07
2024-03-12 09:00:00,DC_2,21.23,52.96,49.62,71.32,659.09,23.23,37.96,34.62,64.72205267,9.25
2024-03-12 11:30:00,DC_2,25.44,51.66,45.15,100.16,928.39,25.44,36.66,30.15,95.43609957,4.72
2024-03-12 14:00:00,DC_2,25.58,61.92,56.21,159.92,1236.53,25.58,46.92,41.21,155.8987224,2.51
2024-03-12 16:30:00,DC_2,21.75,79.64,67.74,290.27,1648.29,23.25,64.64,52.74,273.9467913,5.62
2024-03-12 19:00:00,DC_2,23.64,63.11,55.73,173.09,1406.51,23.64,48.11,40.73,167.7810504,3.07
2024-03-12 21:30:00,DC_2,23.46,57.91,62.28,242.26,1633.51,23.46,42.91,47.28,236.838859,2.24
2024-03-13 00:00:00,DC_2,23.21,62.19,52.95,115.46,1073.49,23.21,47.19,37.95,109.4656538,5.19
2024-03-13 02:30:00,DC_2,22.78,49.01,43.76,88.09,913.68,23.28,34.01,30.0,84.02930604,4.61
2024-03-13 05:00:00,DC_2,22.6,56.11,49.65,86.37,853.83,23.1,41.11,34.65,79.97361273,7.41
2024-03-13 07:30:00,DC_2,23.34,52.46,43.95,69.73,752.63,23.34,37.46,30.0,66.50037186,4.63
2024-03-13 10:00:00,DC_2,22.38,53.84,46.8,130.08,1018.11,23.38,38.84,31.8,124.6386525,4.18
2024-03-13 12:30:00,DC_2,23.9,53.1,45.37,109.32,1074.19,23.9,38.1,30.37,104.8810596,4.06
2024-03-13 15:00:00,DC_2,23.51,63.64,61.91,177.29,1399.8,23.51,48.64,46.91,170.5956094,3.78
2024-03-13 17:30:00,DC_2,27.9,73.61,58.57,294.78,1868.64,27.9,58.61,43.57,287.6208081,2.43
2024-03-13 20:00:00,DC_2,22.84,64.15,60.53,205.08,1585.37,23.34,49.15,45.53,198.4053664,3.25
2024-03-13 22:30:00,DC_2,18.26,58.93,57.04,212.03,1333.96,20.76,43.93,42.04,198.1918983,6.53
2024-03-14 01:00:00,DC_2,22.74,60.62,47.93,152.03,1193.26,23.24,45.62,32.93,145.8203773,4.08
2024-03-14 03:30:00,DC_2,22.64,43.38,41.2,54.66,693.06,23.14,30.0,30.0,51.30650132,6.14
2024-03-14 06:00:00,DC_2,23.19,57.36,44.82,81.47,778.91,23.19,42.36,30.0,76.8508431,5.67
2024-03-14 08:30:00,DC_2,25.29,49.09,40.15,75.21,762.62,25.29,34.09,30.0,71.32760977,5.16
2024-03-14 11:00:00,DC_2,23.6,54.85,50.45,126.87,951.88,23.6,39.85,35.45,121.8903587,3.92
2024-03-14 13:30:00,DC_2,21.88,63.01,63.29,155.8,1206.53,23.38,48.01,48.29,145.9518893,6.32
2024-03-14 16:00:00,DC_2,22.7,67.27,63.13,256.75,1711.95,23.2,52.27,48.13,251.119651,2.19
2024-03-14 18:30:00,DC_2,16.74,76.19,73.96,319.95,1748.0,19.24,61.19,58.96,296.2026124,7.42
2024-03-14 21:00:00,DC_2,22.81,62.34,61.7,199.5,1460.77,23.31,47.34,46.7,192.1448419,3.69
2024-03-14 23:30:00,DC_2,21.52,63.41,59.03,148.3,1200.37,23.02,48.41,44.03,137.7620456,7.11
2024-03-15 02:00:00,DC_2,23.17,57.31,46.44,81.56,906.6,23.17,42.31,31.44,77.96650677,4.41
2024-03-15 04:30:00,DC_2,21.19,53.31,46.61,81.1,770.51,23.19,38.31,31.61,75.78252153,6.56
2024-03-15 07:00:00,DC_2,23.4,55.0,49.64,78.65,740.68,23.4,40.0,34.64,74.35422078,5.46
2024-03-15 09:30:00,DC_2,22.05,60.25,53.24,85.87,762.61,23.05,45.25,38.24,77.13062216,10.18
2024-03-15 12:00:00,DC_2,23.04,58.64,58.43,124.49,1050.31,23.04,43.64,43.43,119.2418767,4.22
2024-03-15 14:30:00,DC_2,23.9,57.23,52.11,164.02,1225.22,23.9,42.23,37.11,157.9975231,3.67
2024-03-15 17:00:00,DC_2,22.72,68.56,66.47,235.52,1587.85,23.22,53.56,51.47,226.3832889,3.88
2024-03-15 19:30:00,DC_2,23.24,57.45,60.57,182.64,1457.9,23.24,42.45,45.57,176.3604812,3.44
2024-03-15 22:00:00,DC_2,24.13,56.58,56.56,161.32,1325.36,24.13,41.58,41.56,156.383046,3.06
2024-03-16 00:30:00,DC_2,27.73,45.49,40.5,83.76,925.16,27.73,30.49,30.0,81.56451755,2.62
2024-03-16 03:00:00,DC_2,24.33,55.7,50.87,89.75,857.21,24.33,40.7,35.87,84.52014642,5.83
2024-03-16 05:30:00,DC_2,24.31,41.63,41.57,48.88,641.37,24.31,30.0,30.0,45.49012819,6.94
2024-03-16 08:00:00,DC_2,24.52,50.07,40.89,53.99,658.39,24.52,35.07,30.0,50.66203674,6.16
2024-03-16 10:30:00,DC_2,23.91,39.0,46.68,72.08,755.33,23.91,30.0,31.68,69.91689809,3.0
2024-03-16 13:00:00,DC_2,20.38,63.59,55.18,118.57,871.52,22.88,48.59,40.18,106.2023178,10.43
2024-03-16 15:30:00,DC_2,23.99,59.06,49.76,155.11,1116.52,23.99,44.06,34.76,149.1469876,3.84
2024-03-16 18:00:00,DC_2,22.28,57.57,60.61,157.18,1118.85,23.28,42.57,45.61,149.6725925,4.78
2024-03-16 20:30:00,DC_2,23.27,63.26,54.38,130.54,1229.55,23.27,48.26,39.38,122.7892994,5.94
2024-03-16 23:00:00,DC_2,23.93,57.23,51.65,91.13,976.75,23.93,42.23,36.65,87.82379479,3.63
2024-03-17 01:30:00,DC_2,24.39,53.41,40.72,80.44,818.47,24.39,38.41,30.0,73.81858284,8.23
2024-03-17 04:00:00,DC_2,20.05,54.16,48.52,95.2,809.83,22.55,39.16,33.52,86.45299261,9.19
2024-03-17 06:30:00,DC_2,24.99,51.35,38.17,65.34,752.36,24.99,36.35,30.0,61.03215171,6.59
2024-03-17 09:00:00,DC_2,22.23,57.56,45.26,65.13,739.37,23.23,42.56,30.26,60.17004917,7.62
2024-03-17 11:30:00,DC_2,17.34,68.96,62.94,144.8,828.48,19.84,53.96,47.94,130.9742771,9.55
2024-03-17 14:00:00,DC_2,23.19,54.27,53.53,115.69,859.78,23.19,39.27,38.53,110.7237345,4.29
2024-03-17 16:30:00,DC_2,23.88,59.01,57.8,115.81,973.08,23.88,44.01,42.8,110.6611528,4.45
2024-03-17 19:00:00,DC_2,18.26,60.78,68.19,203.52,1178.57,20.76,45.78,53.19,187.4747659,7.88
2024-03-17 21:30:00,DC_2,26.63,54.02,53.7,104.81,1030.34,26.63,39.02,38.7,101.1780775,3.47
2024-03-18 00:00:00,DC_2,22.54,59.53,55.2,149.28,1153.43,23.04,44.53,40.2,140.9320936,5.59
2024-03-18 02:30:00,DC_2,16.15,71.85,62.77,169.94,1034.05,18.65,56.85,47.77,155.3096044,8.61
2024-03-18 05:00:00,DC_2,19.66,54.56,58.41,109.97,784.79,22.16,39.56,43.41,99.9422074,9.12
2024-03-18 07:30:00,DC_2,22.37,45.77,43.76,75.44,788.24,23.37,30.77,30.0,72.40906175,4.02
2024-03-18 10:00:00,DC_2,22.31,50.56,48.98,101.65,880.89,23.31,35.56,33.98,96.30425434,5.26
2024-03-18 12:30:00,DC_2,23.42,53.45,50.12,158.4,1096.47,23.42,38.45,35.12,155.8586807,1.6
2024-03-18 15:00:00,DC_2,24.14,58.12,51.55,146.66,1266.88,24.14,43.12,36.55,142.7722703,2.65
2024-03-18 17:30:00,DC_2,23.78,74.88,65.51,204.68,1584.77,23.78,59.88,50.51,199.6153135,2.47
2024-03-18 20:00:00,DC_2,21.85,66.7,64.47,238.61,1495.01,23.35,51.7,49.47,226.9779936,4.87
2024-03-18 22:30:00,DC_2,22.21,68.33,56.93,294.52,1730.12,23.21,53.33,41.93,284.8814905,3.27
2024-03-19 01:00:00,DC_2,23.3,58.49,46.32,99.92,984.05,23.3,43.49,31.32,93.38766256,6.54
2024-03-19 03:30:00,DC_2,24.39,48.86,50.95,101.2,929.86,24.39,33.86,35.95,95.3179349,5.81
2024-03-19 06:00:00,DC_2,25.26,45.86,45.32,78.83,841.84,25.26,30.86,30.32,75.13982479,4.68
2024-03-19 08:30:00,DC_2,24.18,49.83,43.9,61.3,632.22,24.18,34.83,30.0,57.74088469,5.81
2024-03-19 11:00:00,DC_2,23.86,54.64,46.19,123.88,969.43,23.86,39.64,31.19,119.0520828,3.9
2024-03-19 13:30:00,DC_2,23.79,58.24,59.18,147.82,1208.07,23.79,43.24,44.18,142.3606577,3.69
2024-03-19 16:00:00,DC_2,16.23,73.25,67.65,333.37,1669.49,18.73,58.25,52.65,308.285744,7.52
2024-03-19 18:30:00,DC_2,22.12,55.775000000000006,69.37,305.01,1727.78,23.12,54.63,54.37,292.2887913,4.17
2024-03-19 21:00:00,DC_2,28.99,56.59,51.45,162.0,1441.42,28.99,41.59,36.45,157.0502728,3.06
2024-03-19 23:30:00,DC_2,22.95,57.81,51.88,136.5,1178.63,23.45,42.81,36.88,129.737552,4.95
2024-03-20 02:00:00,DC_2,22.98,60.39,51.46,98.89,1019.33,23.48,45.39,36.46,94.03089534,4.91
2024-03-20 04:30:00,DC_2,22.8,52.1,44.67,69.62,734.17,23.3,37.1,30.0,66.06767544,5.1
2024-03-20 07:00:00,DC_2,24.67,49.43,44.36,76.54,721.31,24.67,34.43,30.0,72.01059156,5.92
2024-03-20 09:30:00,DC_2,23.03,49.38,48.17,79.44,780.96,23.03,34.38,33.17,76.63585544,3.53
2024-03-20 12:00:00,DC_2,21.98,60.8,57.72,197.27,1303.86,23.48,45.8,42.72,188.299781,4.55
2024-03-20 14:30:00,DC_2,19.3,55.48,58.01,190.77,1199.84,21.8,40.48,43.01,177.939839,6.73
2024-03-20 17:00:00,DC_2,21.6,72.18,67.91,310.65,1730.87,23.1,57.18,52.91,295.2551449,4.96
2024-03-20 19:30:00,DC_2,23.5,65.84,67.04,201.11,1453.81,23.5,50.84,52.04,194.9739461,3.05
2024-03-20 22:00:00,DC_2,24.73,53.11,52.86,148.8,1353.18,24.73,38.11,37.86,143.7752374,3.38
2024-03-21 00:30:00,DC_2,22.85,51.57,50.87,128.31,1209.73,23.35,36.57,35.87,124.2761686,3.14
2024-03-21 03:00:00,DC_2,20.91,60.78,55.19,115.51,1037.11,23.41,45.78,40.19,107.0687956,7.31
2024-03-21 05:30:00,DC_2,22.11,53.54,42.47,60.74,709.13,23.11,38.54,30.0,55.55202845,8.54
2024-03-21 08:00:00,DC_2,26.01,50.41,38.88,82.95,850.69,26.01,35.41,30.0,78.24744663,5.67
2024-03-21 10:30:00,DC_2,24.35,62.5,55.58,85.77,950.66,24.35,47.5,40.58,78.54620961,8.42
2024-03-21 13:00:00,DC_2,23.47,61.43,59.49,203.32,1322.23,23.47,46.43,44.49,198.2883257,2.47
2024-03-21 15:30:00,DC_2,24.03,65.74,60.82,186.51,1371.3,24.03,50.74,45.82,180.4983293,3.22
2024-03-21 18:00:00,DC_2,23.29,72.85,59.34,253.11,1604.4,23.29,57.85,44.34,245.5254624,3.0
2024-03-21 20:30:00,DC_2,23.83,59.35,61.47,181.6,1563.86,23.83,44.35,46.47,177.0344502,2.51
2024-03-21 23:00:00,DC_2,22.38,64.81,51.94,125.57,1261.17,23.38,49.81,36.94,118.6277619,5.53
2024-03-22 01:30:00,DC_2,21.3,55.775000000000006,53.58,114.2,1055.41,23.3,40.09,38.58,106.5212946,6.72
2024-03-22 04:00:00,DC_2,23.54,44.75,42.39,81.27,776.96,23.54,30.0,30.0,78.6713959,3.2
2024-03-22 06:30:00,DC_2,26.17,48.35,38.46,60.32,735.83,26.17,33.35,30.0,58.38104149,3.21
2024-03-22 09:00:00,DC_2,23.2,50.31,46.29,55.84,690.27,23.2,35.31,31.29,50.07120516,10.33
2024-03-22 11:30:00,DC_2,26.51,42.17,41.28,69.27,892.43,26.51,30.0,30.0,67.3452799,2.78
2024-03-22 14:00:00,DC_2,20.95,67.31,63.21,177.62,1231.69,23.45,52.31,48.21,164.5318293,7.37
2024-03-22 16:30:00,DC_2,21.26,68.72,68.55,304.25,1621.52,23.26,53.72,53.55,286.0752729,5.97
2024-03-22 19:00:00,DC_2,22.4,69.63,54.32,176.62,1393.2,23.4,54.63,39.32,169.3842467,4.1
2024-03-22 21:30:00,DC_2,21.31,64.94,59.03,160.38,1430.86,23.31,49.94,44.03,149.757984,6.62
2024-03-23 00:00:00,DC_2,25.68,48.43,46.53,113.34,1047.05,25.68,33.43,31.53,110.9790929,2.08
2024-03-23 02:30:00,DC_2,21.56,54.79,46.26,109.73,912.87,23.06,39.79,31.26,102.8637533,6.26
2024-03-23 05:00:00,DC_2,22.73,50.63,50.76,76.96,693.02,23.23,35.63,35.76,73.41907502,4.6
2024-03-23 07:30:00,DC_2,22.85,42.89,46.81,86.78,739.3,23.35,30.0,31.81,83.79666735,3.44
2024-03-23 10:00:00,DC_2,23.32,52.21,41.44,61.22,666.1,23.32,37.21,30.0,58.22333507,4.89
2024-03-23 12:30:00,DC_2,23.27,60.62,53.16,119.04,1011.72,23.27,45.62,38.16,113.2452582,4.87
2024-03-23 15:00:00,DC_2,22.91,51.77,42.95,104.6,881.71,23.41,36.77,30.0,99.24764863,5.12
2024-03-23 17:30:00,DC_2,24.31,58.28,48.59,135.39,1061.85,24.31,43.28,33.59,129.8510957,4.09
2024-03-23 20:00:00,DC_2,22.53,67.59,70.99,255.34,1676.1,23.03,52.59,55.99,245.4956192,3.86
2024-03-23 22:30:00,DC_2,21.76,61.04,52.89,121.54,1060.92,23.26,46.04,37.89,113.018563,7.01
2024-03-24 01:00:00,DC_2,22.7,50.72,51.52,95.82,929.85,23.2,35.72,36.52,91.2855179,4.73
2024-03-24 03:30:00,DC_2,23.65,48.72,49.51,91.22,768.07,23.65,33.72,34.51,84.61027393,7.25
2024-03-24 06:00:00,DC_2,22.75,55.43,52.72,90.31,978.68,23.25,40.43,37.72,86.17713263,4.58
2024-03-24 08:30:00,DC_2,24.48,47.37,38.17,49.84,682.25,24.48,32.37,30.0,46.69200539,6.32
2024-03-24 11:00:00,DC_2,22.33,50.13,42.57,72.89,705.14,23.33,35.13,30.0,67.49997901,7.39
2024-03-24 13:30:00,DC_2,17.47,59.78,58.38,152.05,884.85,19.97,44.78,43.38,137.9578804,9.27
2024-03-24 16:00:00,DC_2,22.48,64.69,63.74,242.19,1477.72,23.48,49.69,48.74,232.6729704,3.93
2024-03-24 18:30:00,DC_2,21.32,59.64,53.17,150.14,1213.43,23.32,44.64,38.17,140.6790018,6.3
2024-03-24 21:00:00,DC_2,21.35,57.35,48.4,138.44,1129.12,23.35,42.35,33.4,130.6665433,5.62
2024-03-24 23:30:00,DC_2,23.92,52.44,51.21,151.52,1314.6,23.92,37.44,43.57,146.0426564,3.61
2024-03-25 02:00:00,DC_2,21.57,52.65,44.48,107.03,1047.6,23.07,37.65,30.0,100.1235531,6.45
2024-03-25 04:30:00,DC_2,22.82,53.43,48.88,68.05,763.14,23.32,38.43,33.88,64.41255561,5.35
2024-03-25 07:00:00,DC_2,23.38,59.22,54.39,79.96,702.55,23.38,44.22,39.39,75.82291868,5.17
2024-03-25 09:30:00,DC_2,24.66,53.18,47.89,85.27,925.64,24.66,38.18,32.89,81.30904108,4.65
2024-03-25 12:00:00,DC_2,16.9,74.32,51.16,187.74,997.24,19.4,59.32,36.16,169.7610378,9.58
2024-03-25 14:30:00,DC_2,22.14,61.27,65.24,207.72,1299.76,23.14,46.27,50.24,197.5266755,4.91
2024-03-25 17:00:00,DC_2,21.91,67.66,68.34,306.25,1891.46,23.41,52.66,53.34,294.3106258,3.9
2024-03-25 19:30:00,DC_2,22.07,73.7,71.67,288.91,1744.18,23.07,58.7,56.67,275.6258832,4.6
2024-03-25 22:00:00,DC_2,22.06,66.65,57.4,187.83,1403.64,23.06,51.65,42.4,177.7880067,5.35
2024-03-26 00:30:00,DC_2,16.75,67.81,58.12,132.94,1081.06,19.25,52.81,43.12,121.4415758,8.65
2024-03-26 03:00:00,DC_2,21.83,47.71,49.19,74.53,778.79,23.33,32.71,34.19,68.89197179,7.56
2024-03-26 05:30:00,DC_2,23.62,51.52,41.29,65.28,767.73,23.62,36.52,30.0,60.76834744,6.91
2024-03-26 08:00:00,DC_2,21.06,57.37,53.06,92.95,950.98,23.06,42.37,38.06,85.76510209,7.73
2024-03-26 10:30:00,DC_2,23.42,49.45,46.57,124.22,882.83,23.42,34.45,31.57,120.1565626,3.27
2024-03-26 13:00:00,DC_2,23.66,61.48,58.61,176.99,1284.42,23.66,46.48,43.61,171.085158,3.34
2024-03-26 15:30:00,DC_2,22.96,61.25,56.11,185.02,1349.02,23.46,46.25,41.11,178.4323606,3.56
2024-03-26 18:00:00,DC_2,23.8,71.79,61.48,257.72,1803.64,23.8,56.79,46.48,249.9442229,3.02
2024-03-26 20:30:00,DC_2,23.14,66.86,65.26,291.85,1718.13,23.14,51.86,50.26,285.3881851,2.21
2024-03-26 23:00:00,DC_2,23.81,58.29,57.04,138.81,1197.97,23.81,43.29,42.04,133.893852,3.54
2024-03-27 01:30:00,DC_2,21.84,54.73,55.66,112.91,998.19,23.34,39.73,40.66,106.7430374,5.46
2024-03-27 04:00:00,DC_2,23.46,55.37,47.89,88.6,848.35,23.46,40.37,32.89,85.71532397,3.26
2024-03-27 06:30:00,DC_2,22.44,50.56,44.17,75.6,720.94,23.44,35.56,30.0,70.45764406,6.8
2024-03-27 09:00:00,DC_2,24.15,46.54,42.99,61.71,672.63,24.15,31.54,30.0,57.85804349,6.24
2024-03-27 11:30:00,DC_2,22.53,49.63,54.8,127.76,954.34,23.03,34.63,39.8,120.9287774,5.35
2024-03-27 14:00:00,DC_2,16.64,76.71,64.89,262.6,1302.25,19.14,61.71,49.89,241.6508628,7.98
2024-03-27 16:30:00,DC_2,23.9,67.59,61.25,265.6,1634.45,23.9,52.59,46.25,257.3877631,3.09
2024-03-27 19:00:00,DC_2,22.51,64.88,66.42,255.66,1567.67,23.01,49.88,51.42,248.5881491,2.77
2024-03-27 21:30:00,DC_2,23.31,57.39,62.43,211.59,1555.83,23.31,42.39,47.43,204.9079343,3.16
2024-03-28 00:00:00,DC_2,16.84,75.1,64.69,176.2,1203.36,19.34,60.1,49.69,162.2727384,7.9
2024-03-28 02:30:00,DC_2,22.54,62.83,50.45,134.14,1219.19,23.04,47.83,35.45,127.6003986,4.88
2024-03-28 05:00:00,DC_2,23.86,49.1,45.65,61.33,751.31,23.86,34.1,30.65,58.16897509,5.15
2024-03-28 07:30:00,DC_2,23.54,49.1,39.2,72.09,708.22,23.54,34.1,30.0,68.43417302,5.07
2024-03-28 10:00:00,DC_2,22.8,60.96,52.41,94.38,872.68,23.3,45.96,37.41,88.48927389,6.24
2024-03-28 12:30:00,DC_2,23.63,63.1,56.85,134.71,1050.45,23.63,48.1,41.85,127.2227013,5.56
2024-03-28 15:00:00,DC_2,24.88,63.19,54.05,204.52,1613.03,24.88,48.19,39.05,199.7510761,2.33
2024-03-28 17:30:00,DC_2,23.4,63.69,61.43,246.2,1602.23,23.4,48.69,46.43,239.9602993,2.53
2024-03-28 20:00:00,DC_2,23.7,68.89,57.44,193.57,1626.76,23.7,53.89,42.44,186.1962762,3.81
2024-03-28 22:30:00,DC_2,16.0,63.03,71.81,201.45,1276.67,18.5,48.03,56.81,185.162763,8.09
2024-03-29 01:00:00,DC_2,22.39,55.4,47.89,104.93,948.15,23.39,40.4,32.89,97.65728927,6.93
2024-03-29 03:30:00,DC_2,24.29,52.29,44.39,73.5,850.0,24.29,37.29,30.0,68.01842215,7.46
2024-03-29 06:00:00,DC_2,21.53,54.29,42.23,87.15,716.41,23.03,39.29,30.0,80.61333355,7.5
2024-03-29 08:30:00,DC_2,28.97,39.6,43.7,53.67,679.05,28.97,30.0,30.0,51.6007962,3.86
2024-03-29 11:00:00,DC_2,21.23,62.18,54.4,109.97,948.22,23.23,47.18,39.4,101.6693326,7.55
2024-03-29 13:30:00,DC_2,22.76,60.17,57.93,155.35,1086.59,23.26,45.17,42.93,148.0788665,4.68
2024-03-29 16:00:00,DC_2,24.18,61.02,62.62,220.1,1568.6,24.18,46.02,47.62,213.8120343,2.86
2024-03-29 18:30:00,DC_2,25.24,59.9,60.61,214.33,1650.22,25.24,44.9,45.61,207.9599051,2.97
2024-03-29 21:00:00,DC_2,20.88,55.88,64.32,205.29,1468.11,23.38,40.88,49.32,189.7513777,7.57
2024-03-29 23:30:00,DC_2,24.84,55.97,57.4,97.42,1197.73,24.84,40.97,42.4,91.58435742,5.99
2024-03-30 02:00:00,DC_2,20.93,61.3,54.71,99.12,893.16,23.43,46.3,39.71,90.83628921,8.36
2024-03-30 04:30:00,DC_2,21.96,55.775000000000006,57.63,127.67,1113.99,23.46,40.65,42.63,119.2623408,6.59
2024-03-30 07:00:00,DC_2,23.48,41.26,42.53,57.7,651.81,23.48,30.0,30.0,55.28314064,4.19
2024-03-30 09:30:00,DC_2,23.24,56.76,52.06,91.08,764.29,23.24,41.76,37.06,88.44177337,2.9
2024-03-30 12:00:00,DC_2,22.55,55.28,53.37,75.96,845.33,23.05,40.28,38.37,71.88266113,5.37
2024-03-30 14:30:00,DC_2,23.7,62.92,60.18,200.33,1167.17,23.7,47.92,45.18,194.4886439,2.92
2024-03-30 17:00:00,DC_2,22.96,59.03,51.38,152.87,1142.01,23.46,44.03,36.38,146.7608233,4.0
2024-03-30 19:30:00,DC_2,24.19,53.93,57.86,174.33,1289.6,24.19,38.93,42.86,169.1564542,2.97
2024-03-30 22:00:00,DC_2,22.53,58.28,49.62,135.44,1127.19,23.03,43.28,34.62,129.649481,4.28
2024-03-31 00:30:00,DC_2,25.68,46.27,36.71,80.52,783.12,25.68,31.27,30.0,78.17080826,2.92
2024-03-31 03:00:00,DC_2,22.89,50.74,45.2,80.37,744.25,23.39,35.74,30.2,77.58393253,3.47
2024-03-31 05:30:00,DC_2,23.19,57.7,56.41,102.37,1144.11,23.19,42.7,41.41,96.32538736,5.9
2024-03-31 08:00:00,DC_2,21.92,47.34,46.54,65.22,672.93,23.42,32.34,31.54,59.84187648,8.25
2024-03-31 10:30:00,DC_2,22.55,52.45,41.98,60.66,737.6,23.05,37.45,30.0,55.99688997,7.69
2024-03-31 13:00:00,DC_2,22.61,53.82,50.64,118.76,1015.03,23.11,38.82,35.64,110.4949197,6.96
2024-03-31 15:30:00,DC_2,23.4,54.31,51.81,154.76,1173.46,23.4,39.31,36.81,148.689227,3.92
2024-03-31 18:00:00,DC_2,24.49,60.66,52.91,153.9,1151.32,24.49,45.66,37.91,149.1116242,3.11
2024-03-31 20:30:00,DC_2,24.11,68.43,52.55,157.56,1192.94,24.11,53.43,37.55,150.3962535,4.55
2024-03-31 23:00:00,DC_2,22.14,66.31,50.57,132.18,1080.48,23.14,51.31,35.57,123.4611872,6.6
2024-04-01 01:30:00,DC_2,21.86,48.6,44.46,109.44,1066.93,23.36,33.6,30.0,103.3015841,5.61
2024-04-01 04:00:00,DC_2,23.51,55.16,41.78,68.6,707.12,23.51,40.16,30.0,63.9766896,6.74
2024-04-01 06:30:00,DC_2,21.43,51.1,46.44,81.58,776.79,23.43,36.1,31.44,77.26451536,5.29
2024-04-01 09:00:00,DC_2,23.57,53.71,50.53,106.16,819.51,23.57,38.71,35.53,100.8507147,5.0
2024-04-01 11:30:00,DC_2,24.05,49.06,54.03,141.37,1041.05,24.05,34.06,39.03,136.5048076,3.44
2024-04-01 14:00:00,DC_2,23.48,58.75,50.78,136.37,1208.91,23.48,43.75,35.78,131.6632224,3.45
2024-04-01 16:30:00,DC_2,21.72,71.94,59.9,264.24,1760.01,23.22,56.94,44.9,250.0346011,5.38
2024-04-01 19:00:00,DC_2,22.43,72.86,62.22,274.6,1635.69,23.43,57.86,47.22,263.56479,4.02
2024-04-01 21:30:00,DC_2,22.18,70.61,60.45,234.12,1583.44,23.18,55.61,45.45,224.3128893,4.19
2024-04-02 00:00:00,DC_2,22.22,62.87,53.65,166.51,1230.71,23.22,47.87,38.65,158.6941388,4.69
2024-04-02 02:30:00,DC_2,23.73,47.15,46.85,90.39,861.95,23.73,32.15,31.85,86.33933083,4.48
2024-04-02 05:00:00,DC_2,22.8,48.48,47.83,54.84,663.94,23.3,33.48,32.83,50.55076061,7.82
2024-04-02 07:30:00,DC_2,23.19,53.89,48.37,80.4,912.33,23.19,38.89,33.37,76.61228891,4.71
2024-04-02 10:00:00,DC_2,21.28,49.6,55.87,74.61,742.75,23.28,34.6,40.87,68.2056573,8.58
2024-04-02 12:30:00,DC_2,21.32,69.96,60.29,193.47,1194.39,23.32,54.96,45.29,183.1316948,5.34
2024-04-02 15:00:00,DC_2,22.84,65.19,55.89,195.82,1399.48,23.34,50.19,40.89,187.9665341,4.01
2024-04-02 17:30:00,DC_2,22.64,66.51,68.88,254.85,1597.7,23.14,51.51,53.88,246.8269994,3.15
2024-04-02 20:00:00,DC_2,24.18,54.1,65.28,246.24,1629.0,24.18,39.1,50.28,241.0638372,2.1
2024-04-02 22:30:00,DC_2,22.79,64.09,52.23,186.85,1408.66,23.29,49.09,37.23,180.2081341,3.55
2024-04-03 01:00:00,DC_2,22.4,57.08,50.99,105.84,1042.52,23.4,42.08,35.99,101.1824147,4.4
2024-04-03 03:30:00,DC_2,23.38,55.9,44.51,99.1,915.7,23.38,40.9,30.0,93.26980003,5.88
2024-04-03 06:00:00,DC_2,22.76,52.85,43.89,74.6,782.63,23.26,37.85,30.0,70.50502214,5.49
2024-04-03 08:30:00,DC_2,24.34,51.2,49.48,56.58,644.04,24.34,36.2,34.48,52.97471076,6.37
2024-04-03 11:00:00,DC_2,22.97,56.16,53.19,93.24,951.96,23.47,41.16,38.19,91.07903753,2.32
2024-04-03 13:30:00,DC_2,23.05,74.61,58.07,244.66,1571.33,23.05,59.61,43.07,236.7220244,3.24
2024-04-03 16:00:00,DC_2,21.52,67.85,65.55,266.77,1651.78,23.02,52.85,50.55,253.1884395,5.09
2024-04-03 18:30:00,DC_2,22.65,76.55,64.22,253.87,1510.64,23.15,61.55,49.22,243.6079687,4.04
2024-04-03 21:00:00,DC_2,23.98,56.14,51.04,166.47,1380.63,23.98,41.14,36.04,161.7059804,2.86
2024-04-03 23:30:00,DC_2,21.72,53.96,55.54,119.28,1018.37,23.22,38.96,40.54,112.1425882,5.98
2024-04-04 02:00:00,DC_2,19.98,48.94,48.44,101.14,910.24,22.48,33.94,33.44,94.42028177,6.64
2024-04-04 04:30:00,DC_2,21.56,54.92,50.44,81.76,822.64,23.06,39.92,35.44,77.04450411,5.77
2024-04-04 07:00:00,DC_2,22.0,49.49,46.7,95.52,807.22,23.0,34.49,31.7,89.95427974,5.83
2024-04-04 09:30:00,DC_2,23.03,50.68,37.21,70.9,719.42,23.03,35.68,30.0,68.5380832,3.33
2024-04-04 12:00:00,DC_2,24.05,59.02,56.09,127.44,1164.14,24.05,44.02,41.09,122.8525557,3.6
2024-04-04 14:30:00,DC_2,22.34,62.82,52.29,166.6,1140.64,23.34,47.82,37.29,159.7975054,4.08
2024-04-04 17:00:00,DC_2,22.09,72.41,63.1,252.55,1545.19,23.09,57.41,48.1,242.1892443,4.1
2024-04-04 19:30:00,DC_2,22.75,62.95,61.46,196.79,1400.54,23.25,47.95,46.46,188.4211583,4.25
2024-04-04 22:00:00,DC_2,22.39,58.93,58.68,141.43,1177.69,23.39,43.93,43.68,132.7852363,6.11
2024-04-05 00:30:00,DC_2,23.62,57.23,50.99,91.91,975.12,23.62,42.23,35.99,86.64202455,5.73
2024-04-05 03:00:00,DC_2,23.78,51.65,45.05,81.45,909.34,23.78,36.65,30.05,78.42150947,3.72
2024-04-05 05:30:00,DC_2,17.33,64.02,54.18,83.0,643.9,19.83,49.02,39.18,73.14645271,11.87
2024-04-05 08:00:00,DC_2,23.46,50.72,48.98,81.19,777.18,23.46,35.72,33.98,76.50590198,5.77
2024-04-05 10:30:00,DC_2,21.82,51.38,50.69,107.85,812.12,23.32,36.38,35.69,101.4078899,5.97
2024-04-05 13:00:00,DC_2,23.46,66.3,55.85,169.62,1165.39,23.46,51.3,40.85,163.4503168,3.64
2024-04-05 15:30:00,DC_2,20.96,72.39,60.48,257.69,1489.45,23.46,57.39,45.48,240.9128657,6.51
2024-04-05 18:00:00,DC_2,21.56,67.87,57.69,251.56,1529.69,23.06,52.87,42.69,236.9826313,5.79
2024-04-05 20:30:00,DC_2,22.42,57.05,59.19,196.11,1444.45,23.42,42.05,44.19,188.9701836,3.64
2024-04-05 23:00:00,DC_2,24.07,51.0,51.71,80.07,1161.98,24.07,36.0,36.71,75.77832683,5.36
2024-04-06 01:30:00,DC_2,22.15,48.86,47.86,79.83,833.08,23.15,33.86,32.86,74.66589896,6.47
2024-04-06 04:00:00,DC_2,23.52,49.61,42.99,57.95,723.08,23.52,34.61,30.0,52.54848562,9.32
2024-04-06 06:30:00,DC_2,22.91,51.81,44.9,61.24,660.78,23.41,36.81,30.0,58.29014395,4.82
2024-04-06 09:00:00,DC_2,22.27,54.29,50.74,88.04,709.37,23.27,39.29,35.74,84.2922781,4.26
2024-04-06 11:30:00,DC_2,22.83,54.21,47.66,86.0,726.0,23.33,39.21,32.66,82.9878094,3.5
2024-04-06 14:00:00,DC_2,21.29,61.53,60.41,139.29,1036.62,23.29,46.53,45.41,130.213674,6.52
2024-04-06 16:30:00,DC_2,24.8,55.67,59.37,105.59,1028.12,24.8,40.67,44.37,101.9137498,3.48
2024-04-06 19:00:00,DC_2,18.16,71.88,61.59,210.43,1088.45,20.66,56.88,46.59,193.7950564,7.91
2024-04-06 21:30:00,DC_2,19.87,59.78,56.65,158.87,1114.79,22.37,44.78,41.65,146.5206438,7.77
2024-04-07 00:00:00,DC_2,22.61,61.63,43.8,98.62,980.36,23.11,46.63,30.0,91.76642771,6.95
2024-04-07 02:30:00,DC_2,22.55,57.11,41.2,74.48,851.5,23.05,42.11,30.0,70.94574028,4.75
2024-04-07 05:00:00,DC_2,23.25,44.2,42.68,64.86,673.62,23.25,30.0,30.0,60.6703856,6.46
2024-04-07 07:30:00,DC_2,26.52,42.82,34.43,61.28,774.41,26.52,30.0,30.0,60.75165279,0.86
2024-04-07 10:00:00,DC_2,21.87,57.77,45.07,78.89,763.62,23.37,42.77,30.07,73.81088652,6.44
2024-04-07 12:30:00,DC_2,21.86,59.9,47.54,115.8,878.97,23.36,44.9,32.54,107.8775679,6.84
2024-04-07 15:00:00,DC_2,23.47,55.63,54.71,124.01,1007.98,23.47,40.63,39.71,119.4019779,3.72
2024-04-07 17:30:00,DC_2,21.53,59.71,55.69,148.48,1107.17,23.03,44.71,40.69,139.1231896,6.3
2024-04-07 20:00:00,DC_2,22.29,62.68,60.48,147.25,1093.68,23.29,47.68,45.48,141.1362172,4.15
2024-04-07 22:30:00,DC_2,23.61,49.31,51.64,128.65,1133.12,23.61,34.31,36.64,124.1293312,3.51
2024-04-08 01:00:00,DC_2,21.93,58.27,50.63,119.57,1151.51,23.43,43.27,35.63,113.1607473,5.36
2024-04-08 03:30:00,DC_2,22.53,50.87,47.8,85.52,852.04,23.03,35.87,32.8,81.12351902,5.14
2024-04-08 06:00:00,DC_2,24.04,41.34,43.78,54.76,679.2,24.04,30.0,30.0,52.27539236,4.54
2024-04-08 08:30:00,DC_2,22.8,50.81,50.82,87.8,764.87,23.3,35.81,35.82,82.42314167,6.12
2024-04-08 11:00:00,DC_2,22.9,53.87,50.78,101.0,878.98,23.4,38.87,35.78,96.92988029,4.03
2024-04-08 13:30:00,DC_2,24.3,57.96,50.47,124.38,1205.05,24.3,42.96,35.47,119.3223797,4.07
2024-04-08 16:00:00,DC_2,21.58,77.55,64.74,247.13,1369.18,23.08,62.55,49.74,234.268388,5.2
2024-04-08 18:30:00,DC_2,22.66,70.56,67.28,264.71,1567.63,23.16,55.56,52.28,255.1963577,3.59
2024-04-08 21:00:00,DC_2,23.27,66.56,61.49,179.83,1467.64,23.27,51.56,46.49,174.0431602,3.22
2024-04-08 23:30:00,DC_2,20.04,63.63,58.03,187.5,1366.0,22.54,48.63,43.03,175.4942647,6.4
2024-04-09 02:00:00,DC_2,22.09,54.04,53.06,115.5,1073.62,23.09,39.04,38.06,109.005221,5.62
2024-04-09 04:30:00,DC_2,22.08,50.81,43.65,71.24,767.89,23.08,35.81,30.0,66.24089588,7.02
2024-04-09 07:00:00,DC_2,25.51,42.62,39.17,46.77,681.96,25.51,30.0,30.0,45.34125561,3.05
2024-04-09 09:30:00,DC_2,24.54,53.44,39.48,96.29,878.31,24.54,38.44,30.0,94.15336946,2.22
2024-04-09 12:00:00,DC_2,22.59,47.39,59.81,137.03,1057.42,23.09,32.39,44.81,133.6404053,2.47
2024-04-09 14:30:00,DC_2,21.51,61.61,59.56,157.97,1248.07,23.01,46.61,44.56,148.6749726,5.88
2024-04-09 17:00:00,DC_2,22.3,67.82,62.69,275.31,1632.04,23.3,52.82,47.69,265.5068466,3.56
2024-04-09 19:30:00,DC_2,22.28,71.29,66.46,235.04,1475.79,23.28,56.29,51.46,224.0559959,4.67
2024-04-09 22:00:00,DC_2,23.08,60.84,62.34,244.84,1683.22,23.08,45.84,47.34,237.9446094,2.82
2024-04-10 00:30:00,DC_2,25.52,53.25,40.87,90.37,1005.19,25.52,38.25,30.0,87.29757871,3.4
2024-04-10 03:00:00,DC_2,23.67,44.6,47.96,63.01,862.13,23.67,30.0,32.96,62.24150108,1.22
2024-04-10 05:30:00,DC_2,23.4,46.69,45.82,50.63,725.16,23.4,31.69,30.82,48.29902641,4.6
2024-04-10 08:00:00,DC_2,19.77,58.49,45.38,95.83,730.75,22.27,43.49,30.38,87.00916746,9.2
2024-04-10 10:30:00,DC_2,22.74,57.72,52.66,120.47,905.63,23.24,42.72,37.66,112.7684644,6.39
2024-04-10 13:00:00,DC_2,23.57,65.57,53.94,138.97,1051.84,23.57,50.57,38.94,134.0851297,3.52
2024-04-10 15:30:00,DC_2,23.83,72.74,60.55,232.26,1533.12,23.83,57.74,45.55,225.0317299,3.11
2024-04-10 18:00:00,DC_2,22.59,61.8,66.86,281.04,1785.06,23.09,46.8,51.86,272.0394006,3.2
2024-04-10 20:30:00,DC_2,23.71,62.9,64.0,211.54,1596.51,23.71,47.9,49.0,205.4439035,2.88
2024-04-10 23:00:00,DC_2,23.28,53.87,48.15,107.57,1184.99,23.28,38.87,33.15,101.8154289,5.35
2024-04-11 01:30:00,DC_2,19.7,62.4,49.88,128.63,1088.04,22.2,47.4,34.88,117.2549515,8.84
2024-04-11 04:00:00,DC_2,24.1,53.03,43.62,82.43,795.94,24.1,38.03,30.0,79.20981896,3.91
2024-04-11 06:30:00,DC_2,28.51,47.97,50.71,53.22,814.57,28.51,32.97,35.71,48.58525785,8.71
2024-04-11 09:00:00,DC_2,24.15,54.91,46.23,70.2,714.67,24.15,39.91,31.23,63.80609304,9.11
2024-04-11 11:30:00,DC_2,24.68,50.15,54.57,94.77,900.66,24.68,35.15,39.57,92.94982261,1.92
2024-04-11 14:00:00,DC_2,23.01,64.8,56.84,137.63,1139.93,23.01,49.8,41.84,130.9985043,4.82
2024-04-11 16:30:00,DC_2,23.23,64.3,49.66,206.26,1551.85,23.23,49.3,34.66,201.0615533,2.52
2024-04-11 19:00:00,DC_2,21.65,71.92,65.3,204.98,1459.34,23.15,56.92,50.3,192.9879553,5.85
2024-04-11 21:30:00,DC_2,23.72,65.41,60.31,189.47,1651.31,23.72,50.41,45.31,183.351226,3.23
2024-04-12 00:00:00,DC_2,23.05,53.86,55.0,120.69,1182.29,23.05,38.86,40.0,116.6714214,3.33
2024-04-12 02:30:00,DC_2,20.34,48.72,52.52,96.91,890.41,22.84,33.72,37.52,87.56908271,9.64
2024-04-12 05:00:00,DC_2,24.72,42.16,42.13,63.95,885.2,24.72,30.0,30.0,60.88090568,4.8
2024-04-12 07:30:00,DC_2,25.58,44.42,48.89,74.0,791.83,25.58,30.0,33.89,71.47618956,3.41
2024-04-12 10:00:00,DC_2,24.66,49.53,46.87,96.53,853.01,24.66,34.53,31.87,93.34116116,3.3
2024-04-12 12:30:00,DC_2,23.08,53.1,54.42,163.89,1225.71,23.08,38.1,39.42,160.956151,1.79
2024-04-12 15:00:00,DC_2,22.06,64.43,59.63,214.47,1469.29,23.06,49.43,44.63,203.8757607,4.94
2024-04-12 17:30:00,DC_2,22.45,68.46,55.65,240.68,1635.69,23.45,53.46,40.65,230.1246288,4.39
2024-04-12 20:00:00,DC_2,23.56,70.75,66.18,280.59,1598.31,23.56,55.75,51.18,272.0544273,3.04
2024-04-12 22:30:00,DC_2,22.83,52.24,41.51,109.65,1247.83,23.33,37.24,30.0,105.6834765,3.62
2024-04-13 01:00:00,DC_2,24.95,49.5,49.68,84.13,950.94,24.95,34.5,34.68,78.46863774,6.73
2024-04-13 03:30:00,DC_2,25.11,47.85,41.62,58.82,717.04,25.11,32.85,30.0,54.23842089,7.79
2024-04-13 06:00:00,DC_2,23.03,51.26,47.7,64.9,775.09,23.03,36.26,32.7,60.67936899,6.5
2024-04-13 08:30:00,DC_2,22.6,52.69,46.81,132.8,1054.77,23.1,37.69,31.81,127.3799479,4.08
2024-04-13 11:00:00,DC_2,24.73,45.55,44.93,97.22,808.06,24.73,30.55,30.0,93.01320243,4.33
2024-04-13 13:30:00,DC_2,27.27,53.26,44.75,96.73,881.77,27.27,38.26,30.0,92.69081437,4.18
2024-04-13 16:00:00,DC_2,25.1,52.6,53.58,117.44,1023.5,25.1,37.6,38.58,111.6530052,4.93
2024-04-13 18:30:00,DC_2,22.54,69.29,55.49,148.95,1164.13,23.04,54.29,40.49,142.1330215,4.58
2024-04-13 21:00:00,DC_2,22.19,62.55,55.63,146.04,1152.53,23.19,47.55,40.63,138.931149,4.87
2024-04-13 23:30:00,DC_2,23.48,58.42,53.15,125.77,1006.46,23.48,43.42,38.15,122.2862506,2.77
2024-04-14 02:00:00,DC_2,27.48,50.16,42.46,60.19,864.1,27.48,35.16,30.0,56.55349531,6.04
2024-04-14 04:30:00,DC_2,24.73,44.05,48.62,46.74,656.78,24.73,30.0,33.62,44.06643703,5.72
2024-04-14 07:00:00,DC_2,23.33,51.12,40.01,66.5,702.17,23.33,36.12,30.0,61.99337818,6.78
2024-04-14 09:30:00,DC_2,24.34,57.13,38.82,69.58,738.57,24.34,42.13,30.0,65.61993981,5.69
2024-04-14 12:00:00,DC_2,22.96,54.41,51.54,101.65,942.73,23.46,39.41,36.54,95.78913726,5.77
2024-04-14 14:30:00,DC_2,22.19,64.47,57.59,139.43,1089.49,23.19,49.47,42.59,131.1775317,5.92
2024-04-14 17:00:00,DC_2,24.31,58.06,57.09,152.81,1190.0,24.31,43.06,42.09,146.5630477,4.09
2024-04-14 19:30:00,DC_2,17.47,62.2,59.08,194.23,1066.06,19.97,47.2,44.08,180.3167697,7.16
2024-04-14 22:00:00,DC_2,24.37,55.775000000000006,50.89,100.49,1031.76,24.37,40.29,35.89,97.23245109,3.24
2024-04-15 00:30:00,DC_2,25.93,47.52,53.29,106.45,1167.9,25.93,32.52,38.29,101.8415002,4.33
2024-04-15 03:00:00,DC_2,23.82,51.56,48.47,109.73,913.59,23.82,36.56,33.47,105.5009573,3.85
2024-04-15 05:30:00,DC_2,22.52,54.37,47.78,111.08,899.84,23.02,39.37,32.78,107.0654521,3.61
2024-04-15 08:00:00,DC_2,22.65,53.84,51.99,70.17,709.42,23.15,38.84,36.99,65.43173578,6.75
2024-04-15 10:30:00,DC_2,21.97,53.76,51.71,95.72,899.22,23.47,38.76,36.71,90.71664286,5.23
2024-04-15 13:00:00,DC_2,23.32,58.87,54.17,147.25,1085.4,23.32,43.87,39.17,140.6993218,4.45
2024-04-15 15:30:00,DC_2,22.48,71.41,68.2,221.43,1417.15,23.48,56.41,53.2,210.9910225,4.71
2024-04-15 18:00:00,DC_2,25.14,67.62,62.99,235.76,1752.28,25.14,52.62,47.99,230.1305733,2.39
2024-04-15 20:30:00,DC_2,21.45,64.13,55.82,162.61,1315.21,23.45,49.13,40.82,152.3239603,6.33
2024-04-15 23:00:00,DC_2,24.04,56.64,53.36,140.39,1171.89,24.04,41.64,38.36,136.6580434,2.66
2024-04-16 01:30:00,DC_2,23.24,55.87,44.2,104.01,1034.1,23.24,40.87,30.0,97.57099834,6.19
2024-04-16 04:00:00,DC_2,28.39,50.14,39.1,58.99,859.51,28.39,35.14,30.0,54.81708372,7.07
2024-04-16 06:30:00,DC_2,23.07,54.64,54.82,109.61,986.06,23.07,39.64,39.82,104.9738994,4.23
2024-04-16 09:00:00,DC_2,23.75,52.99,48.77,56.56,734.4,23.75,37.99,33.77,52.55046968,7.09
2024-04-16 11:30:00,DC_2,24.97,58.7,60.35,107.02,1008.15,24.97,43.7,45.35,100.5135664,6.08
2024-04-16 14:00:00,DC_2,17.47,68.57,62.67,226.89,1170.27,19.97,53.57,47.67,210.9256629,7.04
2024-04-16 16:30:00,DC_2,23.04,74.49,68.51,318.02,1856.54,23.04,74.49,53.51,313.7431286,1.34
2024-04-16 19:00:00,DC_2,24.93,66.36,54.96,198.54,1536.1,24.93,51.36,39.96,192.6112409,2.99
2024-04-16 21:30:00,DC_2,22.44,63.12,54.96,148.56,1294.6,23.44,48.12,39.96,140.7651238,5.25
2024-04-17 00:00:00,DC_2,17.9,67.1,57.0,181.06,1219.02,20.4,52.1,42.0,167.5049242,7.49
2024-04-17 02:30:00,DC_2,21.07,52.21,49.38,109.93,976.73,23.07,37.21,34.38,102.3973,6.85
2024-04-17 05:00:00,DC_2,23.53,42.54,45.48,58.58,708.45,23.53,30.0,30.48,54.22392788,7.44
2024-04-17 07:30:00,DC_2,22.24,62.36,50.74,114.4,943.35,23.24,47.36,35.74,106.9071313,6.55
2024-04-17 10:00:00,DC_2,22.21,53.66,52.89,117.74,853.44,23.21,38.66,37.89,110.8957359,5.81
2024-04-17 12:30:00,DC_2,22.29,60.73,51.81,139.78,994.12,23.29,45.73,36.81,134.1948526,4.0
2024-04-17 15:00:00,DC_2,24.91,68.56,58.52,271.96,1818.37,24.91,53.56,43.52,264.3419161,2.8
2024-04-17 17:30:00,DC_2,23.67,61.72,67.21,253.58,1694.53,23.67,46.72,52.21,247.8142273,2.27
2024-04-17 20:00:00,DC_2,24.38,63.39,63.4,180.99,1555.2,24.38,48.39,48.4,174.5716378,3.55
2024-04-17 22:30:00,DC_2,27.83,55.775000000000006,51.24,161.43,1327.16,27.83,41.89,36.24,155.9852442,3.37
2024-04-18 01:00:00,DC_2,24.24,54.24,41.82,88.34,1049.65,24.24,39.24,30.0,83.81671241,5.12
2024-04-18 03:30:00,DC_2,24.2,51.47,43.11,56.98,737.79,24.2,36.47,30.0,55.50991834,2.58
2024-04-18 06:00:00,DC_2,20.98,58.59,50.15,65.45,640.14,23.48,43.59,35.15,59.13636251,9.65
2024-04-18 08:30:00,DC_2,23.97,50.36,43.71,64.09,721.3,23.97,35.36,30.0,59.77344424,6.74
2024-04-18 11:00:00,DC_2,20.99,64.66,51.21,126.74,890.5,23.49,49.66,36.21,117.6659539,7.16
2024-04-18 13:30:00,DC_2,24.21,57.55,43.84,146.89,1128.91,24.21,42.55,30.0,142.7924136,2.79
2024-04-18 16:00:00,DC_2,23.98,68.27,58.41,224.43,1568.14,23.98,53.27,43.41,215.8854314,3.81
2024-04-18 18:30:00,DC_2,23.09,63.5,64.24,222.73,1631.79,23.09,48.5,49.24,215.7171597,3.15
2024-04-18 21:00:00,DC_2,22.69,62.67,60.65,163.22,1238.59,23.19,47.67,45.65,156.2304965,4.28
2024-04-18 23:30:00,DC_2,24.25,55.6,58.46,126.4,1108.01,24.25,40.6,43.46,122.5061552,3.08
2024-04-19 02:00:00,DC_2,23.65,49.85,53.56,97.99,955.59,23.65,34.85,38.56,93.37191793,4.71
2024-04-19 04:30:00,DC_2,21.12,44.91,48.22,97.07,977.97,23.12,30.0,33.22,90.08037726,7.2
2024-04-19 07:00:00,DC_2,24.24,50.19,35.06,42.58,624.85,24.24,35.19,30.0,39.88185244,6.34
2024-04-19 09:30:00,DC_2,22.37,53.92,52.4,97.64,826.61,23.37,38.92,37.4,91.84213428,5.94
2024-04-19 12:00:00,DC_2,24.19,64.63,46.06,133.09,1076.51,24.19,49.63,31.06,128.8606065,3.18
2024-04-19 14:30:00,DC_2,22.56,65.61,56.45,223.48,1307.81,23.06,50.61,41.45,214.4107181,4.06
2024-04-19 17:00:00,DC_2,21.1,70.43,61.65,303.38,1694.54,23.1,55.43,46.65,287.7697293,5.15
2024-04-19 19:30:00,DC_2,24.26,58.23,51.21,202.81,1513.43,24.26,43.23,45.94,197.7816164,2.48
2024-04-19 22:00:00,DC_2,22.78,60.33,56.37,170.22,1459.16,23.28,45.33,41.37,166.0684905,2.44
2024-04-20 00:30:00,DC_2,22.89,50.22,52.77,95.32,968.36,23.39,35.22,37.77,92.59230008,2.86
2024-04-20 03:00:00,DC_2,17.28,62.09,64.08,125.21,863.22,19.78,47.09,49.08,113.361543,9.46
2024-04-20 05:30:00,DC_2,24.65,46.17,42.66,32.19,611.01,24.65,31.17,30.0,28.88274269,10.27
2024-04-20 08:00:00,DC_2,23.99,55.46,40.34,54.35,627.12,23.99,40.46,30.0,52.53333602,3.34
2024-04-20 10:30:00,DC_2,23.22,64.15,46.92,119.33,938.62,23.22,49.15,31.92,113.3773154,4.99
2024-04-20 13:00:00,DC_2,23.93,54.26,55.1,126.99,984.08,23.93,39.26,40.1,122.5112272,3.53
2024-04-20 15:30:00,DC_2,24.6,58.9,45.7,142.7,1014.05,24.6,43.9,30.7,138.8621208,2.69
2024-04-20 18:00:00,DC_2,22.12,66.5,58.98,214.35,1537.72,23.12,51.5,43.98,204.4700319,4.61
2024-04-20 20:30:00,DC_2,23.54,55.85,46.41,110.94,994.44,23.54,40.85,31.41,108.5459549,2.16
2024-04-20 23:00:00,DC_2,23.09,54.95,51.24,103.94,990.61,23.09,39.95,36.24,100.0765708,3.72
2024-04-21 01:30:00,DC_2,21.92,50.43,50.04,100.11,925.01,23.42,35.43,35.04,95.09535927,5.01
2024-04-21 04:00:00,DC_2,24.07,44.15,43.56,66.23,725.49,24.07,30.0,30.0,64.06170296,3.27
2024-04-21 06:30:00,DC_2,21.72,45.29,54.4,70.91,646.73,23.22,30.29,39.4,65.91904876,7.04
2024-04-21 09:00:00,DC_2,22.37,54.79,38.14,60.54,620.47,23.37,39.79,30.0,56.14591549,7.26
2024-04-21 11:30:00,DC_2,25.24,52.71,46.15,75.45,705.68,25.24,37.71,31.15,71.81503624,4.82
2024-04-21 14:00:00,DC_2,25.73,52.07,49.79,91.98,837.66,25.73,37.07,34.79,86.906691,5.52
2024-04-21 16:30:00,DC_2,21.61,56.18,57.9,159.68,1158.3,23.11,41.18,42.9,151.7019826,5.0
2024-04-21 19:00:00,DC_2,22.08,67.81,65.17,220.78,1499.57,23.08,52.81,50.17,210.0488922,4.86
2024-04-21 21:30:00,DC_2,21.82,63.79,53.75,153.65,1180.59,23.32,48.79,38.75,145.2043845,5.5
2024-04-22 00:00:00,DC_2,21.97,60.45,55.81,135.04,1109.22,23.47,45.45,40.81,126.9209432,6.01
2024-04-22 02:30:00,DC_2,22.82,52.28,48.8,77.67,924.92,23.32,37.28,33.8,72.38182908,6.81
2024-04-22 05:00:00,DC_2,21.16,52.16,49.39,78.2,746.32,23.16,37.16,34.39,71.38393063,8.72
2024-04-22 07:30:00,DC_2,21.03,53.24,41.95,73.74,669.2,23.03,38.24,30.0,66.09877943,10.36
2024-04-22 10:00:00,DC_2,24.01,50.79,48.16,87.12,911.48,24.01,35.79,33.16,84.2478117,3.3
2024-04-22 12:30:00,DC_2,21.96,60.39,49.33,157.42,1146.05,23.46,45.39,34.33,149.2475909,5.19
2024-04-22 15:00:00,DC_2,22.41,66.32,60.27,205.24,1360.1,23.41,51.32,45.27,195.6542339,4.67
2024-04-22 17:30:00,DC_2,23.98,67.99,60.57,216.94,1650.53,23.98,52.99,45.57,212.3106821,2.13
2024-04-22 20:00:00,DC_2,21.78,65.29,60.42,277.76,1622.22,23.28,50.29,45.42,265.086241,4.56
2024-04-22 22:30:00,DC_2,18.16,73.12,51.21,210.07,1318.41,20.66,58.12,49.1,192.8820377,8.18
2024-04-23 01:00:00,DC_2,24.34,54.36,46.15,84.05,1072.42,24.34,39.36,31.15,79.1195377,5.87
2024-04-23 03:30:00,DC_2,22.93,61.91,44.47,93.15,846.02,23.43,46.91,30.0,87.96025361,5.57
2024-04-23 06:00:00,DC_2,20.66,58.63,57.37,87.76,715.77,23.16,43.63,42.37,79.0451646,9.93
2024-04-23 08:30:00,DC_2,23.78,42.58,41.44,63.94,721.08,23.78,30.0,30.0,59.81201484,6.46
2024-04-23 11:00:00,DC_2,20.82,60.57,58.74,128.99,968.87,23.32,45.57,43.74,117.0432333,9.26
2024-04-23 13:30:00,DC_2,24.21,55.72,55.08,129.97,1068.33,24.21,40.72,40.08,125.3242574,3.57
2024-04-23 16:00:00,DC_2,24.47,73.47,55.62,266.02,1647.51,24.47,58.47,40.62,260.3244637,2.14
2024-04-23 18:30:00,DC_2,23.23,61.01,62.23,199.93,1470.59,23.23,46.01,47.23,193.2429132,3.34
2024-04-23 21:00:00,DC_2,21.53,67.74,61.58,187.05,1468.25,23.03,52.74,46.58,175.0150884,6.43
2024-04-23 23:30:00,DC_2,24.63,64.73,50.51,159.55,1416.18,24.63,49.73,35.51,152.2782649,4.56
2024-04-24 02:00:00,DC_2,24.01,55.68,48.4,92.2,1016.41,24.01,40.68,33.4,85.68798545,7.06
2024-04-24 04:30:00,DC_2,16.97,68.3,51.15,112.33,759.91,19.47,53.3,36.15,101.9136688,9.27
2024-04-24 07:00:00,DC_2,23.46,41.69,43.26,68.47,683.58,23.46,30.0,30.0,64.31589304,6.07
2024-04-24 09:30:00,DC_2,21.56,51.08,50.13,111.42,797.63,23.06,36.08,35.13,103.5093444,7.1
2024-04-24 12:00:00,DC_2,25.07,55.03,39.51,102.61,1030.31,25.07,40.03,30.0,100.2546072,2.3
2024-04-24 14:30:00,DC_2,24.13,57.74,46.82,152.49,1196.51,24.13,42.74,31.82,148.6859991,2.49
2024-04-24 17:00:00,DC_2,22.46,73.18,66.38,255.32,1740.86,23.46,58.18,51.38,246.066257,3.62
2024-04-24 19:30:00,DC_2,22.72,70.45,57.84,196.7,1503.67,23.22,55.45,42.84,188.7068378,4.06
2024-04-24 22:00:00,DC_2,23.16,66.14,59.93,196.77,1455.23,23.16,51.14,44.93,191.3027516,2.78
2024-04-25 00:30:00,DC_2,23.4,58.49,52.75,146.87,1174.13,23.4,43.49,37.75,141.6936745,3.52
2024-04-25 03:00:00,DC_2,23.51,59.95,48.48,97.77,961.9,23.51,44.95,33.48,91.13621646,6.79
2024-04-25 05:30:00,DC_2,24.58,40.85,44.33,48.87,580.03,24.58,30.0,30.0,47.05823823,3.71
2024-04-25 08:00:00,DC_2,21.04,55.05,47.72,79.07,719.88,23.04,40.05,32.72,72.38071553,8.46
2024-04-25 10:30:00,DC_2,22.84,54.44,46.67,103.02,829.9,23.34,39.44,31.67,100.2268339,2.71
2024-04-25 13:00:00,DC_2,25.39,60.69,50.15,151.79,1161.05,25.39,45.69,35.15,148.0193522,2.48
2024-04-25 15:30:00,DC_2,22.51,68.19,60.32,258.59,1480.48,23.01,53.19,45.32,252.3224494,2.42
2024-04-25 18:00:00,DC_2,22.28,59.57,68.04,255.87,1788.22,23.28,44.57,53.04,248.3432495,2.94
2024-04-25 20:30:00,DC_2,22.7,60.04,62.6,207.8,1706.1,23.2,45.04,47.6,202.5973341,2.5
2024-04-25 23:00:00,DC_2,23.62,62.24,52.61,117.74,1094.24,23.62,47.24,37.61,112.7400696,4.25
2024-04-26 01:30:00,DC_2,22.36,55.43,49.75,116.82,1006.7,23.36,40.43,34.75,109.6542694,6.13
2024-04-26 04:00:00,DC_2,21.05,54.77,52.68,77.37,818.64,23.05,39.77,37.68,70.78018603,8.52
2024-04-26 06:30:00,DC_2,24.33,41.92,49.57,59.45,762.47,24.33,30.0,34.57,55.81020821,6.12
2024-04-26 09:00:00,DC_2,23.69,46.26,43.62,62.48,699.11,23.69,31.26,30.0,56.73488692,9.2
2024-04-26 11:30:00,DC_2,24.64,58.98,54.21,113.29,978.57,24.64,43.98,39.21,109.441188,3.4
2024-04-26 14:00:00,DC_2,23.02,67.41,45.69,165.28,1230.16,23.02,52.41,30.69,160.4189253,2.94
2024-04-26 16:30:00,DC_2,22.25,74.2,60.01,286.77,1660.99,23.25,59.2,45.01,275.7069937,3.86
2024-04-26 19:00:00,DC_2,21.13,68.67,59.92,264.6,1519.97,23.13,53.67,44.92,248.4139762,6.12
2024-04-26 21:30:00,DC_2,24.09,64.4,49.24,154.95,1307.28,24.09,49.4,34.24,148.3537719,4.26
2024-04-27 00:00:00,DC_2,23.97,55.64,49.84,101.37,954.35,23.97,40.64,34.84,95.32636631,5.96
2024-04-27 02:30:00,DC_2,24.12,49.82,48.81,56.09,837.87,24.12,34.82,33.81,53.30648594,4.96
2024-04-27 05:00:00,DC_2,22.54,51.93,39.77,61.32,658.64,23.04,43.93,30.0,57.45182192,6.31
2024-04-27 07:30:00,DC_2,22.35,58.47,40.11,70.2,701.23,23.35,43.47,30.0,65.12495834,7.23
2024-04-27 10:00:00,DC_2,24.5,53.56,45.44,76.76,679.97,24.5,38.56,30.44,71.92935049,6.29
2024-04-27 12:30:00,DC_2,21.94,57.93,49.01,90.31,892.2,23.44,42.93,34.01,86.09080477,4.67
2024-04-27 15:00:00,DC_2,25.72,47.77,54.08,100.43,858.61,25.72,32.77,39.08,95.01306033,5.39
2024-04-27 17:30:00,DC_2,23.04,70.53,59.12,277.34,1611.19,23.04,55.53,44.12,269.4493202,2.85
2024-04-27 20:00:00,DC_2,23.39,72.46,55.02,156.35,1199.63,23.39,57.46,40.02,149.1791503,4.59
2024-04-27 22:30:00,DC_2,21.66,57.86,53.84,134.99,1081.25,23.16,42.86,38.84,126.8020795,6.07
2024-04-28 01:00:00,DC_2,24.48,51.78,47.03,76.06,947.72,24.48,36.78,32.03,73.47328866,3.4
2024-04-28 03:30:00,DC_2,22.99,50.14,49.62,59.76,722.13,23.49,35.14,34.62,57.24950085,4.2
2024-04-28 06:00:00,DC_2,23.57,44.66,38.78,55.05,639.97,23.57,30.0,30.0,52.07961164,5.4
2024-04-28 08:30:00,DC_2,21.65,49.6,44.63,61.13,616.79,23.15,34.6,30.0,56.95631712,6.83
2024-04-28 11:00:00,DC_2,22.37,56.87,48.68,97.63,782.9,23.37,41.87,33.68,90.26258182,7.55
2024-04-28 13:30:00,DC_2,18.37,63.57,67.8,146.91,913.02,20.87,48.57,52.8,133.7914866,8.93
2024-04-28 16:00:00,DC_2,22.59,65.63,59.12,168.05,1162.87,23.09,50.63,44.12,161.122358,4.12
2024-04-28 18:30:00,DC_2,23.72,62.84,51.41,106.26,1079.77,23.72,47.84,36.41,100.1618417,5.74
2024-04-28 21:00:00,DC_2,25.47,56.28,49.09,111.7,1123.64,25.47,41.28,34.09,106.7575304,4.42
2024-04-28 23:30:00,DC_2,22.5,53.98,46.85,96.95,914.77,23.0,38.98,31.85,91.56109147,5.56
2024-04-29 02:00:00,DC_2,23.21,46.93,47.39,94.07,1009.08,23.21,31.93,32.39,91.25176813,3.0
2024-04-29 04:30:00,DC_2,24.12,52.75,40.05,76.12,798.12,24.12,37.75,30.0,73.27046755,3.74
2024-04-29 07:00:00,DC_2,22.1,53.22,53.64,69.59,643.13,23.1,38.22,38.64,62.72900403,9.86
2024-04-29 09:30:00,DC_2,24.03,55.38,37.48,70.74,747.11,24.03,40.38,30.0,67.11486322,5.12
2024-04-29 12:00:00,DC_2,22.23,53.35,57.36,135.9,997.93,23.23,38.35,42.36,128.5443855,5.41
2024-04-29 14:30:00,DC_2,23.49,59.25,55.6,181.27,1226.63,23.49,44.25,40.6,176.345381,2.72
2024-04-29 17:00:00,DC_2,21.03,78.61,76.02,375.17,1828.49,23.03,63.61,61.02,351.1129445,6.41
2024-04-29 19:30:00,DC_2,23.15,63.92,58.59,182.04,1504.17,23.15,48.92,43.59,176.212915,3.2
2024-04-29 22:00:00,DC_2,22.93,66.93,56.13,170.21,1358.24,23.43,51.93,41.13,163.1274156,4.16
2024-04-30 00:30:00,DC_2,24.07,50.97,55.81,110.82,1119.98,24.07,35.97,40.81,106.1640856,4.2
2024-04-30 03:00:00,DC_2,24.26,51.41,45.5,81.21,850.04,24.26,36.41,30.5,76.81696308,5.41
2024-04-30 05:30:00,DC_2,23.94,55.775000000000006,44.47,75.29,822.25,23.94,30.0,30.0,73.1680432,2.82
2024-04-30 08:00:00,DC_2,21.18,60.38,50.69,86.96,764.33,23.18,45.38,35.69,79.1297263,9.0
2024-04-30 10:30:00,DC_2,22.79,57.2,49.53,102.2,977.2,23.29,42.2,34.53,95.89669846,6.17
2024-04-30 13:00:00,DC_2,22.13,61.55,54.99,140.71,1164.74,23.13,46.55,39.99,134.2894049,4.56
2024-04-30 15:30:00,DC_2,22.02,71.03,57.63,250.37,1443.35,23.02,56.03,42.63,238.6672078,4.67
2024-04-30 18:00:00,DC_2,26.77,60.19,63.35,240.53,1780.18,26.77,45.19,48.35,234.5826918,2.47
2024-04-30 20:30:00,DC_2,24.55,61.5,58.64,204.0,1563.6,24.55,46.5,43.64,198.8272341,2.54
2024-04-30 23:00:00,DC_2,24.28,55.45,56.14,154.73,1291.22,24.28,40.45,41.14,149.128715,3.62
2024-05-01 01:30:00,DC_2,17.89,70.81,58.12,137.91,948.8,20.39,55.81,43.12,124.2572027,9.9
2024-05-01 04:00:00,DC_2,24.43,42.51,37.6,45.35,727.42,24.43,30.0,30.0,42.37520858,6.56
2024-05-01 06:30:00,DC_2,22.13,43.8,41.1,59.65,693.94,23.13,30.0,30.0,57.66091177,3.33
2024-05-01 09:00:00,DC_2,23.04,45.57,43.07,65.24,731.51,23.04,30.57,30.0,60.86185025,6.71
2024-05-01 11:30:00,DC_2,23.5,59.08,55.83,136.63,968.34,23.5,44.08,40.83,133.0065729,2.65
2024-05-01 14:00:00,DC_2,22.23,64.86,56.11,174.79,1148.6,23.23,49.86,41.11,166.5501121,4.71
2024-05-01 16:30:00,DC_2,21.59,67.35,61.85,218.94,1450.03,23.09,52.35,46.85,206.4469443,5.71
2024-05-01 19:00:00,DC_2,21.32,70.23,69.98,333.57,1803.53,23.32,55.23,54.98,315.2151426,5.5
2024-05-01 21:30:00,DC_2,23.47,62.56,56.56,205.6,1530.09,23.47,47.56,41.56,199.9624127,2.74
2024-05-02 00:00:00,DC_2,24.67,55.07,53.58,129.02,1133.76,24.67,40.07,38.58,123.887346,3.98
2024-05-02 02:30:00,DC_2,23.9,55.83,46.39,95.03,1023.8,23.9,40.83,31.39,91.36824835,3.85
2024-05-02 05:00:00,DC_2,22.44,54.54,45.89,79.86,753.53,23.44,39.54,30.89,74.00368626,7.33
2024-05-02 07:30:00,DC_2,23.03,58.19,48.4,74.18,706.16,23.03,43.19,33.4,68.32614366,7.89
2024-05-02 10:00:00,DC_2,21.06,60.87,51.74,99.57,909.09,23.06,45.87,36.74,92.79264505,6.81
2024-05-02 12:30:00,DC_2,22.04,58.18,55.02,154.89,1145.25,23.04,43.18,40.02,146.6314401,5.33
2024-05-02 15:00:00,DC_2,26.75,55.97,56.64,206.33,1397.92,26.75,40.97,41.64,201.1308445,2.52
2024-05-02 17:30:00,DC_2,22.13,79.52,73.9,324.74,1917.21,23.13,64.52,58.9,310.226178,4.47
2024-05-02 20:00:00,DC_2,22.45,55.775000000000006,60.97,205.13,1461.2,23.45,49.28,45.97,195.9992888,4.45
2024-05-02 22:30:00,DC_2,22.31,66.97,51.68,155.7,1289.23,23.31,51.97,36.68,147.0497172,5.56
2024-05-03 01:00:00,DC_2,26.84,50.4,35.85,88.35,1092.97,26.84,35.4,30.0,84.54795447,4.3
2024-05-03 03:30:00,DC_2,22.9,58.12,45.88,66.62,823.1,23.4,43.12,30.88,61.96399426,6.99
2024-05-03 06:00:00,DC_2,23.55,47.31,41.97,58.38,699.15,23.55,32.31,30.0,54.05933089,7.4
2024-05-03 08:30:00,DC_2,22.05,46.67,51.38,64.19,645.35,23.05,31.67,36.38,59.18459524,7.8
2024-05-03 11:00:00,DC_2,22.82,59.82,58.13,125.11,916.78,23.32,44.82,43.13,118.045668,5.65
2024-05-03 13:30:00,DC_2,23.15,51.12,55.98,146.83,1210.12,23.15,36.12,40.98,142.7052606,2.81
2024-05-03 16:00:00,DC_2,25.17,60.17,59.7,225.88,1579.79,25.17,45.17,44.7,221.58335,1.9
2024-05-03 18:30:00,DC_2,21.95,65.44,65.44,251.38,1557.72,23.45,50.44,50.44,237.94279,5.35
2024-05-03 21:00:00,DC_2,23.11,67.05,54.05,204.79,1453.39,23.11,52.05,39.05,198.1951297,3.22
2024-05-03 23:30:00,DC_2,23.79,56.97,48.36,126.25,1150.87,23.79,41.97,33.36,120.5421718,4.52
2024-05-04 02:00:00,DC_2,23.08,51.42,51.41,66.33,781.19,23.08,36.42,36.41,62.75196925,5.39
2024-05-04 04:30:00,DC_2,25.49,48.2,40.08,47.72,670.69,25.49,33.2,30.0,44.27534407,7.22
2024-05-04 07:00:00,DC_2,22.53,50.61,49.22,56.9,642.7,23.03,35.61,34.22,51.18355699,10.05
2024-05-04 09:30:00,DC_2,22.69,53.15,42.64,87.3,821.38,23.19,38.15,30.0,82.43416824,5.57
2024-05-04 12:00:00,DC_2,23.95,53.65,42.07,60.33,693.5,23.95,38.65,30.0,56.98106809,5.55
2024-05-04 14:30:00,DC_2,23.95,56.82,48.9,112.77,994.58,23.95,41.82,33.9,110.2195889,2.26
2024-05-04 17:00:00,DC_2,23.9,62.92,58.16,166.01,1225.06,23.9,47.92,43.16,159.4378138,3.96
2024-05-04 19:30:00,DC_2,23.94,57.71,45.21,121.52,1120.25,23.94,42.71,30.21,117.2856898,3.48
2024-05-04 22:00:00,DC_2,24.57,55.69,47.95,148.44,1198.22,24.57,40.69,32.95,143.0293045,3.65
2024-05-05 00:30:00,DC_2,20.97,62.77,57.74,105.34,939.55,23.47,47.77,42.74,94.5717278,10.22
2024-05-05 03:00:00,DC_2,23.91,49.07,39.55,71.92,749.09,23.91,34.07,30.0,70.60876212,1.82
2024-05-05 05:30:00,DC_2,22.88,43.35,50.92,66.6,632.4,23.38,30.0,35.92,63.86756586,4.1
2024-05-05 08:00:00,DC_2,25.13,39.33,41.72,53.72,705.77,25.13,30.0,30.0,50.25858043,6.44
2024-05-05 10:30:00,DC_2,25.76,56.42,43.36,54.96,732.52,25.76,41.42,30.0,51.27194892,6.71
2024-05-05 13:00:00,DC_2,24.28,61.18,48.63,112.16,924.24,24.28,46.18,33.63,107.0971443,4.51
2024-05-05 15:30:00,DC_2,16.78,69.08,66.1,214.59,1075.97,19.28,54.08,51.1,197.1643308,8.12
2024-05-05 18:00:00,DC_2,22.15,67.56,54.34,177.53,1257.13,23.15,52.56,39.34,168.8663744,4.88
2024-05-05 20:30:00,DC_2,22.41,60.59,52.79,174.57,1164.66,23.41,45.59,37.79,167.3628449,4.13
2024-05-05 23:00:00,DC_2,22.61,52.99,59.88,106.06,1050.09,22.61,52.99,44.88,102.7681355,3.1
2024-05-06 01:30:00,DC_2,25.25,60.98,55.38,139.19,1238.76,25.25,45.98,40.38,132.7568849,4.62
2024-05-06 04:00:00,DC_2,22.13,59.83,43.94,80.24,850.76,23.13,44.83,30.0,75.22804171,6.25
2024-05-06 06:30:00,DC_2,22.34,64.14,47.44,96.87,861.81,23.34,49.14,32.44,89.94656088,7.15
2024-05-06 09:00:00,DC_2,23.0,59.12,47.11,76.25,652.77,23.0,44.12,32.11,71.40088715,6.36
2024-05-06 11:30:00,DC_2,24.51,57.61,51.17,130.92,988.19,24.51,42.61,36.17,125.9241725,3.82
2024-05-06 14:00:00,DC_2,23.35,51.81,59.09,182.63,1235.06,23.35,36.81,44.09,177.758912,2.67
2024-05-06 16:30:00,DC_2,23.49,68.55,65.2,304.39,1716.84,23.49,53.55,50.2,298.0747352,2.07
2024-05-06 19:00:00,DC_2,22.41,71.76,65.95,208.51,1521.86,23.41,56.76,50.95,198.477969,4.81
2024-05-06 21:30:00,DC_2,24.0,50.15,57.24,219.26,1574.98,24.0,35.15,42.24,216.1366725,1.42
2024-05-07 00:00:00,DC_2,23.85,58.14,59.13,165.82,1554.85,23.85,43.14,44.13,161.3379662,2.7
2024-05-07 02:30:00,DC_2,25.4,52.22,39.0,85.07,990.22,25.4,37.22,30.0,80.66701955,5.18
2024-05-07 05:00:00,DC_2,22.21,49.34,46.1,66.21,756.04,23.21,34.34,31.1,60.89175329,8.03
2024-05-07 07:30:00,DC_2,23.27,50.01,45.05,87.84,759.16,23.27,35.01,30.05,85.70445496,2.43
2024-05-07 10:00:00,DC_2,22.06,47.01,48.5,94.17,854.78,23.06,32.01,33.5,88.26385463,6.27
2024-05-07 12:30:00,DC_2,23.24,54.24,55.98,172.95,1209.41,23.24,39.24,40.98,169.328589,2.09
2024-05-07 15:00:00,DC_2,23.97,68.04,54.36,176.54,1399.38,23.97,53.04,39.36,170.9293262,3.18
2024-05-07 17:30:00,DC_2,22.93,65.73,67.83,259.51,1647.61,23.43,50.73,52.83,251.4061403,3.12
2024-05-07 20:00:00,DC_2,24.6,66.13,60.98,220.53,1641.66,24.6,66.13,60.98,220.53,0.0
2024-05-07 22:30:00,DC_2,17.24,77.58,61.34,237.57,1417.92,19.74,62.58,46.34,218.7575474,7.92
2024-05-08 01:00:00,DC_2,23.54,58.35,49.15,145.07,1173.85,23.54,43.35,34.15,141.9672403,2.14
2024-05-08 03:30:00,DC_2,22.7,57.18,49.19,72.36,776.89,23.2,42.18,34.19,67.71662312,6.42
2024-05-08 06:00:00,DC_2,22.21,58.4,47.47,89.52,751.2,23.21,43.4,32.47,81.76335701,8.66
2024-05-08 08:30:00,DC_2,17.05,64.7,61.96,121.34,803.54,19.55,49.7,46.96,108.5605453,10.53
2024-05-08 11:00:00,DC_2,21.73,60.54,47.05,132.75,941.06,23.23,45.54,32.05,126.4607537,4.74
2024-05-08 13:30:00,DC_2,22.94,57.61,60.58,168.09,1111.22,23.44,42.61,45.58,160.8411797,4.31
2024-05-08 16:00:00,DC_2,24.97,62.16,64.26,229.32,1533.08,24.97,47.16,49.26,221.4652221,3.43
2024-05-08 18:30:00,DC_2,21.04,73.29,73.83,321.46,1853.92,23.04,58.29,58.83,301.6081528,6.18
2024-05-08 21:00:00,DC_2,23.86,65.7,51.21,229.23,1788.93,23.86,50.7,45.59,221.6274607,3.32
2024-05-08 23:30:00,DC_2,24.06,64.57,52.21,166.09,1361.03,24.06,49.57,37.21,160.081004,3.62
2024-05-09 02:00:00,DC_2,22.46,49.11,48.64,98.25,985.13,23.46,34.11,33.64,93.95166419,4.37
2024-05-09 04:30:00,DC_2,23.3,56.58,38.36,105.43,938.78,23.3,41.58,30.0,100.0097111,5.14
2024-05-09 07:00:00,DC_2,21.31,55.03,53.81,70.34,695.62,23.31,40.03,38.81,64.12711289,8.83
2024-05-09 09:30:00,DC_2,22.37,55.75,46.81,92.54,798.07,23.37,40.75,31.81,86.5520108,6.47
2024-05-09 12:00:00,DC_2,22.81,60.24,54.01,111.86,1000.5,23.31,45.24,39.01,105.0776112,6.06
2024-05-09 14:30:00,DC_2,24.4,59.85,59.2,169.78,1310.68,24.4,44.85,44.2,166.8299445,1.74
2024-05-09 17:00:00,DC_2,22.72,65.96,62.93,266.97,1636.98,23.22,50.96,47.93,259.5172829,2.79
2024-05-09 19:30:00,DC_2,22.45,67.1,66.87,271.97,1680.49,23.45,52.1,51.87,263.1381009,3.25
2024-05-09 22:00:00,DC_2,22.0,58.73,60.17,157.19,1182.05,23.5,43.73,45.17,148.4416066,5.57
2024-05-10 00:30:00,DC_2,22.34,56.06,54.0,118.45,1088.12,23.34,41.06,39.0,111.3226291,6.02
2024-05-10 03:00:00,DC_2,22.79,52.56,44.16,81.58,843.5,23.29,37.56,30.0,76.4269947,6.32
2024-05-10 05:30:00,DC_2,21.44,55.88,43.87,60.38,649.45,23.44,40.88,30.0,52.89637185,12.39
2024-05-10 08:00:00,DC_2,24.58,48.9,45.06,63.67,683.12,24.58,33.9,30.06,59.95208257,5.84
2024-05-10 10:30:00,DC_2,21.08,58.23,64.92,120.01,837.94,23.08,43.23,49.92,110.1938829,8.18
2024-05-10 13:00:00,DC_2,28.0,69.22,49.49,167.09,1245.39,28.0,54.22,34.49,159.8330834,4.34
2024-05-10 15:30:00,DC_2,23.1,61.1,57.88,172.32,1277.72,23.1,46.1,42.88,165.9498007,3.7
2024-05-10 18:00:00,DC_2,24.92,67.28,61.77,324.8,1827.37,24.92,52.28,46.77,317.7925069,2.16
2024-05-10 20:30:00,DC_2,22.74,69.8,55.47,198.59,1473.15,23.24,54.8,40.47,189.6265118,4.51
2024-05-10 23:00:00,DC_2,20.62,54.89,54.75,106.42,1166.6,23.12,39.89,39.75,94.94457788,10.78
2024-05-11 01:30:00,DC_2,21.51,49.19,49.85,96.51,837.24,23.01,34.19,34.85,89.49451565,7.27
2024-05-11 04:00:00,DC_2,22.12,45.11,45.49,65.5,682.88,23.12,30.11,30.49,60.81571796,7.15
2024-05-11 06:30:00,DC_2,16.47,59.46,59.52,96.04,681.75,18.97,44.46,44.52,86.3473008,10.09
2024-05-11 09:00:00,DC_2,22.53,53.78,42.8,67.04,685.04,23.03,38.78,30.0,61.02180929,8.98
2024-05-11 11:30:00,DC_2,22.7,53.01,54.49,101.21,805.35,23.2,38.01,39.49,96.37727792,4.77
2024-05-11 14:00:00,DC_2,20.71,66.93,57.51,189.62,1017.54,23.21,51.93,42.51,175.6931903,7.34
2024-05-11 16:30:00,DC_2,24.14,59.15,50.31,129.35,1138.81,24.14,44.15,35.31,126.085996,2.52
2024-05-11 19:00:00,DC_2,23.82,60.95,55.09,146.45,1173.82,23.82,45.95,40.09,141.8266447,3.16
2024-05-11 21:30:00,DC_2,22.03,51.55,50.73,138.59,1105.99,23.03,36.55,35.73,131.669884,4.99
2024-05-12 00:00:00,DC_2,25.13,50.99,55.61,113.18,1003.72,25.13,35.99,40.61,108.4410763,4.19
2024-05-12 02:30:00,DC_2,21.22,44.86,52.98,76.33,746.41,23.22,30.0,37.98,71.67861023,6.09
2024-05-12 05:00:00,DC_2,23.88,45.07,49.74,66.84,846.5,23.88,30.07,34.74,62.81570567,6.02
2024-05-12 07:30:00,DC_2,24.93,42.99,40.65,76.71,774.7,24.93,30.0,30.0,73.52139281,4.16
2024-05-12 10:00:00,DC_2,24.1,41.77,43.82,65.09,675.25,24.1,30.0,30.0,62.57690636,3.86
2024-05-12 12:30:00,DC_2,22.05,56.52,50.78,101.52,781.16,23.05,41.52,35.78,94.22855317,7.18
2024-05-12 15:00:00,DC_2,24.98,60.43,58.88,143.88,1077.05,24.98,45.43,43.88,138.2148604,3.94
2024-05-12 17:30:00,DC_2,22.84,69.87,58.33,151.84,1110.46,23.34,54.87,43.33,144.9275445,4.55
2024-05-12 20:00:00,DC_2,24.03,63.65,62.01,200.35,1388.41,24.03,48.65,47.01,194.4468925,2.95
2024-05-12 22:30:00,DC_2,21.66,55.27,52.76,125.51,1143.7,23.16,40.27,37.76,118.3755642,5.68
2024-05-13 01:00:00,DC_2,23.69,54.4,51.24,122.39,1030.54,23.69,39.4,36.24,117.2759519,4.18
2024-05-13 03:30:00,DC_2,22.0,50.59,52.24,83.9,853.56,23.5,35.59,37.24,76.62326638,8.67
2024-05-13 06:00:00,DC_2,23.55,49.03,47.69,65.78,764.5,23.55,34.03,32.69,61.44226428,6.59
2024-05-13 08:30:00,DC_2,23.36,49.83,47.84,69.12,698.42,23.36,34.83,32.84,66.13611531,4.32
2024-05-13 11:00:00,DC_2,23.99,53.87,56.06,101.4,927.13,23.99,38.87,41.06,96.64984585,4.68
2024-05-13 13:30:00,DC_2,22.89,58.88,58.17,151.59,1160.67,23.39,43.88,43.17,147.4624873,2.72
2024-05-13 16:00:00,DC_2,21.56,69.18,67.33,272.86,1733.07,23.06,54.18,52.33,258.252671,5.35
2024-05-13 18:30:00,DC_2,21.56,63.12,60.97,241.61,1573.08,23.06,48.12,45.97,228.8770463,5.27
2024-05-13 21:00:00,DC_2,23.73,62.28,57.57,174.12,1411.11,23.73,47.28,42.57,168.014535,3.51
2024-05-13 23:30:00,DC_2,22.5,66.69,47.55,170.11,1317.86,23.0,51.69,32.55,162.9786877,4.19
2024-05-14 02:00:00,DC_2,27.3,48.44,40.92,65.54,858.29,27.3,33.44,30.0,62.66583288,4.39
2024-05-14 04:30:00,DC_2,24.85,55.775000000000006,42.61,67.4,793.21,24.85,30.0,30.0,65.52147487,2.79
2024-05-14 07:00:00,DC_2,24.39,42.2,50.73,90.93,853.68,24.39,30.0,35.73,86.78404771,4.56
2024-05-14 09:30:00,DC_2,21.49,63.56,49.94,94.33,820.08,23.49,48.56,34.94,86.61332703,8.18
2024-05-14 12:00:00,DC_2,22.66,59.06,54.17,126.61,999.2,23.16,44.06,39.17,120.9060035,4.51
2024-05-14 14:30:00,DC_2,23.33,56.21,51.16,127.21,1106.79,23.33,41.21,36.16,124.1431106,2.41
2024-05-14 17:00:00,DC_2,22.09,72.44,71.71,305.02,1951.31,23.09,57.44,56.71,291.4284435,4.46
2024-05-14 19:30:00,DC_2,24.44,63.98,58.33,215.99,1618.42,24.44,48.98,43.33,210.133694,2.71
2024-05-14 22:00:00,DC_2,21.65,60.68,59.9,203.73,1391.3,23.15,45.68,44.9,191.6720162,5.92
2024-05-15 00:30:00,DC_2,21.04,51.32,43.28,100.41,1003.84,23.04,36.32,30.0,92.74673761,7.63
2024-05-15 03:00:00,DC_2,24.23,48.86,50.16,71.56,873.78,24.23,33.86,35.16,67.39075687,5.83
2024-05-15 05:30:00,DC_2,23.02,60.6,46.1,82.85,784.14,23.02,45.6,31.1,77.53536745,6.41
2024-05-15 08:00:00,DC_2,22.04,57.34,48.59,91.11,810.26,23.04,42.34,33.59,84.27019869,7.51
2024-05-15 10:30:00,DC_2,22.47,52.34,50.58,91.32,779.88,23.47,37.34,35.58,85.69475152,6.16
2024-05-15 13:00:00,DC_2,22.32,64.07,56.03,124.0,1115.81,23.32,49.07,41.03,116.5483156,6.01
2024-05-15 15:30:00,DC_2,20.54,75.27,61.24,224.77,1428.45,23.04,60.27,46.24,206.9804717,7.91
2024-05-15 18:00:00,DC_2,22.43,72.67,72.44,310.55,1920.66,23.43,57.67,57.44,299.1544356,3.67
2024-05-15 20:30:00,DC_2,24.47,53.11,51.51,185.9,1459.22,24.47,38.11,36.51,184.4459768,0.78
2024-05-15 23:00:00,DC_2,23.74,60.63,67.23,159.52,1319.46,23.74,45.63,52.23,153.0464078,4.06
2024-05-16 01:30:00,DC_2,22.21,54.7,46.07,94.27,1099.61,23.21,39.7,31.07,89.82022579,4.72
2024-05-16 04:00:00,DC_2,25.99,52.23,46.73,81.3,933.76,25.99,37.23,31.73,77.97248188,4.09
2024-05-16 06:30:00,DC_2,21.07,54.24,45.91,75.92,752.8,23.07,39.24,30.91,69.98096216,7.82
2024-05-16 09:00:00,DC_2,20.38,56.39,53.85,88.0,742.66,22.88,41.39,38.85,78.65767471,10.62
2024-05-16 11:30:00,DC_2,25.26,55.69,51.97,116.29,1014.91,25.26,40.69,36.97,112.614818,3.16
2024-05-16 14:00:00,DC_2,23.4,61.16,62.04,165.07,1305.62,23.4,46.16,47.04,157.6935707,4.47
2024-05-16 16:30:00,DC_2,22.62,66.71,51.21,291.2,1814.51,23.12,51.71,53.05,283.4560254,2.66
2024-05-16 19:00:00,DC_2,25.09,67.59,59.57,237.54,1732.83,25.09,52.59,44.57,231.2358923,2.65
2024-05-16 21:30:00,DC_2,26.05,56.4,50.55,171.54,1435.71,26.05,41.4,35.55,166.9680811,2.67
2024-05-17 00:00:00,DC_2,20.89,63.71,60.47,156.7,1268.83,23.39,48.71,45.47,145.3293467,7.26
2024-05-17 02:30:00,DC_2,21.74,46.48,40.95,93.74,901.13,23.24,31.48,30.0,89.97821124,4.01
2024-05-17 05:00:00,DC_2,24.39,48.53,36.76,64.22,645.59,24.39,33.53,30.0,61.89313575,3.62
2024-05-17 07:30:00,DC_2,21.92,52.33,46.94,72.9,691.67,23.42,37.33,31.94,67.10669244,7.95
2024-05-17 10:00:00,DC_2,21.72,56.18,54.71,100.65,880.24,23.22,41.18,39.71,93.28061117,7.32
2024-05-17 12:30:00,DC_2,22.03,64.58,56.93,182.22,1233.83,23.03,49.58,41.93,171.8953684,5.67
2024-05-17 15:00:00,DC_2,23.89,64.9,57.13,203.82,1455.81,23.89,49.9,42.13,199.4858294,2.13
2024-05-17 17:30:00,DC_2,22.08,77.09,66.57,271.4,1640.9,23.08,62.09,51.57,259.1434355,4.52
2024-05-17 20:00:00,DC_2,21.55,73.39,62.02,205.37,1414.28,23.05,58.39,47.02,192.9283925,6.06
2024-05-17 22:30:00,DC_2,20.71,63.47,59.27,173.64,1255.71,23.21,48.47,44.27,160.8739974,7.35
2024-05-18 01:00:00,DC_2,22.0,52.43,54.88,104.57,892.94,23.5,37.43,39.88,98.81557644,5.5
2024-05-18 03:30:00,DC_2,22.14,49.17,41.58,62.23,660.99,23.14,34.17,30.0,59.00272104,5.19
2024-05-18 06:00:00,DC_2,23.17,48.18,48.28,71.82,739.25,23.17,33.18,33.28,67.34238093,6.23
2024-05-18 08:30:00,DC_2,27.65,51.32,31.17,64.55,755.41,27.65,36.32,30.0,60.78964065,5.83
2024-05-18 11:00:00,DC_2,23.79,49.05,42.15,62.67,714.68,23.79,34.05,30.0,57.71393804,7.91
2024-05-18 13:30:00,DC_2,22.48,54.2,47.84,113.81,968.85,23.48,39.2,32.84,109.2641079,3.99
2024-05-18 16:00:00,DC_2,24.18,54.25,50.64,137.19,1063.69,24.18,39.25,35.64,132.3918879,3.5
2024-05-18 18:30:00,DC_2,23.37,63.76,57.82,152.53,1152.84,23.37,48.76,42.82,147.3535792,3.39
2024-05-18 21:00:00,DC_2,24.92,60.39,47.41,150.94,1307.78,24.92,45.39,32.41,144.8569739,4.03
2024-05-18 23:30:00,DC_2,24.92,54.3,46.97,110.43,1030.9,24.92,39.3,31.97,106.84064,3.25
2024-05-19 02:00:00,DC_2,24.39,50.77,53.57,74.54,828.45,24.39,35.77,38.57,69.46070661,6.81
2024-05-19 04:30:00,DC_2,27.35,46.96,50.13,73.06,704.08,27.35,31.96,35.13,68.24832318,6.59
2024-05-19 07:00:00,DC_2,22.17,60.84,45.37,73.4,767.08,23.17,45.84,30.37,69.03586559,5.95
2024-05-19 09:30:00,DC_2,21.96,50.44,50.48,78.06,691.94,23.46,35.44,35.48,71.58427988,8.3
2024-05-19 12:00:00,DC_2,21.72,66.49,57.67,133.71,975.83,23.22,51.49,42.67,124.3282194,7.02
2024-05-19 14:30:00,DC_2,21.0,50.56,57.98,123.08,1054.92,23.5,35.56,42.98,114.4640323,7.0
2024-05-19 17:00:00,DC_2,21.41,68.51,64.56,168.56,1088.85,23.41,53.51,49.56,156.797969,6.98
2024-05-19 19:30:00,DC_2,20.59,66.85,55.71,185.29,1183.05,23.09,51.85,40.71,170.5080609,7.98
2024-05-19 22:00:00,DC_2,22.75,64.24,46.2,125.92,1063.99,23.25,49.24,31.2,119.7493664,4.9
2024-05-20 00:30:00,DC_2,22.43,59.87,57.85,116.55,1098.25,23.43,44.87,42.85,109.6477736,5.92
2024-05-20 03:00:00,DC_2,21.31,52.78,47.17,72.79,822.33,23.31,37.78,32.17,66.69960731,8.37
2024-05-20 05:30:00,DC_2,23.22,54.22,48.15,63.92,779.03,23.22,39.22,33.15,61.90247024,3.16
2024-05-20 08:00:00,DC_2,23.1,43.81,44.26,58.15,706.32,23.1,30.0,30.0,56.63303073,2.61
2024-05-20 10:30:00,DC_2,23.15,55.775000000000006,52.55,97.06,870.56,23.15,37.83,37.55,94.09879997,3.05
2024-05-20 13:00:00,DC_2,22.33,56.45,59.57,155.59,1115.37,23.33,41.45,44.57,147.0082845,5.52
2024-05-20 15:30:00,DC_2,22.73,70.0,66.42,250.34,1516.04,23.23,55.0,51.42,241.7558043,3.43
2024-05-20 18:00:00,DC_2,23.73,68.27,59.99,291.33,1801.84,23.73,53.27,44.99,282.9948962,2.86
2024-05-20 20:30:00,DC_2,23.58,69.5,68.64,315.89,1887.17,23.58,54.5,53.64,309.8784327,1.9
2024-05-20 23:00:00,DC_2,23.51,64.81,52.73,142.01,1242.05,23.51,49.81,37.73,136.4055181,3.95
2024-05-21 01:30:00,DC_2,22.21,56.53,50.18,123.71,1116.28,23.21,41.53,35.18,117.1880322,5.27
2024-05-21 04:00:00,DC_2,25.06,49.67,44.85,67.26,759.3,25.06,34.67,30.0,64.08465357,4.72
2024-05-21 06:30:00,DC_2,22.97,56.3,41.77,96.52,834.86,23.47,41.3,30.0,91.58472641,5.11
2024-05-21 09:00:00,DC_2,21.82,55.05,41.75,87.26,692.81,23.32,40.05,30.0,83.54458616,4.26
2024-05-21 11:30:00,DC_2,20.9,63.97,50.72,125.57,953.71,23.4,48.97,35.72,115.4749994,8.04
2024-05-21 14:00:00,DC_2,23.12,57.19,58.95,148.63,1126.11,23.12,42.19,43.95,143.3504496,3.55
2024-05-21 16:30:00,DC_2,23.43,70.13,59.69,225.88,1617.34,23.43,55.13,44.69,218.9617551,3.06
2024-05-21 19:00:00,DC_2,24.91,63.77,52.32,183.62,1565.0,24.91,48.77,37.32,176.9447652,3.64
2024-05-21 21:30:00,DC_2,23.18,63.03,67.4,200.03,1456.63,23.18,48.03,52.4,193.5041735,3.26
2024-05-22 00:00:00,DC_2,24.32,57.95,51.13,121.08,1119.0,24.32,42.95,36.13,116.1231584,4.09
2024-05-22 02:30:00,DC_2,20.78,56.53,48.83,93.9,870.64,23.28,41.53,33.83,86.91118012,7.44
2024-05-22 05:00:00,DC_2,22.18,55.775000000000006,40.21,79.36,736.15,23.18,36.35,30.0,74.07240184,6.66
2024-05-22 07:30:00,DC_2,21.57,47.96,44.58,79.09,769.7,23.07,32.96,30.0,73.45126919,7.13
2024-05-22 10:00:00,DC_2,22.45,57.84,50.8,115.54,863.61,23.45,42.84,35.8,109.7053008,5.05
2024-05-22 12:30:00,DC_2,24.82,55.37,52.26,115.56,1077.63,24.82,40.37,37.26,111.4010877,3.6
2024-05-22 15:00:00,DC_2,22.52,63.75,56.19,187.69,1319.37,23.02,48.75,41.19,180.2151543,3.98
2024-05-22 17:30:00,DC_2,21.61,73.67,64.32,277.93,1704.21,23.11,58.67,49.32,264.1459932,4.96
2024-05-22 20:00:00,DC_2,23.65,67.03,64.46,257.73,1665.05,23.65,52.03,49.46,251.3470976,2.48
2024-05-22 22:30:00,DC_2,24.23,58.96,59.29,135.44,1298.65,24.23,43.96,44.29,128.288854,5.28
2024-05-23 01:00:00,DC_2,22.98,56.06,54.34,113.98,1036.54,23.48,41.06,39.34,107.7015443,5.51
2024-05-23 03:30:00,DC_2,25.14,45.74,41.75,89.33,937.51,25.14,30.74,30.0,85.37749254,4.42
2024-05-23 06:00:00,DC_2,23.4,44.37,49.91,50.2,685.2,23.4,30.0,34.91,47.06253834,6.25
2024-05-23 08:30:00,DC_2,22.21,54.65,44.46,94.71,816.09,23.21,39.65,30.0,90.75581527,4.18
2024-05-23 11:00:00,DC_2,23.16,59.24,53.23,125.17,987.18,23.16,44.24,38.23,119.345026,4.65
2024-05-23 13:30:00,DC_2,22.43,65.38,61.71,194.99,1273.79,23.43,50.38,46.71,188.7590213,3.2
2024-05-23 16:00:00,DC_2,22.54,70.44,56.52,241.3,1478.05,23.04,55.44,41.52,234.1643159,2.96
2024-05-23 18:30:00,DC_2,21.16,67.25,60.95,156.26,1348.06,23.16,52.25,45.95,146.8500494,6.02
2024-05-23 21:00:00,DC_2,21.71,62.15,51.79,219.6,1482.59,23.21,47.15,36.79,209.2914744,4.69
2024-05-23 23:30:00,DC_2,24.3,58.28,54.82,179.33,1478.78,24.3,43.28,39.82,172.7920983,3.65
2024-05-24 02:00:00,DC_2,22.61,51.69,47.1,100.34,984.2,23.11,36.69,32.1,94.82880791,5.49
2024-05-24 04:30:00,DC_2,23.7,49.48,44.26,66.46,743.22,23.7,34.48,30.0,61.59067808,7.33
2024-05-24 07:00:00,DC_2,20.99,55.775000000000006,46.33,110.39,899.43,23.49,46.93,31.33,101.5387862,8.02
2024-05-24 09:30:00,DC_2,23.94,52.69,47.74,78.58,810.53,23.94,37.69,32.74,75.94361716,3.36
2024-05-24 12:00:00,DC_2,20.27,65.0,55.23,142.49,1013.86,22.77,50.0,40.23,130.9833212,8.08
2024-05-24 14:30:00,DC_2,28.08,54.9,55.5,147.69,1257.24,28.08,39.9,40.5,143.8551847,2.6
2024-05-24 17:00:00,DC_2,22.57,65.49,59.86,250.58,1720.68,23.07,50.49,44.86,241.9819283,3.43
2024-05-24 19:30:00,DC_2,22.66,64.47,60.41,228.76,1625.21,23.16,49.47,45.41,220.721616,3.51
2024-05-24 22:00:00,DC_2,23.45,58.37,58.03,169.12,1336.89,23.45,43.37,43.03,164.1291227,2.95
2024-05-25 00:30:00,DC_2,22.8,51.15,50.47,115.61,952.6,23.3,36.15,35.47,109.4414966,5.34
2024-05-25 03:00:00,DC_2,25.65,47.08,41.47,55.1,767.16,25.65,32.08,30.0,52.12316482,5.4
2024-05-25 05:30:00,DC_2,21.83,51.79,45.55,61.3,633.82,23.33,36.79,30.55,55.35404441,9.7
2024-05-25 08:00:00,DC_2,25.2,44.92,40.02,64.7,642.98,25.2,30.0,30.0,62.51847327,3.37
2024-05-25 10:30:00,DC_2,23.99,56.88,50.61,114.78,878.09,23.99,41.88,35.61,108.6188881,5.37
2024-05-25 13:00:00,DC_2,21.33,58.43,52.1,127.78,961.86,23.33,43.43,37.1,119.310862,6.63
2024-05-25 15:30:00,DC_2,21.5,62.64,57.68,150.82,1074.45,23.0,47.64,42.68,140.2833904,6.99
2024-05-25 18:00:00,DC_2,25.87,59.02,53.16,136.47,1133.86,25.87,44.02,38.16,131.8156203,3.41
2024-05-25 20:30:00,DC_2,22.86,59.39,54.95,136.24,1179.0,23.36,44.39,39.95,130.9505749,3.88
2024-05-25 23:00:00,DC_2,22.26,56.46,45.61,114.12,980.74,23.26,41.46,30.61,107.27927,5.99
2024-05-26 01:30:00,DC_2,24.6,52.38,42.85,52.35,926.96,24.6,37.38,30.0,47.43344496,9.39
2024-05-26 04:00:00,DC_2,25.12,50.13,42.44,55.55,714.25,25.12,35.13,30.0,52.39559446,5.68
2024-05-26 06:30:00,DC_2,23.64,47.83,37.9,62.85,684.16,23.64,32.83,30.0,60.11493526,4.35
2024-05-26 09:00:00,DC_2,23.92,53.99,43.88,56.68,670.63,23.92,38.99,30.0,53.74079884,5.19
2024-05-26 11:30:00,DC_2,22.73,61.77,49.38,83.68,860.55,23.23,46.77,34.38,79.72187491,4.73
2024-05-26 14:00:00,DC_2,23.64,49.5,48.25,111.39,909.25,23.64,34.5,33.25,106.6087311,4.29
2024-05-26 16:30:00,DC_2,22.14,69.21,63.12,150.38,1125.95,23.14,54.21,48.12,140.0155511,6.89
2024-05-26 19:00:00,DC_2,24.34,51.69,53.35,90.95,971.48,24.34,36.69,38.35,85.66369218,5.81
2024-05-26 21:30:00,DC_2,23.03,49.47,51.66,114.63,1096.52,23.03,34.47,36.66,110.7787647,3.36
2024-05-27 00:00:00,DC_2,21.8,63.01,55.37,127.84,996.08,23.3,48.01,40.37,119.6994982,6.37
2024-05-27 02:30:00,DC_2,21.72,51.1,52.66,88.33,899.97,23.22,36.1,37.66,81.68388774,7.52
2024-05-27 05:00:00,DC_2,23.75,52.96,54.55,88.98,876.5,23.75,37.96,39.55,83.43659473,6.23
2024-05-27 07:30:00,DC_2,17.12,55.5,54.9,96.23,804.24,19.62,40.5,39.9,88.75543626,7.77
2024-05-27 10:00:00,DC_2,24.12,42.39,44.5,95.08,827.74,24.12,30.0,30.0,93.26499275,1.91
2024-05-27 12:30:00,DC_2,17.76,74.27,64.21,205.26,1238.57,20.26,59.27,49.21,186.9594184,8.92
2024-05-27 15:00:00,DC_2,24.55,60.59,55.51,175.99,1399.21,24.55,45.59,40.51,171.0429987,2.81
2024-05-27 17:30:00,DC_2,24.36,66.48,64.63,234.45,1689.38,24.36,51.48,49.63,226.7643578,3.28
2024-05-27 20:00:00,DC_2,22.06,61.63,61.29,221.18,1510.23,23.06,46.63,46.29,211.4382201,4.4
2024-05-27 22:30:00,DC_2,23.49,54.32,56.74,123.99,1259.28,23.49,39.32,41.74,117.9342539,4.88
2024-05-28 01:00:00,DC_2,17.17,63.49,58.64,199.25,1202.18,19.67,48.49,43.64,183.1262765,8.09
2024-05-28 03:30:00,DC_2,23.63,44.12,41.83,74.07,836.47,23.63,30.0,30.0,70.28862679,5.11
2024-05-28 06:00:00,DC_2,21.16,56.29,50.41,76.61,704.98,23.16,41.29,35.41,69.58130522,9.17
2024-05-28 08:30:00,DC_2,21.93,54.94,46.36,101.67,765.96,23.43,39.94,31.36,94.62991695,6.92
2024-05-28 11:00:00,DC_2,23.25,49.87,50.89,93.08,917.9,23.25,34.87,35.89,90.4392808,2.84
2024-05-28 13:30:00,DC_2,17.68,72.64,66.86,211.04,1132.06,20.18,57.64,51.86,192.9129031,8.59
2024-05-28 16:00:00,DC_2,20.6,67.82,67.76,366.51,1797.82,23.1,52.82,52.76,342.4963015,6.55
2024-05-28 18:30:00,DC_2,23.6,67.24,60.9,280.79,1626.83,23.6,52.24,45.9,275.3913372,1.92
2024-05-28 21:00:00,DC_2,21.52,65.66,58.21,224.12,1519.45,23.02,50.66,43.21,213.2078775,4.87
2024-05-28 23:30:00,DC_2,21.94,62.11,60.69,176.39,1264.68,23.44,47.11,45.69,166.9925453,5.33
2024-05-29 02:00:00,DC_2,20.73,59.26,48.54,95.11,862.48,23.23,44.26,33.54,85.45223322,10.15
2024-05-29 04:30:00,DC_2,23.27,50.56,45.11,61.51,748.36,23.27,35.56,30.11,55.69726584,9.45
2024-05-29 07:00:00,DC_2,21.05,53.98,47.81,68.83,649.3,23.05,38.98,32.81,62.65929683,8.97
2024-05-29 09:30:00,DC_2,24.11,58.65,43.72,76.37,665.79,24.11,43.65,30.0,71.46204471,6.43
2024-05-29 12:00:00,DC_2,21.91,58.2,46.21,169.13,1166.95,23.41,43.2,31.21,160.7132304,4.98
2024-05-29 14:30:00,DC_2,22.62,62.4,55.85,203.33,1321.33,23.12,47.4,40.85,196.0995828,3.56
2024-05-29 17:00:00,DC_2,22.79,70.04,65.35,249.0,1559.55,23.29,55.04,50.35,242.0699717,2.78
2024-05-29 19:30:00,DC_2,23.03,67.05,57.88,218.34,1540.17,23.03,52.05,42.88,210.176156,3.74
2024-05-29 22:00:00,DC_2,24.65,63.98,51.84,160.25,1479.88,24.65,48.98,36.84,154.6870825,3.47
2024-05-30 00:30:00,DC_2,22.69,50.58,46.56,132.43,1165.89,23.19,35.58,31.56,127.5560118,3.68
2024-05-30 03:00:00,DC_2,22.4,55.74,42.07,86.67,813.25,23.4,40.74,30.0,82.51075865,4.8
2024-05-30 05:30:00,DC_2,22.87,46.72,50.97,50.27,719.62,23.37,31.72,35.97,46.42304476,7.65
2024-05-30 08:00:00,DC_2,23.42,48.7,51.04,75.38,717.94,23.42,33.7,36.04,69.48334432,7.82
2024-05-30 10:30:00,DC_2,23.57,60.84,48.73,118.87,879.28,23.57,45.84,33.73,111.7724228,5.97
2024-05-30 13:00:00,DC_2,20.77,65.35,62.16,202.44,1269.86,23.27,50.35,47.16,187.3704818,7.44
2024-05-30 15:30:00,DC_2,22.72,64.95,54.42,221.76,1400.51,22.72,49.95,39.42,216.5616923,2.34
2024-05-30 18:00:00,DC_2,24.39,64.27,63.68,314.4,1929.7,24.39,49.27,48.68,310.0536981,1.38
2024-05-30 20:30:00,DC_2,25.17,56.34,60.33,190.21,1555.63,25.17,41.34,45.33,184.7904365,2.85
2024-05-30 23:00:00,DC_2,22.83,61.43,46.99,143.66,1310.62,23.33,46.43,31.99,136.9086917,4.7
2024-05-31 01:30:00,DC_2,21.59,60.05,46.81,114.27,1061.15,23.09,45.05,31.81,107.3204917,6.08
2024-05-31 04:00:00,DC_2,23.38,47.72,44.81,73.04,804.9,23.38,32.72,30.0,70.79300394,3.08
2024-05-31 06:30:00,DC_2,22.14,50.19,41.11,55.0,682.7,23.14,35.19,30.0,50.25936757,8.62
2024-05-31 09:00:00,DC_2,22.31,48.54,46.22,86.58,817.44,23.31,33.54,31.22,81.43914422,5.94
2024-05-31 11:30:00,DC_2,22.68,52.89,56.86,107.85,880.45,23.18,37.89,41.86,103.2011627,4.31
2024-05-31 14:00:00,DC_2,23.8,65.56,66.32,185.18,1397.22,23.8,50.56,51.32,177.397407,4.2
2024-05-31 16:30:00,DC_2,23.32,64.21,61.6,242.02,1642.47,23.32,49.21,46.6,235.0296694,2.89
2024-05-31 19:00:00,DC_2,23.9,69.13,59.61,190.03,1566.61,23.9,54.13,44.61,180.8073925,4.85
2024-05-31 21:30:00,DC_2,23.43,60.79,55.72,172.28,1430.71,23.43,45.79,40.72,166.3357979,3.45
2024-06-01 00:00:00,DC_2,23.02,60.35,47.6,102.52,999.35,23.02,45.35,32.6,97.06415066,5.32
2024-06-01 02:30:00,DC_2,23.6,51.58,48.0,76.73,853.07,23.6,36.58,33.0,72.8902636,5.0
2024-06-01 05:00:00,DC_2,26.7,41.43,34.03,52.38,732.61,26.7,30.0,30.0,50.17860089,4.2
2024-06-01 07:30:00,DC_2,23.08,50.82,46.27,63.62,701.25,23.08,35.82,31.27,59.84727308,5.93
2024-06-01 10:00:00,DC_2,22.43,52.78,51.21,62.54,669.8,23.43,37.78,30.0,56.70803043,9.33
2024-06-01 12:30:00,DC_2,22.44,59.39,52.33,114.94,883.18,23.44,44.39,37.33,109.9091782,4.38
2024-06-01 15:00:00,DC_2,22.62,63.05,61.62,120.4,986.84,23.12,48.05,46.62,113.0238207,6.13
2024-06-01 17:30:00,DC_2,22.18,55.59,60.79,136.5,1067.15,23.18,40.59,45.79,130.4488094,4.43
2024-06-01 20:00:00,DC_2,23.05,68.1,64.81,136.4,1219.53,23.05,53.1,49.81,130.3292717,4.45
2024-06-01 22:30:00,DC_2,23.01,49.9,53.98,114.77,1040.21,23.01,34.9,38.98,110.1550992,4.02
2024-06-02 01:00:00,DC_2,23.23,54.77,56.08,106.94,1008.74,23.23,39.77,41.08,102.2862913,4.35
2024-06-02 03:30:00,DC_2,18.15,61.48,52.84,88.66,801.59,20.65,46.48,37.84,80.34041304,9.38
2024-06-02 06:00:00,DC_2,22.6,41.86,46.42,73.01,660.66,23.1,30.0,31.42,69.28329373,5.1
2024-06-02 08:30:00,DC_2,26.08,49.43,49.32,60.99,691.55,26.08,34.43,34.32,58.7148547,3.73
2024-06-02 11:00:00,DC_2,22.13,56.85,61.45,115.48,1052.1,23.13,41.85,46.45,107.959989,6.51
2024-06-02 13:30:00,DC_2,24.64,63.79,55.16,103.94,970.24,24.64,48.79,40.16,97.60726463,6.09
2024-06-02 16:00:00,DC_2,22.81,62.01,58.38,139.45,1065.63,23.31,47.01,43.38,135.0702341,3.14
2024-06-02 18:30:00,DC_2,24.09,63.9,54.95,142.92,1173.94,24.09,48.9,39.95,137.4335832,3.84
2024-06-02 21:00:00,DC_2,17.73,67.83,63.48,161.73,1096.74,20.23,52.83,48.48,150.3855671,7.01
2024-06-02 23:30:00,DC_2,22.32,56.5,50.19,112.86,955.21,23.32,41.5,35.19,107.2143859,5.0
2024-06-03 02:00:00,DC_2,24.07,53.89,52.24,118.55,1106.56,24.07,38.89,37.24,114.1006974,3.75
2024-06-03 04:30:00,DC_2,22.85,50.43,43.46,67.26,662.26,23.35,35.43,30.0,65.36016362,2.82
2024-06-03 07:00:00,DC_2,21.97,61.88,52.87,72.47,708.59,23.47,46.88,37.87,66.97215852,7.59
2024-06-03 09:30:00,DC_2,22.6,62.81,48.76,96.1,922.87,23.1,47.81,33.76,90.45525589,5.87
2024-06-03 12:00:00,DC_2,25.59,60.11,55.52,136.22,1116.94,25.59,45.11,40.52,129.5230607,4.92
2024-06-03 14:30:00,DC_2,17.86,79.87,68.27,231.38,1258.5,20.36,64.87,53.27,213.8549629,7.57
2024-06-03 17:00:00,DC_2,23.94,73.03,67.17,314.67,1906.51,23.94,58.03,52.17,306.2019607,2.69
2024-06-03 19:30:00,DC_2,25.19,62.53,58.73,251.52,1777.04,25.19,47.53,43.73,245.7615322,2.29
2024-06-03 22:00:00,DC_2,24.13,71.47,59.07,129.22,1302.71,24.13,56.47,44.07,121.5462999,5.94
2024-06-04 00:30:00,DC_2,21.2,65.75,62.56,131.98,1014.72,23.2,50.75,47.56,121.8071061,7.71
2024-06-04 03:00:00,DC_2,22.83,53.85,46.47,70.28,752.23,23.33,38.85,31.47,64.77972264,7.83
2024-06-04 05:30:00,DC_2,21.25,49.54,48.78,80.37,795.49,23.25,34.54,33.78,73.61122549,8.41
2024-06-04 08:00:00,DC_2,22.1,56.98,59.41,91.45,780.1,23.1,41.98,44.41,86.34160779,5.59
2024-06-04 10:30:00,DC_2,22.56,57.78,53.26,98.09,879.99,23.06,42.78,38.26,94.35646945,3.81
2024-06-04 13:00:00,DC_2,22.8,61.43,50.8,144.5,1195.12,23.3,46.43,35.8,138.9436745,3.85
2024-06-04 15:30:00,DC_2,22.89,66.95,68.77,220.88,1584.7,23.39,51.95,53.77,213.8872061,3.17
2024-06-04 18:00:00,DC_2,21.46,75.35,74.19,279.83,1736.87,23.46,60.35,59.19,263.2470214,5.93
2024-06-04 20:30:00,DC_2,28.25,60.56,58.56,207.26,1624.09,28.25,45.56,43.56,201.4293642,2.81
2024-06-04 23:00:00,DC_2,20.12,65.03,67.31,168.33,1305.95,22.62,50.03,52.31,155.0843448,7.87
2024-06-05 01:30:00,DC_2,25.3,51.84,52.22,89.89,1119.85,25.3,36.84,37.22,86.09434976,4.22
2024-06-05 04:00:00,DC_2,23.72,46.03,48.04,72.81,820.59,23.72,31.03,33.04,68.06785887,6.51
2024-06-05 06:30:00,DC_2,28.08,39.69,51.07,53.67,725.55,28.08,30.0,36.07,51.4100887,4.21
2024-06-05 09:00:00,DC_2,24.41,47.75,48.21,72.52,728.04,24.41,32.75,33.21,68.12280731,6.06
2024-06-05 11:30:00,DC_2,23.46,61.95,60.2,148.23,1112.04,23.46,46.95,45.2,140.6509401,5.11
2024-06-05 14:00:00,DC_2,17.32,70.26,75.74,246.5,1270.17,19.82,55.26,60.74,227.2551619,7.81
2024-06-05 16:30:00,DC_2,24.35,60.93,54.76,199.94,1560.3,24.35,45.93,39.76,194.3663669,2.79
2024-06-05 19:00:00,DC_2,22.8,63.0,60.82,204.46,1552.86,23.3,48.0,45.82,198.0710199,3.12
2024-06-05 21:30:00,DC_2,22.13,75.99,61.31,229.58,1618.02,23.13,60.99,46.31,218.3942308,4.87
2024-06-06 00:00:00,DC_2,20.51,69.24,63.49,195.31,1384.79,23.01,54.24,48.49,180.2248327,7.72
2024-06-06 02:30:00,DC_2,23.85,53.72,42.4,86.43,923.7,23.85,38.72,30.0,82.54930897,4.49
2024-06-06 05:00:00,DC_2,28.68,53.86,47.04,53.13,746.84,28.68,38.86,32.04,48.28682885,9.12
2024-06-06 07:30:00,DC_2,24.37,45.41,44.09,49.96,677.35,24.37,30.41,30.0,46.50697189,6.91
2024-06-06 10:00:00,DC_2,25.28,54.6,47.07,90.59,859.82,25.28,39.6,32.07,86.0481378,5.01
2024-06-06 12:30:00,DC_2,22.42,68.54,54.09,154.92,1089.97,23.42,53.54,39.09,146.1313542,5.67
2024-06-06 15:00:00,DC_2,27.92,60.15,54.62,200.4,1473.07,27.92,45.15,39.62,194.6010857,2.89
2024-06-06 17:30:00,DC_2,24.52,65.8,61.72,212.77,1588.65,24.52,50.8,46.72,204.610718,3.83
2024-06-06 20:00:00,DC_2,24.09,59.83,64.56,198.66,1459.28,24.09,44.83,49.56,192.0859114,3.31
2024-06-06 22:30:00,DC_2,23.99,60.43,55.37,180.56,1445.26,23.99,45.43,40.37,175.4276599,2.84
2024-06-07 01:00:00,DC_2,22.62,54.33,53.44,123.51,1080.03,23.12,39.33,38.44,118.488659,4.07
2024-06-07 03:30:00,DC_2,22.91,59.24,51.61,107.65,958.28,23.41,44.24,36.61,101.4354829,5.77
2024-06-07 06:00:00,DC_2,24.67,49.56,42.32,80.73,853.11,24.67,34.56,30.0,75.85562425,6.04
2024-06-07 08:30:00,DC_2,21.18,57.98,53.07,93.63,752.32,23.18,42.98,38.07,86.17928932,7.96
2024-06-07 11:00:00,DC_2,21.87,57.64,55.74,92.46,939.87,23.37,42.64,40.74,85.98142216,7.01
2024-06-07 13:30:00,DC_2,21.92,66.5,58.98,160.31,1179.42,23.42,51.5,43.98,150.988503,5.81
2024-06-07 16:00:00,DC_2,21.05,69.28,66.81,281.01,1721.32,23.05,54.28,51.81,264.1094932,6.01
2024-06-07 18:30:00,DC_2,23.85,72.95,65.24,266.65,1675.59,23.85,57.95,50.24,258.0959586,3.21
2024-06-07 21:00:00,DC_2,25.33,64.51,59.26,197.18,1607.2,25.33,49.51,44.26,191.9989304,2.63
2024-06-07 23:30:00,DC_2,24.09,56.42,52.22,127.82,1232.65,24.09,41.42,37.22,123.1846302,3.63
2024-06-08 02:00:00,DC_2,23.45,55.775000000000006,43.24,87.87,818.59,23.45,33.82,30.0,84.42035224,3.93
2024-06-08 04:30:00,DC_2,22.39,54.46,48.44,67.31,742.79,23.39,39.46,33.44,62.36522383,7.35
2024-06-08 07:00:00,DC_2,23.28,48.15,48.3,67.78,730.59,23.28,33.15,33.3,62.91608597,7.18
2024-06-08 09:30:00,DC_2,21.06,48.85,54.41,97.54,769.88,23.06,33.85,39.41,90.12394953,7.6
2024-06-08 12:00:00,DC_2,24.87,54.73,50.84,88.47,781.48,24.87,39.73,35.84,82.66310434,6.56
2024-06-08 14:30:00,DC_2,24.0,58.25,57.46,132.45,1134.65,24.0,43.25,42.46,127.3561828,3.85
2024-06-08 17:00:00,DC_2,23.92,64.4,52.91,145.87,1173.61,23.92,49.4,37.91,139.0128799,4.7
2024-06-08 19:30:00,DC_2,23.31,61.25,51.27,122.71,1174.39,23.31,46.25,36.27,116.590484,4.99
2024-06-08 22:00:00,DC_2,22.76,60.68,50.95,109.57,1028.61,23.26,45.68,35.95,105.1831121,4.0
2024-06-09 00:30:00,DC_2,23.96,59.88,56.13,149.76,1389.97,23.96,44.88,41.13,145.4492772,2.88
2024-06-09 03:00:00,DC_2,23.62,54.43,40.3,54.68,784.35,23.62,39.43,30.0,50.44096721,7.75
2024-06-09 05:30:00,DC_2,25.98,43.05,49.19,58.71,733.24,25.98,30.0,34.19,55.48761712,5.49
2024-06-09 08:00:00,DC_2,22.65,54.75,51.2,58.62,657.88,23.15,39.75,36.2,52.30376283,10.77
2024-06-09 10:30:00,DC_2,23.27,59.48,53.99,83.91,741.77,23.27,44.48,38.99,79.33403583,5.45
2024-06-09 13:00:00,DC_2,24.49,59.78,52.92,119.05,1058.12,24.49,44.78,37.92,114.5789192,3.76
2024-06-09 15:30:00,DC_2,23.9,62.79,63.23,183.74,1499.42,23.9,47.79,48.23,176.4604018,3.96
2024-06-09 18:00:00,DC_2,21.02,63.27,55.61,153.08,1102.24,23.02,48.27,40.61,140.1569889,8.44
2024-06-09 20:30:00,DC_2,21.74,59.07,56.89,145.37,1177.47,23.24,44.07,41.89,135.9467016,6.48
2024-06-09 23:00:00,DC_2,22.85,57.04,55.53,88.57,931.32,23.35,42.04,40.53,81.24931491,8.27
2024-06-10 01:30:00,DC_2,24.0,56.34,44.59,90.56,931.43,24.0,41.34,30.0,85.09658182,6.03
2024-06-10 04:00:00,DC_2,23.07,58.13,52.0,68.12,717.47,23.07,43.13,37.0,63.80420218,6.34
2024-06-10 06:30:00,DC_2,24.63,53.71,43.29,68.35,797.61,24.63,38.71,30.0,62.24494768,8.93
2024-06-10 09:00:00,DC_2,24.08,57.68,53.81,85.09,851.2,24.08,42.68,38.81,78.75112149,7.45
2024-06-10 11:30:00,DC_2,22.96,57.57,50.33,118.26,994.31,23.46,42.57,35.33,114.6674592,3.04
2024-06-10 14:00:00,DC_2,23.95,59.06,55.11,144.72,1188.92,23.95,44.06,40.11,138.8078521,4.09
2024-06-10 16:30:00,DC_2,27.39,71.02,51.21,195.97,1498.05,27.39,56.02,43.61,188.3547165,3.89
2024-06-10 19:00:00,DC_2,22.0,65.0,60.78,228.88,1432.23,23.5,50.0,45.78,218.1612653,4.68
2024-06-10 21:30:00,DC_2,21.71,62.29,60.01,168.1,1325.31,23.21,47.29,45.01,159.0403017,5.39
2024-06-11 00:00:00,DC_2,23.77,49.72,54.78,124.4,1243.92,23.77,34.72,39.78,120.5476275,3.1
2024-06-11 02:30:00,DC_2,24.1,53.4,45.07,75.9,899.08,24.1,38.4,30.07,71.81692221,5.38
2024-06-11 05:00:00,DC_2,23.12,52.06,50.63,83.61,803.22,23.12,37.06,35.63,79.18344177,5.29
2024-06-11 07:30:00,DC_2,22.85,52.88,56.33,83.76,779.54,23.35,37.88,41.33,78.24556425,6.58
2024-06-11 10:00:00,DC_2,21.06,59.18,49.19,108.98,920.66,23.06,44.18,34.19,100.834091,7.47
2024-06-11 12:30:00,DC_2,22.65,65.35,55.21,162.42,1277.74,23.15,50.35,40.21,155.244497,4.42
2024-06-11 15:00:00,DC_2,20.96,65.15,71.85,220.19,1438.25,23.46,50.15,56.85,204.3569537,7.19
2024-06-11 17:30:00,DC_2,22.82,64.6,68.2,204.43,1530.29,22.82,56.6,53.2,198.8039525,2.75
2024-06-11 20:00:00,DC_2,23.79,67.84,56.8,203.54,1472.22,23.79,52.84,41.8,197.7657514,2.84
2024-06-11 22:30:00,DC_2,24.03,62.2,59.49,193.89,1554.26,24.03,47.2,44.49,188.9894277,2.53
2024-06-12 01:00:00,DC_2,23.4,52.45,51.53,95.76,941.73,23.4,37.45,36.53,90.45517112,5.54
2024-06-12 03:30:00,DC_2,23.79,49.95,46.07,77.18,846.59,23.79,34.95,31.07,75.02757626,2.79
2024-06-12 06:00:00,DC_2,23.98,54.14,54.19,63.77,643.43,23.98,39.14,39.19,59.56114714,6.6
2024-06-12 08:30:00,DC_2,20.12,58.8,60.4,89.15,754.65,22.62,43.8,45.4,80.88479564,9.27
2024-06-12 11:00:00,DC_2,25.84,54.45,55.14,123.25,998.58,25.84,39.45,40.14,116.9520437,5.11
2024-06-12 13:30:00,DC_2,21.85,74.43,64.47,233.7,1328.9,23.35,59.43,49.47,221.9648852,5.02
2024-06-12 16:00:00,DC_2,23.96,73.52,70.09,274.49,1831.9,23.96,58.52,55.09,267.5261364,2.54
2024-06-12 18:30:00,DC_2,24.4,70.91,64.12,193.65,1415.1,24.4,55.91,49.12,185.140739,4.39
2024-06-12 21:00:00,DC_2,21.82,63.5,60.64,215.34,1519.31,23.32,48.5,45.64,201.9833637,6.2
2024-06-12 23:30:00,DC_2,24.96,50.69,49.75,132.27,1292.26,24.96,35.69,34.75,127.4764834,3.62
2024-06-13 02:00:00,DC_2,22.0,50.36,49.19,96.91,917.09,23.0,35.36,34.19,92.73999491,4.3
2024-06-13 04:30:00,DC_2,22.11,55.67,50.95,104.4,913.7,23.11,40.67,35.95,96.29637437,7.76
2024-06-13 07:00:00,DC_2,20.8,56.23,43.49,74.92,675.04,23.3,41.23,30.0,68.41354201,8.68
2024-06-13 09:30:00,DC_2,24.35,50.65,49.91,83.33,847.1,24.35,35.65,34.91,78.82666624,5.4
2024-06-13 12:00:00,DC_2,16.72,67.89,69.9,160.96,1083.3,19.22,52.89,54.9,149.3666148,7.2
2024-06-13 14:30:00,DC_2,22.57,65.84,62.34,187.16,1315.7,23.07,50.84,47.34,179.545495,4.07
2024-06-13 17:00:00,DC_2,22.96,69.93,77.39,265.15,1785.89,23.46,54.93,62.39,256.51335,3.26
2024-06-13 19:30:00,DC_2,21.86,73.1,56.77,209.79,1546.76,23.36,58.1,41.77,198.7683377,5.25
2024-06-13 22:00:00,DC_2,23.46,54.52,59.74,129.84,1206.63,23.46,39.52,44.74,126.0885121,2.89
2024-06-14 00:30:00,DC_2,23.08,56.76,53.24,115.85,1152.37,23.08,41.76,38.24,111.570074,3.69
2024-06-14 03:00:00,DC_2,23.17,53.33,48.35,90.67,881.93,23.17,38.33,33.35,87.53837404,3.45
2024-06-14 05:30:00,DC_2,21.9,54.99,49.3,85.62,720.0,23.4,39.99,34.3,78.07328456,8.81
2024-06-14 08:00:00,DC_2,22.07,56.73,50.28,73.97,743.84,23.07,41.73,35.28,68.62099882,7.23
2024-06-14 10:30:00,DC_2,24.86,51.79,50.67,94.75,853.88,24.86,36.79,35.67,89.4665855,5.58
2024-06-14 13:00:00,DC_2,21.31,67.45,68.48,166.04,1226.18,23.31,52.45,53.48,154.4479523,6.98
2024-06-14 15:30:00,DC_2,22.75,62.4,63.35,201.36,1347.19,23.25,47.4,48.35,194.8482574,3.23
2024-06-14 18:00:00,DC_2,25.04,71.98,66.48,283.87,1917.45,25.04,56.98,51.48,277.6841051,2.18
2024-06-14 20:30:00,DC_2,22.89,71.37,62.38,197.55,1517.1,23.39,56.37,47.38,188.7786862,4.44
2024-06-14 23:00:00,DC_2,22.25,69.02,64.46,174.38,1529.56,23.25,54.02,49.46,164.5776622,5.62
2024-06-15 01:30:00,DC_2,22.68,58.64,57.32,83.84,901.83,23.18,43.64,42.32,77.98847876,6.98
2024-06-15 04:00:00,DC_2,21.86,66.87,53.44,117.74,1049.76,23.36,51.87,38.44,108.7049573,7.67
2024-06-15 06:30:00,DC_2,23.82,53.02,48.2,71.25,768.43,23.82,38.02,33.2,68.53689356,3.81
2024-06-15 09:00:00,DC_2,24.48,49.43,42.76,63.22,688.15,24.48,34.43,30.0,59.15850939,6.42
2024-06-15 11:30:00,DC_2,16.49,64.1,64.25,141.13,892.29,18.99,49.1,49.25,128.6541995,8.84
2024-06-15 14:00:00,DC_2,22.78,59.06,63.81,135.62,908.9,23.28,44.06,48.81,129.0723615,4.83
2024-06-15 16:30:00,DC_2,19.5,65.91,59.88,156.18,1234.96,22.0,50.91,44.88,142.956999,8.47
2024-06-15 19:00:00,DC_2,23.14,56.53,50.22,150.69,1199.14,23.14,41.53,35.22,147.0052868,2.45
2024-06-15 21:30:00,DC_2,21.68,72.94,64.89,261.09,1808.28,23.18,57.94,49.89,247.3213527,5.27
2024-06-16 00:00:00,DC_2,23.87,60.32,57.82,134.99,1213.17,23.87,45.32,42.82,129.7058385,3.91
2024-06-16 02:30:00,DC_2,23.77,47.57,42.71,88.56,878.68,23.77,32.57,30.0,84.63657333,4.43
2024-06-16 05:00:00,DC_2,24.26,57.19,55.23,69.85,724.16,24.26,42.19,40.23,65.2338781,6.61
2024-06-16 07:30:00,DC_2,18.16,63.62,58.43,91.28,696.72,20.66,48.62,43.43,83.10743597,8.95
2024-06-16 10:00:00,DC_2,20.52,55.32,55.37,107.05,719.74,23.02,40.32,40.37,97.47539904,8.94
2024-06-16 12:30:00,DC_2,22.89,57.24,54.93,110.73,917.68,23.39,42.24,39.93,106.4958125,3.82
2024-06-16 15:00:00,DC_2,21.22,62.63,65.87,194.97,1162.24,23.22,47.63,50.87,181.4342029,6.94
2024-06-16 17:30:00,DC_2,21.75,65.86,61.47,178.81,1223.64,23.25,50.86,46.47,169.1010627,5.43
2024-06-16 20:00:00,DC_2,23.42,62.05,51.37,142.96,1129.16,23.42,47.05,36.37,137.3704328,3.91
2024-06-16 22:30:00,DC_2,22.84,61.38,62.82,125.14,1052.15,23.34,46.38,47.82,117.3470287,6.23
2024-06-17 01:00:00,DC_2,22.7,51.94,53.06,129.22,1132.72,23.2,36.94,38.06,123.9796302,4.06
2024-06-17 03:30:00,DC_2,27.09,50.53,44.27,80.35,948.91,27.09,42.53,30.0,77.38708284,3.69
2024-06-17 06:00:00,DC_2,21.32,57.56,55.27,108.16,874.22,23.32,42.56,40.27,99.56802601,7.94
2024-06-17 08:30:00,DC_2,21.87,58.86,46.56,78.88,696.71,23.37,43.86,31.56,72.60238456,7.96
2024-06-17 11:00:00,DC_2,24.15,60.24,50.29,108.71,905.94,24.15,45.24,35.29,104.0873565,4.25
2024-06-17 13:30:00,DC_2,21.81,60.75,61.39,109.17,1039.58,23.31,45.75,46.39,101.5191452,7.01
2024-06-17 16:00:00,DC_2,22.91,72.71,67.54,280.45,1825.19,23.41,57.71,52.54,273.1791044,2.59
2024-06-17 18:30:00,DC_2,26.71,59.71,54.98,181.58,1607.08,26.71,44.71,39.98,176.0612188,3.04
2024-06-17 21:00:00,DC_2,22.74,63.46,57.68,158.34,1351.79,23.24,48.46,42.68,152.5992158,3.63
2024-06-17 23:30:00,DC_2,28.74,50.27,53.83,131.01,1276.23,28.74,35.27,38.83,124.6654352,4.84
2024-06-18 02:00:00,DC_2,21.71,58.1,56.14,97.56,957.35,23.21,43.1,41.14,90.48575254,7.25
2024-06-18 04:30:00,DC_2,27.06,50.98,42.71,59.02,759.7,27.06,35.98,30.0,55.16745854,6.53
2024-06-18 07:00:00,DC_2,24.21,48.15,38.63,72.61,672.36,24.21,33.15,30.0,67.33526648,7.26
2024-06-18 09:30:00,DC_2,21.26,64.96,51.61,92.34,783.48,23.26,49.96,36.61,83.87944381,9.16
2024-06-18 12:00:00,DC_2,23.13,60.61,54.75,122.89,1066.55,23.13,45.61,39.75,116.8556319,4.91
2024-06-18 14:30:00,DC_2,25.23,56.26,56.76,120.87,1185.71,25.23,41.26,41.76,115.7229105,4.26
2024-06-18 17:00:00,DC_2,21.38,78.43,67.61,330.3,1795.14,23.38,63.43,52.61,312.0919937,5.51
2024-06-18 19:30:00,DC_2,23.46,72.87,69.39,255.93,1691.66,23.46,57.87,54.39,249.1555897,2.65
2024-06-18 22:00:00,DC_2,22.03,66.11,64.33,208.67,1339.95,23.03,51.11,49.33,197.9621018,5.13
2024-06-19 00:30:00,DC_2,22.39,57.95,56.2,131.1,1155.48,23.39,42.95,41.2,125.524912,4.25
2024-06-19 03:00:00,DC_2,23.25,48.59,52.23,99.59,998.58,23.25,33.59,37.23,95.96078234,3.64
2024-06-19 05:30:00,DC_2,22.62,52.8,37.68,80.21,736.35,23.12,37.8,30.0,75.98477273,5.27
2024-06-19 08:00:00,DC_2,23.38,56.42,48.13,87.29,784.54,23.38,41.42,33.13,82.00374458,6.06
2024-06-19 10:30:00,DC_2,27.53,48.52,46.83,84.98,942.71,27.53,33.52,31.83,79.84470758,6.04
2024-06-19 13:00:00,DC_2,23.42,60.65,56.91,121.88,1012.62,23.42,45.65,41.91,116.3378174,4.55
2024-06-19 15:30:00,DC_2,23.54,68.72,67.25,240.54,1478.48,23.54,53.72,52.25,230.7453731,4.07
2024-06-19 18:00:00,DC_2,24.12,68.2,69.85,270.04,1746.96,24.12,53.2,54.85,262.6250522,2.75
2024-06-19 20:30:00,DC_2,23.52,72.43,63.0,215.9,1616.13,23.52,57.43,48.0,207.0678914,4.09
2024-06-19 23:00:00,DC_2,22.82,66.48,51.21,182.52,1388.22,23.32,51.48,52.76,173.4824704,4.95
2024-06-20 01:30:00,DC_2,22.82,58.29,49.8,106.81,994.4,23.32,43.29,34.8,101.4918787,4.98
2024-06-20 04:00:00,DC_2,22.99,52.28,47.3,88.97,854.19,23.49,37.28,32.3,85.60021051,3.79
2024-06-20 06:30:00,DC_2,23.2,56.07,53.04,80.15,758.77,23.2,41.07,38.04,75.92866529,5.27
2024-06-20 09:00:00,DC_2,23.42,50.6,43.77,75.76,722.65,23.42,35.6,30.0,70.38817698,7.09
2024-06-20 11:30:00,DC_2,21.36,59.49,54.93,127.41,981.44,23.36,44.49,39.93,116.9581264,8.2
2024-06-20 14:00:00,DC_2,24.85,65.95,55.72,152.19,1162.11,24.85,50.95,40.72,145.9369376,4.11
2024-06-20 16:30:00,DC_2,22.39,64.65,60.44,199.04,1552.65,23.39,49.65,45.44,190.930207,4.07
2024-06-20 19:00:00,DC_2,23.68,65.29,64.99,215.18,1443.52,23.68,50.29,49.99,207.8883575,3.39
2024-06-20 21:30:00,DC_2,23.93,54.0,60.06,167.54,1332.75,23.93,39.0,45.06,160.7423757,4.06
2024-06-21 00:00:00,DC_2,21.86,70.6,63.57,228.36,1598.11,23.36,55.6,48.57,216.1570914,5.34
2024-06-21 02:30:00,DC_2,24.05,52.36,51.19,94.23,926.24,24.05,37.36,36.19,90.05026049,4.44
2024-06-21 05:00:00,DC_2,22.63,53.52,45.83,76.8,793.73,23.13,38.52,30.83,72.3289836,5.82
2024-06-21 07:30:00,DC_2,23.4,55.13,42.81,73.69,750.17,23.4,55.13,30.0,70.97840026,3.68
2024-06-21 10:00:00,DC_2,22.56,57.7,49.62,104.59,850.38,23.06,42.7,34.62,99.37070427,4.99
2024-06-21 12:30:00,DC_2,24.59,55.36,55.15,112.32,1012.36,24.59,40.36,40.15,109.0723694,2.89
2024-06-21 15:00:00,DC_2,26.43,66.61,59.91,208.19,1546.28,26.43,51.61,44.91,200.7009085,3.6
2024-06-21 17:30:00,DC_2,28.4,71.77,72.0,304.73,1830.21,28.4,56.77,57.0,295.3727129,3.07
2024-06-21 20:00:00,DC_2,21.65,76.28,67.32,208.79,1371.5,23.15,61.28,52.32,196.5119646,5.88
2024-06-21 22:30:00,DC_2,23.18,60.45,65.62,185.74,1409.78,23.18,45.45,50.62,180.6308124,2.75
2024-06-22 01:00:00,DC_2,22.13,59.1,57.78,139.02,1204.03,23.13,44.1,42.78,130.3126297,6.26
2024-06-22 03:30:00,DC_2,22.27,56.17,48.8,69.44,759.36,23.27,41.17,33.8,64.1375814,7.64
2024-06-22 06:00:00,DC_2,22.4,48.72,43.2,69.19,676.81,23.4,33.72,30.0,64.14612187,7.29
2024-06-22 08:30:00,DC_2,26.42,57.16,50.59,98.34,1046.89,26.42,42.16,35.59,93.80793362,4.61
2024-06-22 11:00:00,DC_2,23.43,57.32,54.05,88.19,893.02,23.43,42.32,39.05,84.78240158,3.86
2024-06-22 13:30:00,DC_2,22.82,61.78,53.36,121.96,992.26,23.32,46.78,38.36,114.9582306,5.74
2024-06-22 16:00:00,DC_2,22.56,70.24,56.94,158.13,999.44,23.06,55.24,41.94,148.3909036,6.16
2024-06-22 18:30:00,DC_2,23.52,61.78,47.38,122.46,976.84,23.52,46.78,32.38,116.8916717,4.55
2024-06-22 21:00:00,DC_2,21.85,65.16,58.61,131.91,1108.15,23.35,50.16,43.61,121.8760058,7.61
2024-06-22 23:30:00,DC_2,24.08,51.42,42.58,90.37,924.46,24.08,36.42,30.0,86.5922108,4.18
2024-06-23 02:00:00,DC_2,21.91,63.2,49.13,91.93,833.37,23.41,48.2,34.13,83.72733665,8.92
2024-06-23 04:30:00,DC_2,22.82,55.97,50.76,76.32,794.41,23.32,40.97,35.76,71.51315378,6.3
2024-06-23 07:00:00,DC_2,21.15,52.16,50.27,89.59,735.54,23.15,37.16,35.27,83.28019206,7.04
2024-06-23 09:30:00,DC_2,22.61,55.46,49.05,81.41,749.05,23.11,40.46,34.05,77.41960701,4.9
2024-06-23 12:00:00,DC_2,24.79,53.03,55.53,101.87,910.86,24.79,38.03,40.53,95.1480823,6.6
2024-06-23 14:30:00,DC_2,21.98,60.6,74.0,193.39,1215.31,23.48,45.6,59.0,183.2376448,5.25
2024-06-23 17:00:00,DC_2,23.66,58.93,65.97,144.4,1285.29,23.66,43.93,50.97,138.5839891,4.03
2024-06-23 19:30:00,DC_2,22.32,69.62,67.58,200.18,1517.18,23.32,54.62,52.58,189.9682778,5.1
2024-06-23 22:00:00,DC_2,22.45,56.84,63.17,125.16,1098.69,23.45,41.84,48.17,118.3338095,5.45
2024-06-24 00:30:00,DC_2,22.27,62.62,60.98,149.37,1166.45,23.27,47.62,45.98,143.3070454,4.06
2024-06-24 03:00:00,DC_2,23.07,51.59,46.65,82.58,864.45,23.07,36.59,31.65,77.48894186,6.17
2024-06-24 05:30:00,DC_2,23.74,48.2,43.96,67.75,699.25,23.74,33.2,30.0,63.97023492,5.58
2024-06-24 08:00:00,DC_2,23.99,50.37,41.29,73.22,761.25,23.99,35.37,30.0,70.51630062,3.69
2024-06-24 10:30:00,DC_2,22.65,53.56,59.59,85.31,837.58,23.15,38.56,44.59,80.53712073,5.59
2024-06-24 13:00:00,DC_2,22.11,67.18,56.38,172.16,1114.97,23.11,52.18,41.38,161.8386856,6.0
2024-06-24 15:30:00,DC_2,22.46,73.41,58.45,221.22,1405.58,23.46,58.41,43.45,212.3577768,4.01
2024-06-24 18:00:00,DC_2,23.89,72.82,63.77,299.25,1854.49,23.89,57.82,48.77,292.511828,2.25
2024-06-24 20:30:00,DC_2,21.47,71.62,72.07,220.84,1494.96,23.47,56.62,57.07,207.5819415,6.0
2024-06-24 23:00:00,DC_2,22.75,63.92,53.62,153.29,1298.08,23.25,48.92,38.62,148.6083661,3.05
2024-06-25 01:30:00,DC_2,25.64,50.5,46.27,86.96,972.43,25.64,35.5,31.27,84.15957148,3.22
2024-06-25 04:00:00,DC_2,27.9,48.8,44.38,77.07,889.8,27.9,33.8,30.0,70.78607302,8.15
2024-06-25 06:30:00,DC_2,23.09,51.27,56.7,65.55,728.0,23.09,36.27,41.7,60.01380717,8.45
2024-06-25 09:00:00,DC_2,20.2,52.9,59.3,77.15,765.72,22.7,37.9,44.3,69.71135565,9.64
2024-06-25 11:30:00,DC_2,21.79,56.88,58.59,158.95,1160.85,23.29,41.88,43.59,151.3897326,4.76
2024-06-25 14:00:00,DC_2,23.1,67.43,60.76,212.24,1447.49,23.1,52.43,45.76,206.1203887,2.88
2024-06-25 16:30:00,DC_2,25.34,64.88,67.12,255.55,1743.64,25.34,49.88,52.12,249.7543465,2.27
2024-06-25 19:00:00,DC_2,22.84,76.88,60.84,211.07,1460.93,23.34,61.88,45.84,203.6263893,3.53
2024-06-25 21:30:00,DC_2,24.4,67.35,61.94,198.13,1661.06,24.4,52.35,46.94,188.1035947,5.06
2024-06-26 00:00:00,DC_2,23.8,58.61,56.42,95.73,1127.95,23.8,43.61,41.42,90.68028521,5.27
2024-06-26 02:30:00,DC_2,22.64,55.61,48.11,98.82,916.07,23.14,40.61,33.11,94.78312424,4.09
2024-06-26 05:00:00,DC_2,21.19,64.34,46.84,79.13,694.06,23.19,49.34,31.84,70.84763978,10.47
2024-06-26 07:30:00,DC_2,23.23,46.54,41.75,69.04,743.38,23.23,31.54,30.0,65.85432463,4.61
2024-06-26 10:00:00,DC_2,22.38,59.49,55.63,123.1,1091.24,23.38,44.49,40.63,118.8256872,3.47
2024-06-26 12:30:00,DC_2,23.56,62.75,51.94,153.89,1140.9,23.56,47.75,36.94,147.8219873,3.94
2024-06-26 15:00:00,DC_2,21.35,69.93,64.59,228.65,1478.25,23.35,54.93,49.59,215.3393217,5.82
2024-06-26 17:30:00,DC_2,24.5,74.14,58.51,241.47,1612.64,24.5,59.14,43.51,235.799063,2.35
2024-06-26 20:00:00,DC_2,21.16,68.81,70.22,194.04,1348.59,23.16,53.81,55.22,181.3482324,6.54
2024-06-26 22:30:00,DC_2,22.6,62.62,55.76,162.58,1460.33,23.1,47.62,40.76,156.5796521,3.69
2024-06-27 01:00:00,DC_2,22.65,59.32,55.01,107.2,1045.59,23.15,44.32,40.01,99.83994263,6.87
2024-06-27 03:30:00,DC_2,23.66,53.3,49.75,80.4,857.98,23.66,38.3,34.75,75.98882245,5.49
2024-06-27 06:00:00,DC_2,22.28,61.1,54.22,122.6,1029.29,23.28,46.1,39.22,116.1724189,5.24
2024-06-27 08:30:00,DC_2,22.83,55.72,53.98,78.93,816.7,23.33,40.72,38.98,74.03790436,6.2
2024-06-27 11:00:00,DC_2,22.82,53.83,54.19,102.73,931.03,23.32,38.83,39.19,97.62310547,4.97
2024-06-27 13:30:00,DC_2,23.62,63.45,63.78,178.51,1306.39,23.62,48.45,48.78,172.9957106,3.09
2024-06-27 16:00:00,DC_2,20.94,69.13,67.4,244.07,1499.27,23.44,54.13,52.4,227.5296846,6.78
2024-06-27 18:30:00,DC_2,23.15,73.92,59.79,217.76,1498.65,23.15,58.92,44.79,209.3615147,3.86
2024-06-27 21:00:00,DC_2,22.2,64.8,59.92,195.47,1580.83,23.2,49.8,44.92,185.5480017,5.08
2024-06-27 23:30:00,DC_2,22.02,64.77,64.72,246.19,1717.46,23.02,49.77,49.72,237.4010827,3.57
2024-06-28 02:00:00,DC_2,21.98,58.95,57.95,140.81,1029.35,23.48,43.95,42.95,133.3046972,5.33
2024-06-28 04:30:00,DC_2,23.74,46.38,49.58,82.18,938.55,23.74,31.38,34.58,80.3863854,2.18
2024-06-28 07:00:00,DC_2,23.05,55.775000000000006,50.81,80.09,754.64,23.05,39.62,35.81,75.64645278,5.55
2024-06-28 09:30:00,DC_2,23.93,52.41,47.1,87.35,795.26,23.93,37.41,32.1,83.04392086,4.93
2024-06-28 12:00:00,DC_2,18.11,71.59,60.8,194.02,1075.01,20.61,56.59,45.8,176.9856846,8.78
2024-06-28 14:30:00,DC_2,16.98,69.47,74.71,222.16,1240.99,19.48,54.47,59.71,204.7249456,7.85
2024-06-28 17:00:00,DC_2,20.77,84.04,69.97,305.47,1794.69,23.27,69.04,54.97,282.843327,7.41
2024-06-28 19:30:00,DC_2,22.97,65.31,68.36,198.83,1456.92,23.47,50.31,53.36,191.0208059,3.93
2024-06-28 22:00:00,DC_2,23.81,63.17,54.01,165.41,1371.02,23.81,48.17,39.01,159.7470332,3.42
2024-06-29 00:30:00,DC_2,17.35,65.55,54.76,134.11,920.51,19.85,50.55,39.76,123.2879749,8.07
2024-06-29 03:00:00,DC_2,22.22,54.66,45.6,66.92,716.18,23.22,39.66,30.6,62.3831803,6.78
2024-06-29 05:30:00,DC_2,21.63,55.56,44.8,74.87,693.67,23.13,40.56,30.0,68.03208196,9.13
2024-06-29 08:00:00,DC_2,27.04,50.56,39.29,63.43,703.78,27.04,35.56,30.0,59.66536872,5.94
2024-06-29 10:30:00,DC_2,22.15,57.18,51.21,84.14,711.9,23.15,42.18,40.75,76.46975282,9.12
2024-06-29 13:00:00,DC_2,22.91,60.08,56.4,112.01,943.61,23.41,45.08,41.4,106.722996,4.72
2024-06-29 15:30:00,DC_2,21.65,65.62,62.66,125.28,1012.54,23.15,50.62,47.66,114.9675844,8.23
2024-06-29 18:00:00,DC_2,23.28,59.19,62.63,159.73,1241.48,23.28,44.19,47.63,153.1229419,4.14
2024-06-29 20:30:00,DC_2,26.89,54.48,48.04,117.27,1076.73,26.89,39.48,33.04,113.7628551,2.99
2024-06-29 23:00:00,DC_2,22.38,62.2,60.79,134.21,1208.09,23.38,47.2,45.79,126.8204817,5.51
2024-06-30 01:30:00,DC_2,17.54,69.18,59.65,164.75,1151.49,20.04,54.18,44.65,150.9680755,8.37
2024-06-30 04:00:00,DC_2,23.37,49.2,50.42,83.89,787.03,23.37,34.2,35.42,79.9141014,4.74
2024-06-30 06:30:00,DC_2,24.05,54.03,39.95,66.88,647.6,24.05,39.03,30.0,63.41492865,5.18
2024-06-30 09:00:00,DC_2,20.84,55.07,54.8,72.6,692.22,23.34,40.07,39.8,64.50163975,11.15
2024-06-30 11:30:00,DC_2,22.21,55.15,51.24,91.03,771.71,23.21,40.15,36.24,85.07032476,6.55
2024-06-30 14:00:00,DC_2,23.64,55.22,58.13,113.38,994.79,23.64,40.22,43.13,108.9531208,3.9
2024-06-30 16:30:00,DC_2,26.63,56.53,59.86,123.93,1114.36,26.63,41.53,44.86,118.3120086,4.53
2024-06-30 19:00:00,DC_2,23.68,54.53,56.38,132.82,998.82,23.68,39.53,41.38,128.306456,3.4
2024-06-30 21:30:00,DC_2,24.36,65.04,54.64,133.34,1053.08,24.36,50.04,39.64,126.8208443,4.89
2024-07-01 00:00:00,DC_2,24.17,59.97,58.12,170.12,1413.22,24.17,44.97,43.12,165.8656464,2.5
2024-07-01 02:30:00,DC_2,23.5,63.9,50.18,158.58,1249.95,23.5,48.9,35.18,151.3986891,4.53
2024-07-01 05:00:00,DC_2,22.2,55.81,55.44,103.47,925.97,23.2,40.81,40.44,98.55920038,4.75
2024-07-01 07:30:00,DC_2,24.22,46.8,40.76,67.67,750.95,24.22,31.8,30.0,65.04638541,3.88
2024-07-01 10:00:00,DC_2,16.69,61.6,61.48,176.99,973.51,19.19,46.6,46.48,163.2473105,7.76
2024-07-01 12:30:00,DC_2,22.16,59.7,61.71,136.68,1179.08,23.16,44.7,46.71,127.8581217,6.45
2024-07-01 15:00:00,DC_2,25.08,66.19,57.47,185.33,1326.11,25.08,51.19,42.47,179.653076,3.06
2024-07-01 17:30:00,DC_2,23.71,74.76,70.02,285.78,1820.17,23.71,59.76,55.02,278.9426791,2.39
2024-07-01 20:00:00,DC_2,21.89,77.53,65.74,222.69,1521.32,23.39,62.53,50.74,209.5177232,5.92
2024-07-01 22:30:00,DC_2,26.86,62.88,53.7,148.15,1425.16,26.86,47.88,38.7,143.0860656,3.42
2024-07-02 01:00:00,DC_2,23.27,55.47,55.06,117.7,1043.08,23.27,40.47,40.06,111.8761205,4.95
2024-07-02 03:30:00,DC_2,22.97,59.39,48.74,104.5,949.02,23.47,44.39,33.74,100.8087806,3.53
2024-07-02 06:00:00,DC_2,25.13,43.78,42.48,68.41,721.91,25.13,30.0,30.0,64.87948784,5.16
2024-07-02 08:30:00,DC_2,21.07,62.47,54.1,113.55,1122.78,23.07,47.47,39.1,103.4105497,8.93
2024-07-02 11:00:00,DC_2,19.54,63.51,59.97,139.25,964.19,22.04,48.51,44.97,127.0662606,8.75
2024-07-02 13:30:00,DC_2,21.64,71.05,58.39,188.7,1285.5,23.14,56.05,43.39,176.4491488,6.49
2024-07-02 16:00:00,DC_2,22.67,69.26,62.43,225.76,1539.26,23.17,54.26,47.43,218.2918109,3.31
2024-07-02 18:30:00,DC_2,22.23,69.34,68.15,225.66,1656.65,23.23,54.34,53.15,217.1399174,3.78
2024-07-02 21:00:00,DC_2,21.54,70.99,64.75,217.12,1449.94,23.04,55.99,49.75,205.8359789,5.2
2024-07-02 23:30:00,DC_2,25.49,58.9,49.11,123.53,1280.48,25.49,43.9,34.11,120.3710068,2.56
2024-07-03 02:00:00,DC_2,22.73,58.93,51.43,106.95,1022.08,23.23,43.93,36.43,99.20046188,7.25
2024-07-03 04:30:00,DC_2,22.89,53.62,51.62,85.39,830.59,23.39,38.62,36.62,81.20551502,4.9
2024-07-03 07:00:00,DC_2,23.43,53.38,46.75,75.93,754.99,23.43,38.38,31.75,70.32731405,7.38
2024-07-03 09:30:00,DC_2,22.24,48.63,49.36,85.55,815.86,23.24,33.63,34.36,79.21604122,7.4
2024-07-03 12:00:00,DC_2,20.55,62.86,67.6,169.12,1219.22,23.05,47.86,52.6,155.5016113,8.05
2024-07-03 14:30:00,DC_2,23.56,55.73,56.71,170.2,1315.43,23.56,40.73,41.71,164.8331563,3.15
2024-07-03 17:00:00,DC_2,23.81,74.97,57.58,209.49,1501.37,23.81,59.97,42.58,202.936378,3.13
2024-07-03 19:30:00,DC_2,22.35,67.94,60.21,235.15,1595.25,23.35,52.94,45.21,226.8586714,3.53
2024-07-03 22:00:00,DC_2,22.71,68.75,58.16,197.2,1432.1,23.21,53.75,43.16,191.2429393,3.02
2024-07-04 00:30:00,DC_2,21.01,60.63,62.16,172.36,1237.31,23.01,45.63,47.16,161.5144089,6.29
2024-07-04 03:00:00,DC_2,24.62,59.98,46.51,111.26,1037.59,24.62,44.98,31.51,107.2158169,3.63
2024-07-04 05:30:00,DC_2,23.06,54.1,51.96,71.06,833.34,23.06,39.1,36.96,67.55583444,4.93
2024-07-04 08:00:00,DC_2,24.63,58.6,47.46,77.47,700.5,24.63,43.6,32.46,69.68060127,10.05
2024-07-04 10:30:00,DC_2,23.98,55.34,48.66,77.1,913.83,23.98,40.34,33.66,72.4661937,6.01
2024-07-04 13:00:00,DC_2,16.58,72.96,70.46,206.77,1093.43,19.08,57.96,55.46,189.9903129,8.12
2024-07-04 15:30:00,DC_2,28.0,57.14,65.47,156.54,1497.87,28.0,42.14,50.47,151.3307034,3.33
2024-07-04 18:00:00,DC_2,23.66,72.64,58.18,270.87,1889.94,23.66,57.64,43.18,265.8176246,1.87
2024-07-04 20:30:00,DC_2,22.79,61.6,56.81,153.32,1208.91,23.29,46.6,41.81,147.2223543,3.98
2024-07-04 23:00:00,DC_2,24.03,63.2,56.35,150.95,1416.03,24.03,48.2,41.35,145.3555341,3.71
2024-07-05 01:30:00,DC_2,26.56,45.93,54.28,70.03,948.92,26.56,30.93,39.28,65.61487015,6.3
2024-07-05 04:00:00,DC_2,23.85,55.85,49.46,77.94,894.75,23.85,40.85,34.46,72.86001155,6.52
2024-07-05 06:30:00,DC_2,23.69,50.02,43.35,54.85,778.13,23.69,35.02,30.0,50.2889263,8.32
2024-07-05 09:00:00,DC_2,22.98,57.81,51.51,91.2,761.88,23.48,42.81,36.51,85.29404994,6.48
2024-07-05 11:30:00,DC_2,21.58,64.67,54.74,149.29,987.36,23.08,49.67,39.74,138.8693276,6.98
2024-07-05 14:00:00,DC_2,22.76,54.99,53.86,153.92,1170.64,23.26,39.99,38.86,147.3078365,4.3
2024-07-05 16:30:00,DC_2,24.67,71.88,59.35,186.23,1626.1,24.67,56.88,44.35,179.435691,3.65
2024-07-05 19:00:00,DC_2,24.3,71.3,62.31,204.15,1470.77,24.3,56.3,47.31,197.0412906,3.48
2024-07-05 21:30:00,DC_2,28.8,71.07,66.6,306.39,2083.97,28.8,56.07,51.6,298.4256455,2.6
2024-07-06 00:00:00,DC_2,24.0,54.79,54.31,93.04,951.65,24.0,39.79,39.31,89.28105163,4.04
2024-07-06 02:30:00,DC_2,20.58,57.09,53.94,97.63,879.92,23.08,42.09,38.94,89.22994491,8.6
2024-07-06 05:00:00,DC_2,23.98,47.19,41.59,70.33,738.72,23.98,32.19,30.0,67.03890548,4.68
2024-07-06 07:30:00,DC_2,23.35,45.12,54.66,66.37,710.89,23.35,30.12,39.66,61.94277881,6.67
2024-07-06 10:00:00,DC_2,18.12,66.18,54.17,111.63,767.4,20.62,51.18,39.17,100.4632609,10.0
2024-07-06 12:30:00,DC_2,23.37,60.18,53.59,130.39,1015.71,23.37,45.18,38.59,125.4657822,3.78
2024-07-06 15:00:00,DC_2,24.26,58.09,51.17,137.19,1121.33,24.26,43.09,36.17,132.2002862,3.64
2024-07-06 17:30:00,DC_2,27.71,60.16,56.32,128.35,1049.72,27.71,45.16,41.32,123.0156552,4.16
2024-07-06 20:00:00,DC_2,16.86,72.5,75.81,285.47,1511.46,19.36,57.5,60.81,265.8962076,6.86
2024-07-06 22:30:00,DC_2,23.57,60.62,55.41,113.68,999.18,23.57,45.62,40.41,108.8198091,4.28
2024-07-07 01:00:00,DC_2,23.31,59.82,55.92,96.48,938.82,23.31,44.82,40.92,90.08742598,6.63
2024-07-07 03:30:00,DC_2,23.67,54.83,45.29,70.63,771.11,23.67,39.83,30.29,66.18032611,6.3
2024-07-07 06:00:00,DC_2,22.68,51.91,56.35,75.01,695.96,23.18,36.91,41.35,71.41678534,4.79
2024-07-07 08:30:00,DC_2,17.71,59.78,55.65,80.57,692.99,20.21,44.78,40.65,72.34899163,10.2
2024-07-07 11:00:00,DC_2,24.95,57.06,50.1,93.31,848.07,24.95,42.06,35.1,88.24887064,5.42
2024-07-07 13:30:00,DC_2,23.24,62.35,59.97,135.33,923.48,23.24,47.35,44.97,130.0955651,3.87
2024-07-07 16:00:00,DC_2,24.32,54.16,53.88,140.27,1072.03,24.32,39.16,38.88,135.9740605,3.06
2024-07-07 18:30:00,DC_2,21.48,67.16,57.68,161.69,1177.67,23.48,52.16,42.68,152.2572214,5.83
2024-07-07 21:00:00,DC_2,22.33,57.37,59.42,132.26,1171.46,23.33,42.37,44.42,125.9078274,4.8
2024-07-07 23:30:00,DC_2,23.54,48.61,53.91,124.63,1026.67,23.54,33.61,38.91,118.9925838,4.52
2024-07-08 02:00:00,DC_2,24.08,52.34,49.3,75.69,954.58,24.08,37.34,34.3,70.25560621,7.18
2024-07-08 04:30:00,DC_2,25.93,49.61,45.92,86.42,847.71,25.93,34.61,30.92,82.15620277,4.93
2024-07-08 07:00:00,DC_2,22.47,57.02,53.33,70.08,733.55,23.47,42.02,38.33,65.31508436,6.8
2024-07-08 09:30:00,DC_2,23.31,49.66,53.75,85.67,853.2,23.31,34.66,38.75,81.6125814,4.74
2024-07-08 12:00:00,DC_2,24.3,65.64,54.72,166.0,1126.03,24.3,50.64,39.72,161.8188817,2.52
2024-07-08 14:30:00,DC_2,24.33,64.83,64.43,202.2,1497.7,24.33,49.83,49.43,194.9844802,3.57
2024-07-08 17:00:00,DC_2,22.84,68.21,63.16,251.91,1728.02,23.34,53.21,48.16,246.0670164,2.32
2024-07-08 19:30:00,DC_2,23.99,66.34,65.0,204.88,1562.2,23.99,51.34,50.0,196.6630176,4.01
2024-07-08 22:00:00,DC_2,16.05,83.89,72.87,283.61,1518.51,18.55,68.89,57.87,263.7616719,7.0
2024-07-09 00:30:00,DC_2,22.48,56.84,55.96,115.07,1196.37,23.48,41.84,40.96,108.9360197,5.33
2024-07-09 03:00:00,DC_2,24.13,42.18,52.17,92.69,937.66,24.13,30.0,37.17,90.18785931,2.7
2024-07-09 05:30:00,DC_2,23.0,44.87,48.66,66.38,744.43,23.5,30.0,33.66,61.50037945,7.35
2024-07-09 08:00:00,DC_2,24.22,56.54,44.28,64.6,666.23,24.22,41.54,30.0,59.41870727,8.02
2024-07-09 10:30:00,DC_2,22.37,62.42,55.27,135.86,1082.7,23.37,47.42,40.27,128.6616753,5.3
2024-07-09 13:00:00,DC_2,22.3,56.48,65.87,161.37,1168.82,23.3,41.48,50.87,153.0564827,5.15
2024-07-09 15:30:00,DC_2,21.91,70.37,65.11,207.54,1383.57,23.41,55.37,50.11,194.6206028,6.23
2024-07-09 18:00:00,DC_2,23.26,70.28,69.56,281.11,1700.34,23.26,55.28,54.56,273.5781669,2.68
2024-07-09 20:30:00,DC_2,22.26,63.28,63.25,191.95,1442.7,23.26,48.28,48.25,183.2314902,4.54
2024-07-09 23:00:00,DC_2,22.35,69.52,56.24,150.62,1231.21,23.35,54.52,41.24,143.2673107,4.88
2024-07-10 01:30:00,DC_2,22.41,57.86,51.85,131.48,1082.66,23.41,42.86,36.85,124.986061,4.94
2024-07-10 04:00:00,DC_2,24.25,56.8,51.49,56.22,795.03,24.25,41.8,36.49,50.35576929,10.43
2024-07-10 06:30:00,DC_2,24.17,51.14,41.86,54.42,647.41,24.17,36.14,30.0,50.94881979,6.38
2024-07-10 09:00:00,DC_2,22.44,64.99,52.09,95.42,830.92,23.44,49.99,37.09,88.54709187,7.2
2024-07-10 11:30:00,DC_2,23.81,60.74,54.64,115.74,1135.15,23.81,45.74,39.64,111.5967302,3.58
2024-07-10 14:00:00,DC_2,23.92,66.11,55.35,130.92,1215.42,23.92,51.11,40.35,125.6706301,4.01
2024-07-10 16:30:00,DC_2,21.31,77.51,75.61,284.04,1717.54,23.31,62.51,60.61,267.1107721,5.96
2024-07-10 19:00:00,DC_2,24.7,68.87,59.59,212.89,1541.49,24.7,53.87,44.59,205.5455617,3.45
2024-07-10 21:30:00,DC_2,21.85,72.04,55.77,204.47,1461.56,23.35,57.04,40.77,194.3956958,4.93
2024-07-11 00:00:00,DC_2,20.55,65.68,55.99,153.72,1251.74,23.05,50.68,40.99,143.5491597,6.62
2024-07-11 02:30:00,DC_2,24.19,52.57,47.77,79.48,897.44,24.19,37.57,32.77,74.37689325,6.42
2024-07-11 05:00:00,DC_2,23.38,50.65,52.96,64.13,754.89,23.38,35.65,37.96,57.53307826,10.29
2024-07-11 07:30:00,DC_2,20.92,58.03,52.01,92.46,847.54,23.42,43.03,37.01,84.17630195,8.96
2024-07-11 10:00:00,DC_2,22.01,54.39,59.41,107.37,866.9,23.01,39.39,44.41,99.37418114,7.45
2024-07-11 12:30:00,DC_2,21.49,64.46,54.68,129.63,1156.43,23.49,49.46,39.68,121.0612296,6.61
2024-07-11 15:00:00,DC_2,21.87,64.24,68.57,230.95,1452.79,23.37,49.24,53.57,219.4522627,4.98
2024-07-11 17:30:00,DC_2,23.9,70.16,65.55,305.39,1831.96,23.9,55.16,50.55,298.7162589,2.19
2024-07-11 20:00:00,DC_2,23.23,66.16,51.21,198.45,1467.46,23.23,51.16,44.24,191.9993753,3.25
2024-07-11 22:30:00,DC_2,21.77,67.39,63.14,176.06,1335.75,23.27,52.39,48.14,165.4510948,6.03
2024-07-12 01:00:00,DC_2,24.79,53.92,51.46,105.94,1132.38,24.79,38.92,36.46,102.7137075,3.05
2024-07-12 03:30:00,DC_2,22.61,56.85,50.57,79.76,815.43,23.11,41.85,35.57,72.89203971,8.61
2024-07-12 06:00:00,DC_2,22.09,55.57,55.87,80.55,731.79,23.09,40.57,40.87,73.7817297,8.4
2024-07-12 08:30:00,DC_2,21.03,56.73,50.11,82.21,738.96,23.03,41.73,35.11,75.66418736,7.96
2024-07-12 11:00:00,DC_2,21.55,69.28,58.32,146.22,996.95,23.05,54.28,43.32,138.2558838,5.45
2024-07-12 13:30:00,DC_2,23.57,64.78,55.27,165.52,1240.97,23.57,49.78,40.27,159.758104,3.48
2024-07-12 16:00:00,DC_2,23.03,59.82,59.16,226.94,1488.03,23.03,44.82,44.16,218.975192,3.51
2024-07-12 18:30:00,DC_2,23.52,65.24,63.92,225.2,1579.67,23.52,50.24,48.92,217.7183621,3.32
2024-07-12 21:00:00,DC_2,24.38,65.47,61.01,200.88,1557.56,24.38,50.47,46.01,193.0105862,3.92
2024-07-12 23:30:00,DC_2,24.78,50.12,52.8,99.97,1160.99,24.78,35.12,37.8,94.66973583,5.3
2024-07-13 02:00:00,DC_2,26.66,47.75,37.45,77.7,957.12,26.66,32.75,30.0,74.30813352,4.37
2024-07-13 04:30:00,DC_2,20.79,60.37,54.24,79.2,781.02,23.29,45.37,39.24,70.33811742,11.19
2024-07-13 07:00:00,DC_2,23.85,50.11,47.6,69.46,705.19,23.85,35.11,32.6,63.98623297,7.88
2024-07-13 09:30:00,DC_2,18.06,54.6,54.1,87.92,634.73,20.56,39.6,39.1,79.81635944,9.22
2024-07-13 12:00:00,DC_2,21.96,55.16,53.95,91.43,766.28,23.46,40.16,38.95,84.18337551,7.93
2024-07-13 14:30:00,DC_2,22.92,65.23,51.02,114.57,921.7,23.42,50.23,36.02,109.6296521,4.31
2024-07-13 17:00:00,DC_2,22.63,69.3,61.41,179.59,1187.71,23.13,54.3,46.41,171.132037,4.71
2024-07-13 19:30:00,DC_2,21.83,65.03,65.64,171.14,1166.82,23.33,50.03,50.64,161.040021,5.9
2024-07-13 22:00:00,DC_2,22.93,70.41,57.8,169.37,1365.96,23.43,55.41,42.8,162.5787636,4.01
2024-07-14 00:30:00,DC_2,23.79,54.64,42.79,88.13,929.83,23.79,39.64,30.0,83.94549745,4.75
2024-07-14 03:00:00,DC_2,21.35,54.59,47.11,83.06,796.25,23.35,39.59,32.11,76.11093699,8.37
2024-07-14 05:30:00,DC_2,24.76,52.58,43.28,39.35,620.46,24.76,37.58,30.0,35.13729258,10.71
2024-07-14 08:00:00,DC_2,24.21,48.17,45.22,67.51,751.28,24.21,33.17,30.22,62.33873701,7.66
2024-07-14 10:30:00,DC_2,24.8,57.06,47.45,77.91,789.42,24.8,42.06,32.45,71.67692511,8.0
2024-07-14 13:00:00,DC_2,21.75,62.19,59.99,126.85,977.1,23.25,47.19,44.99,118.5885129,6.51
2024-07-14 15:30:00,DC_2,22.39,66.08,62.87,167.93,1220.07,23.39,51.08,47.87,160.1451343,4.64
2024-07-14 18:00:00,DC_2,21.83,65.31,59.1,153.63,1139.06,23.33,50.31,44.1,145.1394232,5.53
2024-07-14 20:30:00,DC_2,21.04,68.65,60.3,159.39,1121.32,23.04,53.65,45.3,147.6382312,7.37
2024-07-14 23:00:00,DC_2,24.68,62.67,48.03,92.53,980.33,24.68,47.67,33.03,87.96360081,4.94
2024-07-15 01:30:00,DC_2,22.35,58.36,56.85,124.34,1089.89,23.35,43.36,41.85,116.8223928,6.05
2024-07-15 04:00:00,DC_2,26.37,48.99,38.32,61.06,814.17,26.37,33.99,30.0,57.81274373,5.32
2024-07-15 06:30:00,DC_2,22.82,49.23,48.66,67.17,730.86,23.32,34.23,33.66,62.51234091,6.93
2024-07-15 09:00:00,DC_2,22.1,63.47,50.57,98.95,828.67,23.1,48.47,35.57,91.60715941,7.42
2024-07-15 11:30:00,DC_2,23.15,58.37,63.97,108.29,921.27,23.15,43.37,48.97,101.4792421,6.29
2024-07-15 14:00:00,DC_2,22.98,70.81,60.24,150.61,1289.25,23.48,55.81,45.24,143.1027132,4.98
2024-07-15 16:30:00,DC_2,22.22,76.5,68.58,307.27,1832.62,23.22,61.5,53.58,295.802183,3.73
2024-07-15 19:00:00,DC_2,23.1,70.15,64.02,242.41,1589.38,23.1,55.15,49.02,234.4659826,3.28
2024-07-15 21:30:00,DC_2,24.44,63.76,57.52,180.63,1481.26,24.44,48.76,42.52,175.5978307,2.79
2024-07-16 00:00:00,DC_2,24.6,58.05,53.87,133.68,1309.83,24.6,43.05,38.87,128.2982098,4.03
2024-07-16 02:30:00,DC_2,21.31,51.58,40.83,87.99,962.61,23.31,36.58,30.0,82.18522115,6.6
2024-07-16 05:00:00,DC_2,22.2,55.48,53.08,99.61,870.93,23.2,40.48,38.08,92.17458732,7.46
2024-07-16 07:30:00,DC_2,23.81,53.78,41.05,91.99,836.9,23.81,38.78,30.0,88.67689135,3.6
2024-07-16 10:00:00,DC_2,24.54,64.98,49.18,85.67,835.73,24.54,49.98,34.18,81.26701301,5.14
2024-07-16 12:30:00,DC_2,21.19,65.53,56.98,107.0,971.43,23.19,50.53,41.98,96.19578866,10.1
2024-07-16 15:00:00,DC_2,16.63,76.75,68.89,234.86,1340.64,19.13,61.75,53.89,216.868617,7.66
2024-07-16 17:30:00,DC_2,23.19,79.45,70.23,273.17,1789.44,23.19,64.45,55.23,264.1315278,3.31
2024-07-16 20:00:00,DC_2,24.63,65.59,58.77,199.81,1576.33,24.63,50.59,43.77,190.9042121,4.46
2024-07-16 22:30:00,DC_2,22.44,62.85,57.6,167.72,1305.71,23.44,47.85,42.6,161.3226625,3.81
2024-07-17 01:00:00,DC_2,22.8,58.0,45.89,90.84,968.75,23.3,43.0,30.89,85.64370666,5.72
2024-07-17 03:30:00,DC_2,25.17,53.0,41.24,76.61,885.13,25.17,38.0,30.0,72.01135711,6.0
2024-07-17 06:00:00,DC_2,23.6,45.4,48.6,72.63,745.36,23.6,30.4,33.6,68.6486227,5.48
2024-07-17 08:30:00,DC_2,27.41,49.39,39.83,55.26,648.6,27.41,34.39,30.0,51.03468626,7.65
2024-07-17 11:00:00,DC_2,27.04,51.95,51.39,70.29,931.16,27.04,36.95,36.39,65.20708048,7.23
2024-07-17 13:30:00,DC_2,22.59,60.85,55.4,130.17,1126.22,23.09,45.85,40.4,124.5681783,4.3
2024-07-17 16:00:00,DC_2,16.45,90.7,71.54,350.35,1721.5,18.95,75.7,56.54,324.1956264,7.47
2024-07-17 18:30:00,DC_2,20.72,74.05,66.23,211.06,1414.15,23.22,59.05,51.23,195.40446,7.42
2024-07-17 21:00:00,DC_2,22.95,66.73,65.91,212.78,1618.21,23.45,51.73,50.91,206.6001714,2.9
2024-07-17 23:30:00,DC_2,22.09,64.88,55.82,139.8,1352.7,23.09,49.88,40.82,131.1277555,6.2
2024-07-18 02:00:00,DC_2,25.06,58.5,56.83,114.07,1273.35,25.06,43.5,41.83,108.4179918,4.95
2024-07-18 04:30:00,DC_2,22.8,47.21,45.03,71.04,720.37,23.3,32.21,30.03,65.56216219,7.71
2024-07-18 07:00:00,DC_2,22.45,54.87,51.36,85.34,701.68,23.45,39.87,36.36,78.88063766,7.57
2024-07-18 09:30:00,DC_2,25.58,52.81,42.09,75.87,818.9,25.58,37.81,30.0,72.12647775,4.93
2024-07-18 12:00:00,DC_2,24.07,60.36,48.46,117.99,1056.03,24.07,45.36,33.46,112.8550686,4.35
2024-07-18 14:30:00,DC_2,21.83,68.17,68.85,215.72,1308.28,23.33,53.17,53.85,205.7265644,4.63
2024-07-18 17:00:00,DC_2,23.54,73.23,76.95,247.41,1610.76,23.54,58.23,61.95,238.3722644,3.65
2024-07-18 19:30:00,DC_2,22.25,66.1,60.01,250.94,1514.68,23.25,51.1,45.01,240.7349943,4.07
2024-07-18 22:00:00,DC_2,20.76,69.49,65.03,234.13,1471.36,23.26,54.49,50.03,219.3731385,6.3
2024-07-19 00:30:00,DC_2,24.26,57.34,48.74,110.57,1062.63,24.26,42.34,33.74,105.473376,4.61
2024-07-19 03:00:00,DC_2,24.01,51.74,53.2,87.23,912.26,24.01,36.74,38.2,82.41376243,5.52
2024-07-19 05:30:00,DC_2,22.94,53.17,51.66,78.44,857.49,23.44,38.17,36.66,75.64724284,3.56
2024-07-19 08:00:00,DC_2,23.63,46.74,51.23,69.65,701.89,23.63,31.74,36.23,65.42222307,6.07
2024-07-19 10:30:00,DC_2,26.85,57.24,44.68,100.12,955.74,26.85,42.24,30.0,96.31453477,3.8
2024-07-19 13:00:00,DC_2,16.87,71.44,66.08,209.39,1144.79,19.37,56.44,51.08,193.2493496,7.71
2024-07-19 15:30:00,DC_2,24.65,66.75,60.22,206.98,1478.89,24.65,51.75,45.22,200.551259,3.11
2024-07-19 18:00:00,DC_2,22.54,74.0,68.99,281.21,1763.27,23.04,59.0,53.99,271.1626106,3.57
2024-07-19 20:30:00,DC_2,23.85,60.68,64.44,176.47,1562.02,23.85,45.68,49.44,171.4344733,2.85
2024-07-19 23:00:00,DC_2,21.9,59.6,57.32,141.06,1225.32,23.4,44.6,42.32,133.6133683,5.28
2024-07-20 01:30:00,DC_2,24.27,51.65,44.31,102.2,887.7,24.27,36.65,30.0,97.37457142,4.72
2024-07-20 04:00:00,DC_2,20.76,48.65,46.02,68.08,642.53,23.26,33.65,31.02,60.23976201,11.52
2024-07-20 06:30:00,DC_2,22.17,54.31,47.95,88.87,878.14,23.17,39.31,32.95,83.50508368,6.04
2024-07-20 09:00:00,DC_2,21.68,62.71,59.26,103.92,801.06,23.18,47.71,44.26,96.81658731,6.84
2024-07-20 11:30:00,DC_2,24.56,55.35,47.72,91.68,911.98,24.56,40.35,32.72,86.63829571,5.5
2024-07-20 14:00:00,DC_2,22.28,56.13,53.95,110.68,991.46,23.28,41.13,38.95,104.8461186,5.27
2024-07-20 16:30:00,DC_2,23.47,62.92,54.68,141.15,1078.79,23.47,47.92,39.68,134.9526892,4.39
2024-07-20 19:00:00,DC_2,23.86,59.79,57.58,133.03,1111.23,23.86,44.79,42.58,125.8172736,5.42
2024-07-20 21:30:00,DC_2,22.72,58.63,53.05,120.57,975.48,23.22,43.63,38.05,114.6746203,4.89
2024-07-21 00:00:00,DC_2,24.86,52.38,55.71,95.52,990.46,24.86,37.38,40.71,92.07667382,3.6
2024-07-21 02:30:00,DC_2,24.74,51.67,44.51,65.36,792.33,24.74,36.67,30.0,61.15288881,6.44
2024-07-21 05:00:00,DC_2,22.51,49.78,52.95,63.03,705.93,23.01,34.78,37.95,58.14366626,7.75
2024-07-21 07:30:00,DC_2,26.81,43.96,43.27,48.3,666.48,26.81,30.0,30.0,45.78715337,5.2
2024-07-21 10:00:00,DC_2,22.6,55.77,49.86,98.08,826.16,23.1,40.77,34.86,93.53144517,4.64
2024-07-21 12:30:00,DC_2,21.84,65.29,52.05,110.71,916.74,23.34,50.29,37.05,102.4916678,7.42
2024-07-21 15:00:00,DC_2,23.92,55.53,61.59,154.54,1100.93,23.92,40.53,46.59,147.944181,4.27
2024-07-21 17:30:00,DC_2,22.92,60.21,54.5,127.66,1068.14,23.42,45.21,39.5,122.5884343,3.97
2024-07-21 20:00:00,DC_2,21.31,68.88,70.24,211.99,1514.6,23.31,53.88,55.24,200.4718153,5.43
2024-07-21 22:30:00,DC_2,21.49,63.16,56.89,125.91,1116.72,23.49,48.16,41.89,116.4624725,7.5
2024-07-22 01:00:00,DC_2,23.2,56.0,51.44,106.99,961.39,23.2,41.0,36.44,102.6532139,4.05
2024-07-22 03:30:00,DC_2,22.78,60.12,56.11,94.82,961.93,23.28,45.12,41.11,91.42454344,3.58
2024-07-22 06:00:00,DC_2,21.97,51.58,56.21,89.43,880.48,23.47,36.58,41.21,84.01792923,6.05
2024-07-22 08:30:00,DC_2,26.73,45.69,47.76,85.67,802.06,26.73,30.69,32.76,83.19060317,2.89
2024-07-22 11:00:00,DC_2,27.65,51.73,46.48,100.25,887.21,27.65,36.73,31.48,95.48119391,4.76
2024-07-22 13:30:00,DC_2,22.72,55.98,58.71,128.74,1084.85,23.22,40.98,43.71,122.6149094,4.76
2024-07-22 16:00:00,DC_2,22.39,67.8,71.03,181.86,1280.13,23.39,52.8,56.03,172.56894,5.11
2024-07-22 18:30:00,DC_2,23.08,67.48,61.56,211.36,1515.83,23.08,52.48,46.56,204.996801,3.01
2024-07-22 21:00:00,DC_2,21.91,74.86,70.78,251.57,1648.21,23.41,59.86,55.78,240.031342,4.59
2024-07-22 23:30:00,DC_2,21.33,63.86,59.75,121.45,1106.78,23.33,48.86,44.75,111.7993673,7.95
2024-07-23 02:00:00,DC_2,24.19,56.57,51.39,114.2,1062.29,24.19,41.57,36.39,108.5998354,4.9
2024-07-23 04:30:00,DC_2,22.57,54.78,51.7,86.11,808.83,23.07,39.78,36.7,78.9096395,8.36
2024-07-23 07:00:00,DC_2,24.15,52.53,51.87,71.16,781.43,24.15,37.53,36.87,67.74054212,4.81
2024-07-23 09:30:00,DC_2,22.22,49.08,43.76,75.75,734.3,23.22,34.08,30.0,72.21836906,4.66
2024-07-23 12:00:00,DC_2,23.1,59.98,53.39,122.54,997.35,23.1,44.98,38.39,116.2517795,5.13
2024-07-23 14:30:00,DC_2,24.22,64.17,57.28,166.19,1368.3,24.22,49.17,42.28,161.5211084,2.81
2024-07-23 17:00:00,DC_2,20.84,79.78,61.25,329.42,1705.53,23.34,64.78,46.25,309.4714676,6.06
2024-07-23 19:30:00,DC_2,23.1,67.42,70.13,184.95,1468.92,23.1,52.42,55.13,177.5195581,4.02
2024-07-23 22:00:00,DC_2,17.8,70.97,71.37,179.56,1142.94,20.3,55.97,56.37,163.6680017,8.85
2024-07-24 00:30:00,DC_2,21.4,59.83,54.57,133.27,1110.34,23.4,44.83,39.57,124.9957134,6.21
2024-07-24 03:00:00,DC_2,17.37,62.27,60.11,120.22,952.31,19.87,47.27,45.11,108.7030913,9.58
2024-07-24 05:30:00,DC_2,22.44,57.81,53.58,88.59,841.81,23.44,42.81,38.58,79.38358524,10.39
2024-07-24 08:00:00,DC_2,24.19,52.74,42.65,82.74,772.13,24.19,37.74,30.0,78.91616015,4.62
2024-07-24 10:30:00,DC_2,24.64,46.75,51.21,70.33,846.98,24.64,31.75,34.31,67.14519304,4.53
2024-07-24 13:00:00,DC_2,21.97,65.69,65.59,167.59,1298.17,23.47,50.69,50.59,158.156065,5.63
2024-07-24 15:30:00,DC_2,25.85,71.07,65.04,253.96,1697.27,25.85,56.07,50.04,245.9288421,3.16
2024-07-24 18:00:00,DC_2,23.27,76.88,67.91,220.8,1740.84,23.27,61.88,52.91,213.7092723,3.21
2024-07-24 20:30:00,DC_2,21.86,70.3,64.62,256.8,1533.67,23.36,55.3,49.62,243.7524137,5.08
2024-07-24 23:00:00,DC_2,22.6,64.46,62.39,148.74,1268.8,23.1,49.46,47.39,141.5082847,4.86
2024-07-25 01:30:00,DC_2,23.96,54.46,51.21,104.27,1082.13,23.96,39.46,31.9,97.82870283,6.18
2024-07-25 04:00:00,DC_2,23.62,48.91,46.99,82.42,870.28,23.62,33.91,31.99,77.49994933,5.97
2024-07-25 06:30:00,DC_2,23.02,58.52,48.11,71.46,746.18,23.02,43.52,33.11,66.94275626,6.32
2024-07-25 09:00:00,DC_2,22.73,55.775000000000006,41.08,89.91,813.57,23.23,45.68,30.0,84.49101902,6.03
2024-07-25 11:30:00,DC_2,22.63,65.47,60.12,144.39,1034.37,23.13,50.47,45.12,136.595441,5.4
2024-07-25 14:00:00,DC_2,23.1,63.5,60.05,151.25,1300.85,23.1,48.5,45.05,144.6658769,4.35
2024-07-25 16:30:00,DC_2,23.73,70.52,73.06,281.16,1708.4,23.73,55.52,58.06,275.0785192,2.16
2024-07-25 19:00:00,DC_2,22.97,72.4,65.78,192.15,1470.71,23.47,57.4,50.78,185.4363505,3.49
2024-07-25 21:30:00,DC_2,21.58,68.5,58.48,168.29,1406.07,23.08,53.5,43.48,156.9811525,6.72
2024-07-26 00:00:00,DC_2,16.55,69.87,67.22,168.36,1163.07,19.05,54.87,52.22,153.9205733,8.58
2024-07-26 02:30:00,DC_2,22.5,52.47,53.51,93.03,908.35,23.0,37.47,38.51,88.27881461,5.11
2024-07-26 05:00:00,DC_2,22.91,56.32,44.05,69.87,837.77,23.41,41.32,30.0,64.02819642,8.36
2024-07-26 07:30:00,DC_2,23.63,54.02,45.02,82.32,729.82,23.63,39.02,30.02,77.13932063,6.29
2024-07-26 10:00:00,DC_2,26.53,57.43,49.1,103.53,1117.52,26.53,42.43,34.1,98.79659927,4.57
2024-07-26 12:30:00,DC_2,20.72,66.12,62.25,154.75,1143.24,23.22,51.12,47.25,142.6789797,7.8
2024-07-26 15:00:00,DC_2,21.57,71.19,64.29,222.62,1444.14,23.07,56.19,49.29,209.9700332,5.68
2024-07-26 17:30:00,DC_2,22.12,71.98,62.68,253.83,1654.34,23.12,56.98,47.68,242.0668906,4.63
2024-07-26 20:00:00,DC_2,22.93,59.36,56.32,193.64,1494.07,23.43,44.36,41.32,187.6427632,3.1
2024-07-26 22:30:00,DC_2,27.08,59.71,52.8,155.64,1350.28,27.08,44.71,37.8,149.1412228,4.18
2024-07-27 01:00:00,DC_2,22.03,51.33,55.88,80.74,911.75,23.03,36.33,40.88,74.66026469,7.53
2024-07-27 03:30:00,DC_2,24.62,52.85,44.49,64.13,841.57,24.62,37.85,30.0,59.15148246,7.76
2024-07-27 06:00:00,DC_2,22.01,56.14,51.16,71.37,678.15,23.01,41.14,36.16,65.86480025,7.71
2024-01-01 01:00:00,DC_3,22.99,51.76,42.99,77.22,912.28,23.49,36.76,30.0,72.68642729,5.87
2024-01-01 03:30:00,DC_3,23.95,36.69,38.65,45.46,626.58,23.95,30.0,30.0,44.56114102,1.98
2024-01-01 06:00:00,DC_3,21.83,49.13,36.81,50.36,707.28,23.33,34.13,30.0,46.64798943,7.37
2024-01-01 08:30:00,DC_3,24.45,42.48,32.74,41.97,619.47,24.45,30.0,30.0,40.06772119,4.53
2024-01-01 11:00:00,DC_3,21.01,49.02,49.11,57.55,813.8,23.01,34.02,34.11,53.15045503,7.64
2024-01-01 13:30:00,DC_3,21.78,61.34,53.57,76.52,967.56,23.28,46.34,38.57,69.6030145,9.04
2024-01-01 16:00:00,DC_3,23.75,63.3,47.92,123.38,1352.46,23.75,48.3,32.92,118.5236775,3.94
2024-01-01 18:30:00,DC_3,22.38,65.35,50.98,133.51,1251.0,23.38,50.35,35.98,127.8715623,4.22
2024-01-01 21:00:00,DC_3,22.55,52.91,55.29,105.75,1204.18,23.05,37.91,40.29,102.4602247,3.11
2024-01-01 23:30:00,DC_3,20.0,62.73,51.28,103.04,1104.09,22.5,47.73,36.28,96.18231661,6.66
2024-01-02 02:00:00,DC_3,22.69,51.66,36.9,48.38,712.38,23.19,36.66,30.0,44.08122436,8.89
2024-01-02 04:30:00,DC_3,25.21,42.92,38.45,32.21,717.73,25.21,30.0,30.0,31.99000086,0.68
2024-01-02 07:00:00,DC_3,24.15,48.13,41.38,44.56,643.64,24.15,33.13,30.0,41.53263327,6.79
2024-01-02 09:30:00,DC_3,24.99,50.67,38.52,50.32,710.46,24.99,35.67,30.0,46.13077535,8.33
2024-01-02 12:00:00,DC_3,22.96,50.43,48.01,84.65,901.87,23.46,35.43,33.01,81.52146468,3.7
2024-01-02 14:30:00,DC_3,18.09,58.28,59.09,112.61,1012.41,20.59,43.28,44.09,104.0542604,7.6
2024-01-02 17:00:00,DC_3,23.03,59.87,51.96,125.05,1207.07,23.03,44.87,36.96,120.6421361,3.52
2024-01-02 19:30:00,DC_3,20.93,62.54,54.13,143.78,1285.96,23.43,47.54,39.13,135.2748012,5.92
2024-01-02 22:00:00,DC_3,24.16,58.7,55.72,117.36,1394.59,24.16,43.7,40.72,113.2588873,3.49
2024-01-03 00:30:00,DC_3,23.08,50.73,53.7,84.17,1072.04,23.08,35.73,38.7,80.23538879,4.67
2024-01-03 03:00:00,DC_3,24.21,44.06,45.95,56.33,787.89,24.21,30.0,30.95,53.9598341,4.21
2024-01-03 05:30:00,DC_3,23.51,49.86,45.07,38.92,678.38,23.51,34.86,30.07,35.97193258,7.57
2024-01-03 08:00:00,DC_3,22.08,39.79,41.46,51.19,640.67,23.08,30.0,30.0,47.73712625,6.75
2024-01-03 10:30:00,DC_3,22.64,51.53,45.52,61.01,858.1,23.14,36.53,30.52,57.96537593,4.99
2024-01-03 13:00:00,DC_3,24.19,52.68,49.51,78.66,1034.31,24.19,37.68,34.51,76.36281688,2.92
2024-01-03 15:30:00,DC_3,23.3,57.42,53.9,142.86,1264.91,23.3,42.42,38.9,139.3379637,2.47
2024-01-03 18:00:00,DC_3,22.76,63.2,54.15,169.27,1311.79,23.26,48.2,39.15,162.1391219,4.21
2024-01-03 20:30:00,DC_3,24.0,56.94,50.13,116.99,1180.68,24.0,41.94,35.13,111.9117509,4.34
2024-01-03 23:00:00,DC_3,22.86,60.78,48.2,86.42,1113.42,23.36,45.78,33.2,82.43723464,4.61
2024-01-04 01:30:00,DC_3,22.81,55.8,37.66,57.32,843.96,23.31,40.8,30.0,53.34666091,6.93
2024-01-04 04:00:00,DC_3,25.6,36.03,45.58,27.72,686.67,25.6,30.0,30.58,26.95630491,2.76
2024-01-04 06:30:00,DC_3,23.78,38.4,36.38,26.22,553.16,23.78,30.0,30.0,25.71204567,1.94
2024-01-04 09:00:00,DC_3,22.82,43.15,37.91,43.12,673.24,23.32,30.0,30.0,41.21960437,4.41
2024-01-04 11:30:00,DC_3,24.02,51.94,41.05,59.43,799.56,24.02,36.94,30.0,56.84547143,4.35
2024-01-04 14:00:00,DC_3,22.79,60.06,48.99,92.95,943.58,23.29,45.06,33.99,87.26761986,6.11
2024-01-04 16:30:00,DC_3,23.02,53.73,53.5,120.16,1318.22,23.02,38.73,38.5,115.4712876,3.9
2024-01-04 19:00:00,DC_3,21.57,59.02,51.16,127.28,1356.22,23.07,44.02,36.16,120.149055,5.6
2024-01-04 21:30:00,DC_3,23.42,57.23,50.0,100.74,1196.65,23.42,42.23,35.0,97.26045239,3.45
2024-01-05 00:00:00,DC_3,24.25,42.84,38.75,59.16,950.98,24.25,30.0,30.0,58.04730548,1.88
2024-01-05 02:30:00,DC_3,19.2,55.34,43.21,63.49,801.48,21.7,40.34,30.0,57.53978429,9.37
2024-01-05 05:00:00,DC_3,23.97,39.84,40.61,50.7,789.05,23.97,30.0,30.0,48.75749453,3.83
2024-01-05 07:30:00,DC_3,23.23,40.53,43.51,62.5,713.68,23.23,30.0,30.0,60.47616603,3.24
2024-01-05 10:00:00,DC_3,23.79,35.25,40.44,44.44,742.88,23.79,30.0,30.0,43.38756922,2.37
2024-01-05 12:30:00,DC_3,21.9,51.27,52.0,93.05,972.59,23.4,36.27,37.0,88.34423533,5.06
2024-01-05 15:00:00,DC_3,22.91,64.01,53.56,122.26,1243.36,23.41,49.01,38.56,118.4900866,3.08
2024-01-05 17:30:00,DC_3,23.11,60.03,49.96,129.89,1267.39,23.11,45.03,34.96,126.1845048,2.85
2024-01-05 20:00:00,DC_3,16.23,63.54,71.49,156.77,1246.03,18.73,48.54,56.49,145.2612711,7.34
2024-01-05 22:30:00,DC_3,23.53,55.15,41.97,84.91,1132.61,23.53,40.15,30.0,82.24429914,3.14
2024-01-06 01:00:00,DC_3,24.69,39.55,43.86,30.08,749.66,24.69,30.0,30.0,28.91241371,3.88
2024-01-06 03:30:00,DC_3,24.8,38.9,34.65,36.23,593.28,24.8,30.0,30.0,35.05180505,3.25
2024-01-06 06:00:00,DC_3,22.99,41.25,34.18,30.3,551.74,23.49,30.0,30.0,28.14692211,7.11
2024-01-06 08:30:00,DC_3,25.14,45.11,41.22,39.11,657.69,25.14,30.11,30.0,35.97376348,8.02
2024-01-06 11:00:00,DC_3,22.4,38.61,42.76,44.25,593.0,23.4,30.0,30.0,41.30681492,6.65
2024-01-06 13:30:00,DC_3,22.63,53.13,39.58,55.45,770.96,23.13,38.13,30.0,52.14791323,5.96
2024-01-06 16:00:00,DC_3,23.38,57.35,42.71,92.47,996.55,23.38,42.35,30.0,89.08051557,3.67
2024-01-06 18:30:00,DC_3,16.76,59.94,53.79,136.71,957.12,19.26,44.94,38.79,125.7880679,7.99
2024-01-06 21:00:00,DC_3,24.39,44.13,38.66,68.93,981.16,24.39,30.0,30.0,66.03178126,4.2
2024-01-06 23:30:00,DC_3,22.04,46.82,44.48,78.37,927.23,23.04,31.82,30.0,73.54907367,6.15
2024-01-07 02:00:00,DC_3,24.89,42.04,45.76,39.59,736.3,24.89,30.0,30.76,38.79465076,2.01
2024-01-07 04:30:00,DC_3,22.71,48.03,33.82,48.15,565.09,23.21,33.03,30.0,45.68801376,5.11
2024-01-07 07:00:00,DC_3,24.49,41.32,47.92,36.14,580.67,24.49,30.0,32.92,33.32934548,7.78
2024-01-07 09:30:00,DC_3,24.21,41.14,36.33,34.75,590.39,24.21,41.14,36.33,34.74515068,0.01
2024-01-07 12:00:00,DC_3,23.8,47.65,35.99,48.63,655.13,23.8,32.65,30.0,45.59442742,6.24
2024-01-07 14:30:00,DC_3,18.35,59.47,53.95,118.34,887.97,20.85,44.47,38.95,108.3530606,8.44
2024-01-07 17:00:00,DC_3,23.4,51.01,41.27,86.04,982.94,23.4,36.01,30.0,82.6087832,3.99
2024-01-07 19:30:00,DC_3,20.6,55.51,57.78,100.77,1104.84,23.1,40.51,42.78,93.60832711,7.11
2024-01-07 22:00:00,DC_3,22.93,59.61,45.27,116.62,1314.11,23.43,44.61,30.27,111.8579566,4.08
2024-01-08 00:30:00,DC_3,24.93,54.27,44.4,100.75,1224.0,24.93,39.27,30.0,96.90234253,3.82
2024-01-08 03:00:00,DC_3,22.2,48.35,45.04,64.83,820.46,23.2,33.35,30.04,59.35663483,8.44
2024-01-08 05:30:00,DC_3,22.63,45.3,37.05,42.68,630.88,23.13,30.3,30.0,40.30988962,5.55
2024-01-08 08:00:00,DC_3,24.56,45.75,40.82,43.53,669.59,24.56,30.75,30.0,39.98311724,8.15
2024-01-08 10:30:00,DC_3,22.59,46.59,39.05,40.98,648.69,23.09,31.59,30.0,36.88404089,10.0
2024-01-08 13:00:00,DC_3,23.17,55.9,51.63,117.97,1139.23,23.17,40.9,36.63,113.4206402,3.86
2024-01-08 15:30:00,DC_3,25.18,55.79,47.02,127.81,1259.06,25.18,40.79,32.02,124.894007,2.28
2024-01-08 18:00:00,DC_3,23.28,61.3,53.7,139.23,1474.82,23.28,61.3,53.7,139.23,0.0
2024-01-08 20:30:00,DC_3,28.34,52.48,41.17,105.12,1264.05,28.34,52.48,30.0,103.9011193,1.16
2024-01-08 23:00:00,DC_3,22.97,52.0,47.63,107.65,1139.73,23.47,37.0,32.63,104.2556101,3.15
2024-01-09 01:30:00,DC_3,22.99,50.79,34.6,70.46,878.34,23.49,35.79,30.0,66.70170585,5.33
2024-01-09 04:00:00,DC_3,23.9,45.86,37.47,51.4,799.98,23.9,30.86,30.0,47.39423495,7.79
2024-01-09 06:30:00,DC_3,24.13,41.78,40.98,39.67,606.66,24.13,30.0,30.0,34.62836156,12.71
2024-01-09 09:00:00,DC_3,23.27,44.67,46.73,43.17,638.88,23.27,30.0,31.73,41.22167812,4.51
2024-01-09 11:30:00,DC_3,24.38,43.17,43.82,50.77,802.89,24.38,30.0,30.0,47.41879242,6.6
2024-01-09 14:00:00,DC_3,23.96,47.4,47.61,82.03,1027.39,23.96,32.4,32.61,77.80017135,5.16
2024-01-09 16:30:00,DC_3,21.43,58.37,55.11,130.29,1229.71,23.43,43.37,40.11,122.5013014,5.98
2024-01-09 19:00:00,DC_3,22.77,55.91,55.92,133.08,1355.97,23.27,40.91,40.92,129.4426221,2.73
2024-01-09 21:30:00,DC_3,20.74,68.35,52.34,129.69,1310.8,23.24,53.35,37.34,119.1296141,8.14
2024-01-10 00:00:00,DC_3,17.02,55.24,49.44,93.38,894.77,19.52,40.24,34.44,86.82198305,7.02
2024-01-10 02:30:00,DC_3,22.73,42.49,43.8,51.08,742.31,23.23,30.0,30.0,48.73458091,4.59
2024-01-10 05:00:00,DC_3,23.66,41.39,35.62,26.1,602.07,23.66,30.0,30.0,23.70445559,9.18
2024-01-10 07:30:00,DC_3,21.87,45.92,40.88,57.87,729.65,23.37,30.92,30.0,52.30004752,9.62
2024-01-10 10:00:00,DC_3,22.62,50.14,39.3,37.91,592.04,23.12,35.14,30.0,35.5457319,6.24
2024-01-10 12:30:00,DC_3,22.42,47.67,43.76,72.96,905.66,23.42,32.67,30.0,68.43279407,6.21
2024-01-10 15:00:00,DC_3,22.6,64.62,64.02,196.74,1654.01,22.6,64.62,49.02,194.4948705,1.14
2024-01-10 17:30:00,DC_3,21.32,61.58,62.58,171.64,1409.5,23.32,46.58,47.58,161.1005364,6.14
2024-01-10 20:00:00,DC_3,23.12,57.97,52.64,127.55,1453.09,23.12,42.97,37.64,121.9808234,4.37
2024-01-10 22:30:00,DC_3,20.84,57.98,58.18,106.31,1239.14,23.34,42.98,43.18,99.56697811,6.34
2024-01-11 01:00:00,DC_3,24.06,39.11,42.47,60.66,870.73,24.06,30.0,30.0,57.6251646,5.0
2024-01-11 03:30:00,DC_3,23.33,47.03,31.81,41.52,674.57,23.33,32.03,30.0,40.32437636,2.88
2024-01-11 06:00:00,DC_3,23.86,37.48,40.11,22.6,560.72,23.86,30.0,30.0,20.73561357,8.25
2024-01-11 08:30:00,DC_3,22.77,45.68,36.43,44.5,634.94,23.27,30.68,30.0,40.26160807,9.52
2024-01-11 11:00:00,DC_3,21.48,52.84,46.78,67.4,940.24,23.48,37.84,31.78,62.37349383,7.46
2024-01-11 13:30:00,DC_3,24.2,56.7,55.48,124.98,1318.7,24.2,41.7,40.48,121.7573789,2.58
2024-01-11 16:00:00,DC_3,22.68,63.23,61.88,153.3,1544.19,23.18,48.23,46.88,147.4708884,3.8
2024-01-11 18:30:00,DC_3,22.77,54.56,51.33,107.06,1320.78,23.27,39.56,36.33,103.896127,2.96
2024-01-11 21:00:00,DC_3,21.98,59.22,53.8,124.85,1215.32,23.48,44.22,38.8,118.7725891,4.87
2024-01-11 23:30:00,DC_3,18.48,62.23,53.16,93.14,1040.02,20.98,47.23,38.16,86.06152103,7.6
2024-01-12 02:00:00,DC_3,21.49,52.69,47.8,67.09,857.29,23.49,37.69,32.8,60.75343263,9.44
2024-01-12 04:30:00,DC_3,20.86,45.61,39.66,39.54,611.41,23.36,30.61,30.0,38.59615834,2.39
2024-01-12 07:00:00,DC_3,24.57,43.1,36.52,34.89,612.64,24.57,30.0,30.0,33.05144388,5.27
2024-01-12 09:30:00,DC_3,23.22,40.22,40.74,41.94,610.26,23.22,30.0,30.0,39.02902068,6.94
2024-01-12 12:00:00,DC_3,21.94,62.01,50.43,60.33,829.74,23.44,47.01,35.43,54.64815424,9.42
2024-01-12 14:30:00,DC_3,22.82,53.64,47.35,108.11,1125.06,23.32,38.64,32.35,105.0540855,2.83
2024-01-12 17:00:00,DC_3,23.27,55.69,54.4,171.75,1583.32,23.27,40.69,39.4,166.2613143,3.2
2024-01-12 19:30:00,DC_3,21.42,56.39,50.67,114.62,1270.44,23.42,41.39,35.67,108.3374465,5.48
2024-01-12 22:00:00,DC_3,24.14,55.59,51.1,109.0,1173.17,24.14,47.59,36.1,106.309397,2.47
2024-01-13 00:30:00,DC_3,23.39,45.25,39.71,45.23,703.31,23.39,30.25,30.0,42.55009126,5.93
2024-01-13 03:00:00,DC_3,24.35,38.52,42.78,28.24,638.41,24.35,30.0,30.0,27.76378522,1.69
2024-01-13 05:30:00,DC_3,21.56,48.11,39.65,40.69,560.92,23.06,33.11,30.0,36.5496938,10.18
2024-01-13 08:00:00,DC_3,22.73,45.98,46.44,37.63,604.42,23.23,30.98,31.44,33.23691219,11.67
2024-01-13 10:30:00,DC_3,20.13,36.68,47.09,64.3,627.41,22.63,30.0,32.09,61.18322374,4.85
2024-01-13 13:00:00,DC_3,22.85,53.21,49.28,63.64,771.34,23.35,38.21,34.28,60.64680013,4.7
2024-01-13 15:30:00,DC_3,25.09,44.09,42.67,67.47,974.7,25.09,36.09,30.0,66.48951758,1.45
2024-01-13 18:00:00,DC_3,23.17,56.7,46.39,74.42,922.91,23.17,41.7,31.39,69.10880997,7.14
2024-01-13 20:30:00,DC_3,21.9,56.44,46.84,100.19,1055.04,23.4,41.44,31.84,94.34532597,5.83
2024-01-13 23:00:00,DC_3,23.72,46.9,43.04,68.48,924.9,23.72,31.9,30.0,66.78812147,2.47
2024-01-14 01:30:00,DC_3,23.31,44.15,36.55,45.71,671.69,23.31,30.0,30.0,43.96265619,3.82
2024-01-14 04:00:00,DC_3,22.52,41.55,32.63,35.38,560.49,22.52,33.55,30.0,34.06699638,3.71
2024-01-14 06:30:00,DC_3,23.89,39.3,39.72,40.66,607.01,23.89,30.0,30.0,39.41322956,3.07
2024-01-14 09:00:00,DC_3,21.9,55.82,45.48,30.59,544.11,23.4,40.82,30.48,29.26997077,4.32
2024-01-14 11:30:00,DC_3,23.47,49.32,37.71,57.85,727.34,23.47,34.32,30.0,54.7218219,5.41
2024-01-14 14:00:00,DC_3,26.12,39.11,39.12,59.84,852.76,26.12,31.11,30.0,57.93601536,3.18
2024-01-14 16:30:00,DC_3,23.93,49.42,41.92,82.86,995.24,23.93,34.42,30.0,79.90939442,3.56
2024-01-14 19:00:00,DC_3,21.11,54.56,44.71,93.33,1045.77,23.11,39.56,30.0,85.12006542,8.8
2024-01-14 21:30:00,DC_3,22.23,51.02,40.38,54.14,837.28,23.23,36.02,30.0,50.66509929,6.42
2024-01-15 00:00:00,DC_3,24.1,48.02,43.46,56.04,1031.83,24.1,33.02,30.0,50.96546313,9.06
2024-01-15 02:30:00,DC_3,22.82,58.94,48.62,80.88,901.04,23.32,43.94,33.62,77.83455938,3.77
2024-01-15 05:00:00,DC_3,21.11,45.34,42.17,46.79,686.2,23.11,30.34,30.0,42.98511338,8.13
2024-01-15 07:30:00,DC_3,20.49,54.64,47.75,60.42,887.39,22.99,39.64,32.75,54.94298431,9.06
2024-01-15 10:00:00,DC_3,23.23,45.0,36.97,47.2,710.0,23.23,30.0,30.0,43.57571493,7.68
2024-01-15 12:30:00,DC_3,23.77,50.24,43.43,79.84,1001.25,23.77,35.24,30.0,76.53561471,4.14
2024-01-15 15:00:00,DC_3,23.66,58.98,50.44,96.67,1211.27,23.66,43.98,35.44,94.23195606,2.52
2024-01-15 17:30:00,DC_3,24.86,62.79,44.21,138.89,1531.94,24.86,47.79,30.0,135.0673696,2.75
2024-01-15 20:00:00,DC_3,24.61,49.7,46.59,98.17,1224.92,24.61,34.7,31.59,94.85456471,3.38
2024-01-15 22:30:00,DC_3,17.85,55.88,45.67,115.87,1105.79,20.35,40.88,30.67,109.5871349,5.42
2024-01-16 01:00:00,DC_3,28.05,46.57,34.82,55.85,875.78,28.05,38.57,30.0,54.72951615,2.01
2024-01-16 03:30:00,DC_3,22.47,36.79,35.34,48.38,665.87,23.47,30.0,30.0,45.67646781,5.59
2024-01-16 06:00:00,DC_3,20.45,47.7,42.56,48.35,617.73,22.95,32.7,30.0,43.82415641,9.36
2024-01-16 08:30:00,DC_3,24.2,42.82,32.56,40.07,674.51,24.2,30.0,30.0,37.91975567,5.37
2024-01-16 11:00:00,DC_3,23.34,52.76,46.38,69.66,846.84,23.34,37.76,31.38,64.90627715,6.82
2024-01-16 13:30:00,DC_3,23.14,50.91,40.98,79.49,873.89,23.14,35.91,30.0,77.22004973,2.86
2024-01-16 16:00:00,DC_3,23.1,65.96,50.9,156.16,1339.54,23.1,50.96,35.9,151.6965008,2.86
2024-01-16 18:30:00,DC_3,23.72,62.82,57.66,179.13,1584.07,23.72,47.82,42.66,175.5758298,1.98
2024-01-16 21:00:00,DC_3,23.59,57.48,52.36,104.01,1295.88,23.59,42.48,37.36,100.199042,3.66
2024-01-16 23:30:00,DC_3,22.1,56.65,48.24,80.38,1080.08,23.1,41.65,33.24,75.99355357,5.46
2024-01-17 02:00:00,DC_3,22.37,54.45,42.22,68.07,863.43,23.37,39.45,30.0,64.41907995,5.36
2024-01-17 04:30:00,DC_3,23.26,49.03,46.74,47.92,798.76,23.26,34.03,31.74,43.85073058,8.49
2024-01-17 07:00:00,DC_3,26.57,35.06,30.39,33.91,650.69,26.57,35.06,30.39,33.91,0.0
2024-01-17 09:30:00,DC_3,25.01,38.28,34.3,41.9,702.19,25.01,30.0,30.0,40.22174155,4.01
2024-01-17 12:00:00,DC_3,22.87,44.39,45.04,87.73,919.11,22.87,36.39,30.04,83.14323529,5.23
2024-01-17 14:30:00,DC_3,22.31,56.73,53.91,80.47,1059.04,23.31,41.73,38.91,75.85405346,5.74
2024-01-17 17:00:00,DC_3,23.52,64.06,54.59,160.72,1535.6,23.52,49.06,39.59,155.5992784,3.19
2024-01-17 19:30:00,DC_3,20.86,59.76,59.46,169.75,1373.01,23.36,44.76,44.46,157.6814063,7.11
2024-01-17 22:00:00,DC_3,22.48,51.26,52.0,108.85,1250.61,23.48,36.26,37.0,103.8832518,4.56
2024-01-18 00:30:00,DC_3,22.32,54.17,54.97,87.5,1091.5,23.32,39.17,39.97,84.84498335,3.03
2024-01-18 03:00:00,DC_3,26.79,41.65,41.81,39.87,796.13,26.79,33.65,30.0,39.13170183,1.85
2024-01-18 05:30:00,DC_3,21.5,46.38,41.37,32.13,585.43,23.0,31.38,30.0,28.65893385,10.8
2024-01-18 08:00:00,DC_3,24.62,45.27,39.17,40.73,608.65,24.62,30.27,30.0,37.73442777,7.35
2024-01-18 10:30:00,DC_3,23.67,48.62,50.875,67.46,868.84,23.67,33.62,30.06,64.09140946,4.99
2024-01-18 13:00:00,DC_3,21.98,55.15,51.55,87.14,998.51,23.48,40.15,36.55,80.54674806,7.57
2024-01-18 15:30:00,DC_3,21.86,62.53,50.88,129.39,1189.91,23.36,47.53,35.88,123.3963091,4.63
2024-01-18 18:00:00,DC_3,21.28,67.84,58.46,152.46,1414.08,21.78,67.84,43.46,148.7258907,2.45
2024-01-18 20:30:00,DC_3,21.66,50.92,57.37,149.94,1383.14,23.16,35.92,42.37,144.1200102,3.88
2024-01-18 23:00:00,DC_3,22.31,59.55,50.38,101.66,1126.34,23.31,44.55,35.38,96.51526971,5.06
2024-01-19 01:30:00,DC_3,20.93,46.8,39.49,67.5,826.9,23.43,31.8,30.0,61.78928002,8.46
2024-01-19 04:00:00,DC_3,23.09,40.34,41.09,32.3,588.82,23.09,30.0,30.0,30.56402369,5.37
2024-01-19 06:30:00,DC_3,24.11,40.46,35.3,31.62,609.24,24.11,40.46,35.3,31.62,0.0
2024-01-19 09:00:00,DC_3,24.37,44.49,35.55,27.17,574.74,24.37,30.0,30.0,26.04927452,4.12
2024-01-19 11:30:00,DC_3,21.73,53.74,47.35,61.79,751.76,23.23,38.74,32.35,57.50802867,6.93
2024-01-19 14:00:00,DC_3,24.62,54.61,44.33,78.83,1049.91,24.62,39.61,30.0,75.00072876,4.86
2024-01-19 16:30:00,DC_3,23.06,66.29,53.53,164.79,1336.54,23.06,51.29,38.53,159.5916291,3.15
2024-01-19 19:00:00,DC_3,25.68,46.67,50.63,124.73,1418.74,25.68,46.67,35.63,123.2235627,1.21
2024-01-19 21:30:00,DC_3,22.6,57.25,55.0,112.32,1347.83,23.1,42.25,40.0,106.2666802,5.39
2024-01-20 00:00:00,DC_3,22.22,41.56,43.02,53.47,734.77,23.22,30.0,30.0,51.30654716,4.05
2024-01-20 02:30:00,DC_3,23.34,45.1,45.08,60.46,755.14,23.34,30.1,30.08,55.85306426,7.62
2024-01-20 05:00:00,DC_3,22.69,38.56,37.4,34.87,545.4,23.19,30.0,30.0,34.7676792,0.29
2024-01-20 07:30:00,DC_3,24.31,39.92,37.72,45.21,638.41,24.31,39.92,37.72,45.20762486,0.01
2024-01-20 10:00:00,DC_3,22.69,46.09,44.79,50.8,715.42,23.19,31.09,30.0,47.73220727,6.04
2024-01-20 12:30:00,DC_3,27.96,45.74,30.04,55.59,721.61,27.96,37.74,30.0,52.59431092,5.39
2024-01-20 15:00:00,DC_3,23.36,51.35,44.43,67.3,844.9,23.36,36.35,30.0,62.70901578,6.82
2024-01-20 17:30:00,DC_3,21.73,59.55,62.76,119.53,1105.01,23.23,44.55,47.76,113.9758027,4.65
2024-01-20 20:00:00,DC_3,24.82,57.99,44.74,99.06,1191.09,24.82,42.99,30.0,95.19137867,3.91
2024-01-20 22:30:00,DC_3,22.19,45.63,48.65,61.13,867.42,23.19,30.63,33.65,56.59801337,7.41
2024-01-21 01:00:00,DC_3,22.42,52.65,47.91,66.43,863.24,23.42,37.65,32.91,61.77612502,7.01
2024-01-21 03:30:00,DC_3,28.19,39.0,30.86,34.59,672.33,28.19,39.0,30.86,34.59,0.0
2024-01-21 06:00:00,DC_3,26.99,39.58,42.33,31.04,604.43,26.99,30.0,30.0,28.66260323,7.66
2024-01-21 08:30:00,DC_3,22.73,49.19,46.94,41.07,599.54,23.23,34.19,31.94,36.89978955,10.15
2024-01-21 11:00:00,DC_3,23.79,44.23,41.88,47.57,699.31,23.79,30.0,30.0,44.76404845,5.9
2024-01-21 13:30:00,DC_3,28.32,43.85,42.08,52.96,801.12,28.32,43.85,30.0,51.41928628,2.91
2024-01-21 16:00:00,DC_3,28.54,47.13,38.24,54.07,884.18,28.54,47.13,30.0,53.05766476,1.87
2024-01-21 18:30:00,DC_3,24.09,56.01,49.68,111.38,1166.51,24.09,41.01,34.68,105.6007866,5.19
2024-01-21 21:00:00,DC_3,25.14,46.66,39.48,63.24,857.33,25.14,31.66,30.0,60.48258714,4.36
2024-01-21 23:30:00,DC_3,26.09,40.29,39.21,47.72,836.29,26.09,32.29,30.0,46.75240294,2.03
2024-01-22 02:00:00,DC_3,26.43,38.25,36.44,44.19,782.22,26.43,38.25,30.0,42.83928972,3.06
2024-01-22 04:30:00,DC_3,22.75,45.3,39.63,46.62,649.97,23.25,30.3,30.0,43.88625896,5.86
2024-01-22 07:00:00,DC_3,22.35,48.3,36.68,39.21,647.85,23.35,33.3,30.0,36.28729922,7.45
2024-01-22 09:30:00,DC_3,21.86,43.15,45.01,46.43,660.09,23.36,30.0,30.01,43.03438852,7.31
2024-01-22 12:00:00,DC_3,22.98,46.57,47.45,76.5,861.94,23.48,31.57,32.45,71.42135186,6.64
2024-01-22 14:30:00,DC_3,21.95,56.025000000000006,46.97,84.31,1080.58,23.45,39.72,31.97,78.32125771,7.1
2024-01-22 17:00:00,DC_3,24.84,65.26,59.93,135.5,1438.65,24.84,57.26,44.93,131.134501,3.22
2024-01-22 19:30:00,DC_3,25.44,58.91,45.28,111.6,1229.12,25.44,43.91,30.28,108.436141,2.83
2024-01-22 22:00:00,DC_3,23.19,52.26,47.54,109.13,1154.89,23.19,37.26,32.54,106.481531,2.43
2024-01-23 00:30:00,DC_3,23.7,52.82,42.06,78.16,1005.23,23.7,37.82,30.0,74.31362362,4.92
2024-01-23 03:00:00,DC_3,23.13,47.03,37.27,53.85,789.84,23.13,32.03,30.0,50.15944831,6.85
2024-01-23 05:30:00,DC_3,22.41,44.05,39.1,52.75,643.2,23.41,30.0,30.0,49.82570071,5.54
2024-01-23 08:00:00,DC_3,24.03,39.67,43.39,41.31,696.45,24.03,30.0,30.0,37.94379379,8.15
2024-01-23 10:30:00,DC_3,28.42,36.6,34.26,34.23,686.26,28.42,36.6,30.0,33.74380102,1.42
2024-01-23 13:00:00,DC_3,23.67,48.84,47.55,90.92,1041.54,23.67,33.84,32.55,89.3349997,1.74
2024-01-23 15:30:00,DC_3,23.41,52.15,61.46,165.6,1438.59,23.41,37.15,46.46,162.8574925,1.66
2024-01-23 18:00:00,DC_3,21.51,69.06,57.12,195.08,1580.94,23.01,54.06,42.12,185.9639443,4.67
2024-01-23 20:30:00,DC_3,23.62,44.04,47.04,87.28,1135.17,23.62,30.0,32.04,84.02007919,3.74
2024-01-23 23:00:00,DC_3,23.79,57.23,45.2,82.17,1034.0,23.79,42.23,30.2,77.80295207,5.31
2024-01-24 01:30:00,DC_3,23.67,48.53,43.79,65.22,914.67,23.67,33.53,30.0,62.49421931,4.18
2024-01-24 04:00:00,DC_3,23.12,46.25,35.47,41.28,665.7,23.12,31.25,30.0,37.98719373,7.98
2024-01-24 06:30:00,DC_3,21.91,40.91,37.36,31.27,610.54,23.41,30.0,30.0,29.43598518,5.87
2024-01-24 09:00:00,DC_3,24.58,44.0,30.74,34.95,686.98,24.58,30.0,30.0,32.1833445,7.92
2024-01-24 11:30:00,DC_3,24.02,47.27,40.05,59.18,833.59,24.02,32.27,30.0,56.21164123,5.02
2024-01-24 14:00:00,DC_3,23.17,59.48,56.67,99.14,1041.9,23.17,44.48,41.67,94.53192983,4.65
2024-01-24 16:30:00,DC_3,22.91,64.91,50.58,135.28,1318.5,23.41,49.91,35.58,130.4235255,3.59
2024-01-24 19:00:00,DC_3,23.3,66.27,58.88,151.29,1435.82,23.3,51.27,43.88,147.3682361,2.59
2024-01-24 21:30:00,DC_3,22.44,59.08,51.3,130.5,1324.2,23.44,44.08,36.3,124.8747382,4.31
2024-01-25 00:00:00,DC_3,28.35,43.12,37.35,57.68,1020.49,28.35,43.12,37.35,57.67968382,0.0
2024-01-25 02:30:00,DC_3,22.78,48.72,36.54,41.91,670.88,23.28,33.72,30.0,38.29381511,8.63
2024-01-25 05:00:00,DC_3,22.94,39.15,33.76,37.85,553.89,23.44,30.0,30.0,36.01089161,4.86
2024-01-25 07:30:00,DC_3,23.48,35.13,37.36,31.21,534.81,23.48,30.0,30.0,28.34909529,9.17
2024-01-25 10:00:00,DC_3,21.39,53.29,43.5,62.64,719.21,23.39,38.29,30.0,59.45368752,5.09
2024-01-25 12:30:00,DC_3,23.22,49.73,44.57,78.6,986.58,23.22,34.73,30.0,75.28395282,4.22
2024-01-25 15:00:00,DC_3,18.49,57.06,54.49,119.64,1133.04,20.99,42.06,39.49,110.0864904,7.99
2024-01-25 17:30:00,DC_3,21.29,58.82,58.33,141.04,1487.66,23.29,43.82,43.33,131.654543,6.65
2024-01-25 20:00:00,DC_3,23.98,56.33,56.57,133.31,1371.58,23.98,41.33,41.57,127.3972399,4.44
2024-01-25 22:30:00,DC_3,22.72,59.37,55.14,114.16,1239.66,23.22,44.37,40.14,108.2959926,5.14
2024-01-26 01:00:00,DC_3,23.13,49.73,43.96,68.44,909.73,23.13,34.73,30.0,63.61415227,7.05
2024-01-26 03:30:00,DC_3,24.17,42.67,35.9,43.72,757.46,24.17,30.0,30.0,42.71692515,2.29
2024-01-26 06:00:00,DC_3,24.49,41.04,36.88,41.6,598.09,24.49,41.04,30.0,40.96760679,1.52
2024-01-26 08:30:00,DC_3,22.79,43.0,40.05,47.54,610.87,23.29,30.0,30.0,43.95283211,7.55
2024-01-26 11:00:00,DC_3,20.06,54.7,56.62,83.17,828.75,22.56,39.7,41.62,75.33140772,9.42
2024-01-26 13:30:00,DC_3,20.58,52.49,54.08,84.79,890.66,23.08,37.49,39.08,75.77070923,10.64
2024-01-26 16:00:00,DC_3,23.92,52.81,46.71,132.82,1263.56,23.92,37.81,31.71,129.388242,2.58
2024-01-26 18:30:00,DC_3,22.56,52.0,52.07,113.98,1238.38,23.06,37.0,37.07,109.9962783,3.5
2024-01-26 21:00:00,DC_3,20.98,56.025000000000006,53.7,144.2,1263.34,23.48,40.3,38.7,136.5564506,5.3
2024-01-26 23:30:00,DC_3,23.85,49.41,45.07,76.86,994.0,23.85,34.41,30.07,74.99453335,2.43
2024-01-27 02:00:00,DC_3,22.3,41.35,41.75,50.7,728.09,23.3,30.0,30.0,48.48065293,4.38
2024-01-27 04:30:00,DC_3,23.21,41.27,37.58,27.23,563.8,23.21,30.0,30.0,24.83063333,8.81
2024-01-27 07:00:00,DC_3,23.26,43.77,36.28,25.92,589.33,23.26,30.0,30.0,25.06326573,3.31
2024-01-27 09:30:00,DC_3,28.66,35.7,30.27,27.94,583.34,28.66,35.7,30.27,27.94,0.0
2024-01-27 12:00:00,DC_3,22.48,48.62,37.38,48.1,727.37,23.48,33.62,30.0,45.30865146,5.8
2024-01-27 14:30:00,DC_3,23.43,54.49,41.14,71.73,864.25,23.43,39.49,30.0,68.00746098,5.19
2024-01-27 17:00:00,DC_3,22.44,49.46,49.51,77.11,942.38,23.44,34.46,34.51,71.76748319,6.93
2024-01-27 19:30:00,DC_3,23.87,48.46,49.2,86.62,1045.69,23.87,33.46,34.2,82.11340391,5.2
2024-01-27 22:00:00,DC_3,21.72,46.52,49.31,74.42,948.25,23.22,31.52,34.31,71.00828261,4.58
2024-01-28 00:30:00,DC_3,24.3,51.9,41.76,52.52,958.3,24.3,36.9,30.0,50.27307482,4.28
2024-01-28 03:00:00,DC_3,22.3,46.58,41.33,64.75,803.56,23.3,46.58,30.0,64.19191279,0.86
2024-01-28 05:30:00,DC_3,24.17,44.25,37.11,34.01,598.79,24.17,30.0,30.0,31.49841467,7.38
2024-01-28 08:00:00,DC_3,25.64,37.64,31.77,24.4,543.44,25.64,30.0,30.0,23.02107865,5.65
2024-01-28 10:30:00,DC_3,23.03,48.04,38.5,46.02,658.99,23.03,33.04,30.0,43.43128759,5.63
2024-01-28 13:00:00,DC_3,22.88,44.74,43.69,62.13,772.7,23.38,30.0,30.0,58.37770228,6.04
2024-01-28 15:30:00,DC_3,22.77,56.89,41.86,78.05,916.22,23.27,41.89,30.0,72.60500735,6.98
2024-01-28 18:00:00,DC_3,28.69,44.02,50.0,69.77,1059.85,28.69,44.02,35.0,67.36522616,3.45
2024-01-28 20:30:00,DC_3,16.11,68.7,49.46,144.15,993.15,18.61,53.7,34.46,133.2540837,7.56
2024-01-28 23:00:00,DC_3,22.82,48.09,47.21,55.11,917.85,23.32,33.09,32.21,51.28456375,6.94
2024-01-29 01:30:00,DC_3,22.73,50.33,46.32,63.84,842.57,23.23,35.33,31.32,61.88874726,3.06
2024-01-29 04:00:00,DC_3,23.41,44.63,42.15,50.36,788.13,23.41,30.0,30.0,47.38060301,5.92
2024-01-29 06:30:00,DC_3,24.92,37.21,36.85,43.19,638.61,24.92,30.0,30.0,41.41141924,4.12
2024-01-29 09:00:00,DC_3,20.6,56.13,41.06,48.23,650.38,23.1,41.13,30.0,43.87668066,9.03
2024-01-29 11:30:00,DC_3,21.31,51.42,50.87,65.72,772.52,23.31,36.42,35.87,61.87768245,5.85
2024-01-29 14:00:00,DC_3,21.54,55.61,46.23,87.82,879.05,23.04,40.61,31.23,83.18824796,5.27
2024-01-29 16:30:00,DC_3,23.44,65.83,58.31,212.33,1666.02,23.44,50.83,43.31,206.2674992,2.86
2024-01-29 19:00:00,DC_3,24.71,52.48,50.81,128.22,1399.54,24.71,37.48,35.81,123.5307483,3.66
2024-01-29 21:30:00,DC_3,24.33,50.47,50.18,105.81,1265.77,24.33,35.47,35.18,102.6323492,3.0
2024-01-30 00:00:00,DC_3,23.83,47.41,40.29,64.56,975.87,23.83,32.41,30.0,63.7887652,1.19
2024-01-30 02:30:00,DC_3,22.56,52.99,44.91,55.43,824.4,23.06,37.99,30.0,50.87488229,8.22
2024-01-30 05:00:00,DC_3,22.09,45.2,41.14,42.19,693.41,23.09,30.2,30.0,40.22018622,4.67
2024-01-30 07:30:00,DC_3,23.45,41.31,37.41,46.64,674.7,23.45,33.31,30.0,43.65703013,6.4
2024-01-30 10:00:00,DC_3,23.64,43.4,43.31,48.91,771.43,23.64,43.4,43.31,48.91,0.0
2024-01-30 12:30:00,DC_3,24.08,56.12,47.65,82.19,949.76,24.08,41.12,32.65,79.3571818,3.45
2024-01-30 15:00:00,DC_3,27.53,59.08,47.82,97.96,1193.41,27.53,44.08,32.82,93.43179793,4.62
2024-01-30 17:30:00,DC_3,24.43,60.69,53.82,146.76,1484.62,24.43,45.69,38.82,141.002954,3.92
2024-01-30 20:00:00,DC_3,23.25,60.31,55.94,130.83,1336.59,23.25,45.31,40.94,125.483153,4.09
2024-01-30 22:30:00,DC_3,21.68,47.23,50.73,86.51,1028.0,23.18,32.23,35.73,81.26073498,6.07
2024-01-31 01:00:00,DC_3,24.56,46.33,39.72,52.26,739.59,24.56,31.33,30.0,48.6112927,6.98
2024-01-31 03:30:00,DC_3,23.09,47.14,39.24,47.74,792.28,23.09,32.14,30.0,45.74193913,4.19
2024-01-31 06:00:00,DC_3,24.02,44.42,35.82,31.26,636.32,24.02,30.0,30.0,30.22986247,3.3
2024-01-31 08:30:00,DC_3,24.39,46.91,43.8,34.6,645.96,24.39,31.91,30.0,31.88577918,7.84
2024-01-31 11:00:00,DC_3,23.04,46.53,46.63,42.43,765.22,23.04,31.53,31.63,40.29765806,5.03
2024-01-31 13:30:00,DC_3,20.34,56.14,54.33,92.7,930.74,22.84,41.14,39.33,85.08931596,8.21
2024-01-31 16:00:00,DC_3,23.03,57.21,48.12,119.31,1358.5,23.03,57.21,33.12,118.3351918,0.82
2024-01-31 18:30:00,DC_3,22.27,61.64,53.89,171.31,1360.52,23.27,46.64,38.89,165.3734218,3.47
2024-01-31 21:00:00,DC_3,23.28,52.38,49.72,121.39,1319.22,23.28,37.38,34.72,117.7507256,3.0
2024-01-31 23:30:00,DC_3,16.77,61.02,56.05,99.33,1009.37,19.27,46.02,41.05,90.1878416,9.2
2024-02-01 02:00:00,DC_3,22.67,47.96,47.81,60.55,843.06,23.17,32.96,32.81,57.27254967,5.41
2024-02-01 04:30:00,DC_3,24.3,41.33,33.98,34.82,643.79,24.3,30.0,30.0,33.78176058,2.98
2024-02-01 07:00:00,DC_3,21.24,44.51,39.55,41.64,584.44,23.24,30.0,30.0,40.32260525,3.16
2024-02-01 09:30:00,DC_3,22.16,50.13,48.15,62.31,692.78,23.16,35.13,33.15,58.27668136,6.47
2024-02-01 12:00:00,DC_3,24.08,52.55,38.3,65.0,859.7,24.08,37.55,30.0,61.58397842,5.26
2024-02-01 14:30:00,DC_3,25.47,46.75,48.83,102.53,1027.59,25.47,46.75,48.83,102.5277685,0.0
2024-02-01 17:00:00,DC_3,22.65,58.78,53.99,145.47,1316.48,23.15,43.78,38.99,140.7421339,3.25
2024-02-01 19:30:00,DC_3,16.77,61.48,63.56,172.44,1344.58,19.27,46.48,48.56,160.0786748,7.17
2024-02-01 22:00:00,DC_3,24.11,49.12,46.1,111.99,1265.39,24.11,34.12,31.1,107.5154278,4.0
2024-02-02 00:30:00,DC_3,21.08,53.73,51.16,70.25,1007.56,23.08,38.73,36.16,63.60842833,9.45
2024-02-02 03:00:00,DC_3,23.11,51.15,48.39,48.42,838.09,23.11,36.15,33.39,44.9758048,7.11
2024-02-02 05:30:00,DC_3,23.22,38.35,43.23,36.27,598.06,23.22,30.0,30.0,36.05323645,0.6
2024-02-02 08:00:00,DC_3,21.18,47.15,39.04,45.2,565.85,23.18,32.15,30.0,40.81126549,9.71
2024-02-02 10:30:00,DC_3,22.48,53.11,37.2,48.2,747.95,23.48,38.11,30.0,44.80971623,7.03
2024-02-02 13:00:00,DC_3,21.99,52.46,51.2,87.64,983.21,23.49,37.46,36.2,82.58311958,5.77
2024-02-02 15:30:00,DC_3,22.58,58.71,50.875,123.94,1343.06,23.08,43.71,38.36,120.2491581,2.98
2024-02-02 18:00:00,DC_3,20.95,61.06,62.05,178.6,1414.31,23.45,46.06,47.05,167.3369948,6.31
2024-02-02 20:30:00,DC_3,23.05,56.4,58.15,128.42,1326.0,23.05,41.4,43.15,123.4117232,3.9
2024-02-02 23:00:00,DC_3,21.99,55.77,47.98,96.09,1157.29,23.49,40.77,32.98,91.27775192,5.01
2024-02-03 01:30:00,DC_3,22.54,39.52,39.74,44.3,766.6,23.04,30.0,30.0,41.94708749,5.31
2024-02-03 04:00:00,DC_3,24.48,39.14,30.1,27.82,583.89,24.48,30.0,30.0,25.6600484,7.76
2024-02-03 06:30:00,DC_3,23.84,38.82,32.34,31.28,638.39,23.84,30.0,30.0,30.74260544,1.72
2024-02-03 09:00:00,DC_3,22.07,43.87,43.95,35.18,563.76,23.07,30.0,30.0,33.4129243,5.02
2024-02-03 11:30:00,DC_3,23.96,56.48,37.56,61.46,758.83,23.96,41.48,30.0,57.40917318,6.59
2024-02-03 14:00:00,DC_3,24.9,47.03,38.93,40.31,700.62,24.9,32.03,30.0,37.57237104,6.79
2024-02-03 16:30:00,DC_3,23.67,50.71,44.96,57.74,979.06,23.67,35.71,30.0,53.80951877,6.81
2024-02-03 19:00:00,DC_3,23.45,50.34,48.96,99.24,1159.69,23.45,35.34,33.96,95.14611158,4.13
2024-02-03 21:30:00,DC_3,20.85,48.47,48.23,66.5,906.02,23.35,33.47,33.23,60.62642991,8.83
2024-02-04 00:00:00,DC_3,23.24,50.16,43.35,59.08,822.61,23.24,35.16,30.0,56.47719029,4.41
2024-02-04 02:30:00,DC_3,24.52,44.42,37.02,32.54,635.65,24.52,30.0,30.0,30.30023776,6.88
2024-02-04 05:00:00,DC_3,25.12,45.7,42.52,61.07,927.08,25.12,30.7,30.0,57.72051618,5.48
2024-02-04 07:30:00,DC_3,24.9,42.43,35.25,27.81,554.23,24.9,30.0,30.0,25.73274625,7.47
2024-02-04 10:00:00,DC_3,21.32,50.12,43.04,48.06,551.02,23.32,35.12,30.0,44.74022999,6.91
2024-02-04 12:30:00,DC_3,21.57,54.23,45.98,57.15,707.28,23.07,39.23,30.98,51.34897745,10.15
2024-02-04 15:00:00,DC_3,22.37,43.39,53.82,89.41,874.46,23.37,30.0,38.82,85.18351589,4.73
2024-02-04 17:30:00,DC_3,23.31,56.4,51.49,93.63,917.03,23.31,41.4,36.49,89.22698217,4.7
2024-02-04 20:00:00,DC_3,23.77,57.05,44.27,72.49,1104.58,23.77,42.05,30.0,70.88181986,2.22
2024-02-04 22:30:00,DC_3,24.33,47.87,46.1,75.77,970.41,24.33,32.87,31.1,73.03360772,3.61
2024-02-05 01:00:00,DC_3,23.81,47.6,36.97,54.51,851.96,23.81,32.6,30.0,50.78828904,6.83
2024-02-05 03:30:00,DC_3,26.64,44.82,43.55,48.82,732.36,26.64,36.82,30.0,45.98241673,5.81
2024-02-05 06:00:00,DC_3,24.11,45.7,36.12,38.65,584.5,24.11,30.7,30.0,35.88771712,7.15
2024-02-05 08:30:00,DC_3,23.74,46.47,39.66,46.26,689.28,23.74,31.47,30.0,44.82680592,3.1
2024-02-05 11:00:00,DC_3,23.03,53.11,41.52,63.55,873.83,23.03,38.11,30.0,60.1852144,5.29
2024-02-05 13:30:00,DC_3,23.25,53.14,50.83,72.09,972.44,23.25,38.14,35.83,68.77929041,4.59
2024-02-05 16:00:00,DC_3,23.35,51.91,53.49,90.89,1146.47,23.35,36.91,38.49,89.96790568,1.01
2024-02-05 18:30:00,DC_3,22.07,64.18,59.03,177.25,1561.17,23.07,49.18,44.03,170.6264271,3.74
2024-02-05 21:00:00,DC_3,24.91,59.65,46.68,101.28,1214.33,24.91,44.65,31.68,97.41593521,3.82
2024-02-05 23:30:00,DC_3,26.88,47.17,41.92,64.9,1011.96,26.88,47.17,41.92,64.9,0.0
2024-02-06 02:00:00,DC_3,21.82,49.74,48.91,57.12,891.78,22.32,41.74,33.91,55.60436424,2.65
2024-02-06 04:30:00,DC_3,23.83,43.63,39.37,37.4,636.55,23.83,30.0,30.0,35.41964413,5.3
2024-02-06 07:00:00,DC_3,19.45,46.07,46.3,51.26,628.0,21.95,31.07,31.3,45.01238323,12.19
2024-02-06 09:30:00,DC_3,18.32,44.07,46.33,71.16,664.5,20.82,30.0,31.33,65.71549353,7.65
2024-02-06 12:00:00,DC_3,24.12,49.64,46.15,74.08,908.48,24.12,34.64,31.15,70.78508086,4.45
2024-02-06 14:30:00,DC_3,22.16,55.69,54.82,118.64,1029.26,23.16,40.69,39.82,112.2764256,5.36
2024-02-06 17:00:00,DC_3,22.42,67.13,62.86,179.67,1557.25,23.42,52.13,47.86,173.6346678,3.36
2024-02-06 19:30:00,DC_3,22.4,56.35,53.9,125.85,1389.4,23.4,41.35,38.9,119.3585907,5.16
2024-02-06 22:00:00,DC_3,24.29,50.24,45.1,106.0,1271.89,24.29,35.24,30.1,103.560075,2.3
2024-02-07 00:30:00,DC_3,23.69,55.54,47.33,68.04,1018.91,23.69,40.54,32.33,63.1978244,7.12
2024-02-07 03:00:00,DC_3,20.92,43.37,45.69,71.24,812.82,23.42,30.0,30.69,66.11554793,7.19
2024-02-07 05:30:00,DC_3,22.3,38.97,44.13,38.59,578.24,23.3,30.0,30.0,33.86657725,12.24
2024-02-07 08:00:00,DC_3,23.63,38.03,37.87,31.53,552.02,23.63,30.0,30.0,30.51925297,3.21
2024-02-07 10:30:00,DC_3,23.76,42.9,38.41,56.61,761.35,23.76,30.0,30.0,54.3031059,4.08
2024-02-07 13:00:00,DC_3,23.06,48.95,43.57,77.7,900.98,23.06,33.95,30.0,75.28419344,3.11
2024-02-07 15:30:00,DC_3,21.72,59.98,60.82,180.19,1456.72,23.22,44.98,45.82,171.0489647,5.07
2024-02-07 18:00:00,DC_3,21.27,61.65,56.82,182.59,1580.72,23.27,46.65,41.82,173.1866691,5.15
2024-02-07 20:30:00,DC_3,22.43,65.01,56.27,113.15,1260.93,23.43,50.01,41.27,107.5655788,4.94
2024-02-07 23:00:00,DC_3,23.95,47.3,46.95,61.56,1067.83,23.95,32.3,31.95,57.19945,7.08
2024-02-08 01:30:00,DC_3,23.32,50.04,50.59,66.58,1023.59,23.32,35.04,35.59,62.86559873,5.58
2024-02-08 04:00:00,DC_3,23.4,43.89,31.4,38.69,648.91,23.4,30.0,30.0,35.96640254,7.04
2024-02-08 06:30:00,DC_3,23.54,44.93,34.45,54.96,722.39,23.54,30.0,30.0,53.6610805,2.36
2024-02-08 09:00:00,DC_3,24.0,43.73,39.55,39.98,691.53,24.0,30.0,30.0,37.39231074,6.47
2024-02-08 11:30:00,DC_3,20.79,54.98,40.26,84.52,902.84,23.29,39.98,30.0,79.74829763,5.65
2024-02-08 14:00:00,DC_3,24.28,51.24,42.87,69.6,944.43,24.28,36.24,30.0,66.22764815,4.85
2024-02-08 16:30:00,DC_3,24.42,54.66,52.07,129.28,1415.11,24.42,39.66,37.07,124.5371186,3.67
2024-02-08 19:00:00,DC_3,16.88,62.78,64.96,195.08,1320.77,19.38,47.78,49.96,182.5893589,6.4
2024-02-08 21:30:00,DC_3,23.9,49.46,48.04,110.17,1285.1,23.9,34.46,33.04,106.9629328,2.91
2024-02-09 00:00:00,DC_3,22.77,52.12,50.875,77.4,1018.54,23.27,37.12,32.82,72.79914543,5.94
2024-02-09 02:30:00,DC_3,22.71,43.43,38.52,43.37,725.93,23.21,30.0,30.0,40.73998936,6.06
2024-02-09 05:00:00,DC_3,23.38,49.21,33.9,43.5,729.21,23.38,34.21,30.0,42.82966708,1.54
2024-02-09 07:30:00,DC_3,22.66,42.35,43.37,49.28,657.0,23.16,30.0,30.0,45.89510855,6.87
2024-02-09 10:00:00,DC_3,24.02,45.34,40.16,47.96,760.42,24.02,30.34,30.0,44.80117065,6.59
2024-02-09 12:30:00,DC_3,22.91,52.72,50.43,92.18,955.38,23.41,37.72,35.43,89.50219694,2.9
2024-02-09 15:00:00,DC_3,26.92,48.26,44.5,99.69,1110.45,26.92,40.26,30.0,97.5279125,2.17
2024-02-09 17:30:00,DC_3,23.51,65.87,50.34,155.42,1387.68,23.51,50.87,35.34,150.2051167,3.36
2024-02-09 20:00:00,DC_3,23.09,52.43,57.66,141.88,1397.66,23.09,37.43,42.66,137.2019304,3.3
2024-02-09 22:30:00,DC_3,23.34,56.62,52.42,102.0,1158.37,23.34,41.62,37.42,96.89209866,5.01
2024-02-10 01:00:00,DC_3,23.38,44.57,39.5,38.56,729.69,23.38,36.57,30.0,35.41457171,8.16
2024-02-10 03:30:00,DC_3,21.14,49.96,35.78,41.63,645.99,23.14,34.96,30.0,39.03877355,6.22
2024-02-10 06:00:00,DC_3,23.75,46.89,37.2,41.72,659.14,23.75,31.89,30.0,38.54906907,7.6
2024-02-10 08:30:00,DC_3,23.0,34.26,40.64,36.21,625.79,23.0,30.0,30.0,36.17400433,0.1
2024-02-10 11:00:00,DC_3,23.4,40.31,35.38,57.42,706.84,23.4,30.0,30.0,55.68317347,3.02
2024-02-10 13:30:00,DC_3,23.93,43.59,42.9,61.26,740.9,23.93,30.0,30.0,57.19060897,6.64
2024-02-10 16:00:00,DC_3,21.97,50.74,43.08,67.5,869.71,23.47,35.74,30.0,63.52841856,5.88
2024-02-10 18:30:00,DC_3,20.9,62.06,42.65,94.84,1010.01,23.4,47.06,30.0,87.30730033,7.94
2024-02-10 21:00:00,DC_3,18.27,56.025000000000006,52.38,106.57,993.13,20.77,48.58,37.38,97.81690735,8.21
2024-02-10 23:30:00,DC_3,23.52,42.3,40.58,57.3,797.21,23.52,42.3,30.0,56.65280102,1.13
2024-02-11 02:00:00,DC_3,22.63,43.54,33.95,36.55,665.27,22.63,43.54,33.95,36.55,0.0
2024-02-11 04:30:00,DC_3,23.7,38.75,34.48,40.2,612.28,23.7,30.0,30.0,39.18015207,2.54
2024-02-11 07:00:00,DC_3,21.78,53.37,35.29,37.53,544.25,23.28,38.37,30.0,33.40005794,11.0
2024-02-11 09:30:00,DC_3,23.74,42.81,38.8,32.8,664.48,23.74,30.0,30.0,32.52009858,0.85
2024-02-11 12:00:00,DC_3,21.82,49.81,44.0,56.75,730.25,23.32,34.81,30.0,51.74892841,8.81
2024-02-11 14:30:00,DC_3,23.7,52.1,48.22,58.99,836.72,23.7,37.1,33.22,56.6742253,3.93
2024-02-11 17:00:00,DC_3,23.28,55.39,52.81,90.06,911.71,23.28,40.39,37.81,87.71946798,2.6
2024-02-11 19:30:00,DC_3,22.8,55.84,52.05,122.21,1357.98,23.3,40.84,37.05,117.7173806,3.68
2024-02-11 22:00:00,DC_3,24.22,55.19,42.27,60.89,942.31,24.22,40.19,30.0,57.67173987,5.29
2024-02-12 00:30:00,DC_3,21.43,54.58,51.6,92.67,1044.85,23.43,39.58,36.6,87.451596,5.63
2024-02-12 03:00:00,DC_3,22.49,53.17,42.6,41.24,747.98,23.49,45.17,30.0,37.78211026,8.38
2024-02-12 05:30:00,DC_3,23.2,41.63,38.98,31.24,601.67,23.2,30.0,30.0,30.31275486,2.97
2024-02-12 08:00:00,DC_3,22.28,39.32,37.9,31.1,514.58,23.28,30.0,30.0,27.91573315,10.24
2024-02-12 10:30:00,DC_3,23.84,47.14,39.45,74.03,849.1,23.84,32.14,30.0,72.04328571,2.68
2024-02-12 13:00:00,DC_3,23.1,60.57,42.78,85.17,985.3,23.1,45.57,30.0,79.92813673,6.15
2024-02-12 15:30:00,DC_3,23.76,57.51,51.36,113.58,1224.52,23.76,42.51,36.36,109.2974488,3.77
2024-02-12 18:00:00,DC_3,28.62,50.08,49.18,100.91,1451.22,28.62,50.08,49.18,100.9070891,0.0
2024-02-12 20:30:00,DC_3,23.12,60.79,54.58,114.46,1381.38,23.12,45.79,39.58,109.0062714,4.76
2024-02-12 23:00:00,DC_3,21.74,52.27,47.96,96.55,1230.97,23.24,37.27,32.96,93.22329124,3.45
2024-02-13 01:30:00,DC_3,23.13,51.11,42.1,77.72,890.08,23.13,36.11,30.0,73.4231066,5.53
2024-02-13 04:00:00,DC_3,23.9,47.1,44.3,46.52,638.34,23.9,32.1,30.0,42.98040768,7.61
2024-02-13 06:30:00,DC_3,24.09,34.46,34.83,43.17,672.44,24.09,30.0,30.0,42.25083416,2.13
2024-02-13 09:00:00,DC_3,20.63,44.08,39.82,55.78,654.16,23.13,30.0,30.0,50.55501736,9.37
2024-02-13 11:30:00,DC_3,21.67,46.01,53.09,79.03,859.86,23.17,31.01,38.09,73.60353492,6.87
2024-02-13 14:00:00,DC_3,23.53,56.11,52.66,95.77,1080.76,23.53,41.11,37.66,91.94463906,3.99
2024-02-13 16:30:00,DC_3,24.81,62.4,54.19,120.48,1375.88,24.81,47.4,39.19,116.6856953,3.15
2024-02-13 19:00:00,DC_3,23.29,54.59,43.58,111.75,1311.79,23.29,39.59,30.0,107.0200923,4.23
2024-02-13 21:30:00,DC_3,23.45,51.51,49.1,101.14,1108.77,23.45,36.51,34.1,98.64958959,2.46
2024-02-14 00:00:00,DC_3,21.96,55.69,54.09,91.55,1057.73,23.46,40.69,39.09,84.60139003,7.59
2024-02-14 02:30:00,DC_3,20.88,55.63,47.62,61.17,773.95,23.38,40.63,32.62,56.14376731,8.22
2024-02-14 05:00:00,DC_3,23.43,40.4,34.48,44.35,595.1,23.43,30.0,30.0,41.79474039,5.76
2024-02-14 07:30:00,DC_3,24.5,40.68,42.26,36.86,644.05,24.5,30.0,30.0,34.29601084,6.96
2024-02-14 10:00:00,DC_3,20.75,59.39,35.78,61.5,716.72,20.75,59.39,30.0,61.00927502,0.8
2024-02-14 12:30:00,DC_3,21.36,65.54,58.1,189.45,1574.88,23.36,50.54,43.1,180.3398299,4.81
2024-02-14 15:00:00,DC_3,22.75,62.79,54.35,127.27,1366.42,23.25,47.79,39.35,123.415535,3.03
2024-02-14 17:30:00,DC_3,22.06,64.59,60.89,176.01,1528.69,23.06,49.59,45.89,168.0379353,4.53
2024-02-14 20:00:00,DC_3,23.97,65.2,50.08,145.43,1427.43,23.97,50.2,35.08,140.6573802,3.28
2024-02-14 22:30:00,DC_3,24.26,51.2,53.82,104.38,1308.06,24.26,36.2,38.82,101.5759655,2.69
2024-02-15 01:00:00,DC_3,19.24,61.1,52.94,103.06,1054.56,21.74,46.1,37.94,95.08661701,7.74
2024-02-15 03:30:00,DC_3,21.7,42.73,46.08,55.6,773.74,23.2,30.0,31.08,51.2821176,7.77
2024-02-15 06:00:00,DC_3,23.98,40.39,34.69,29.02,621.89,23.98,30.0,30.0,27.88610743,3.91
2024-02-15 08:30:00,DC_3,20.92,44.84,33.41,35.08,596.67,23.42,30.0,30.0,31.40169019,10.49
2024-02-15 11:00:00,DC_3,24.14,47.42,42.54,64.79,840.38,24.14,32.42,30.0,60.86164603,6.06
2024-02-15 13:30:00,DC_3,23.15,57.52,50.03,98.21,922.3,23.15,42.52,35.03,91.95414186,6.37
2024-02-15 16:00:00,DC_3,23.47,52.94,62.76,158.26,1659.8,23.47,37.94,47.76,153.1583586,3.22
2024-02-15 18:30:00,DC_3,23.2,52.54,58.31,144.96,1366.66,23.2,37.54,43.31,139.2223416,3.96
2024-02-15 21:00:00,DC_3,24.32,45.01,48.41,84.83,1175.61,24.32,37.01,33.41,82.42131277,2.84
2024-02-15 23:30:00,DC_3,23.95,52.53,42.57,79.1,1042.15,23.95,37.53,30.0,74.97380073,5.22
2024-02-16 02:00:00,DC_3,21.8,49.58,49.33,56.61,774.28,23.3,34.58,34.33,52.75213117,6.81
2024-02-16 04:30:00,DC_3,23.95,42.92,38.39,43.82,641.11,23.95,30.0,30.0,39.68746974,9.43
2024-02-16 07:00:00,DC_3,22.81,39.63,34.86,34.74,614.43,22.81,39.63,34.86,34.74,0.0
2024-02-16 09:30:00,DC_3,23.17,51.04,35.77,48.25,686.7,23.17,36.04,30.0,44.48798326,7.8
2024-02-16 12:00:00,DC_3,23.0,46.63,52.68,78.56,883.86,23.0,31.63,37.68,73.3888481,6.58
2024-02-16 14:30:00,DC_3,22.88,63.36,52.49,122.0,1202.57,23.38,48.36,37.49,117.6790173,3.54
2024-02-16 17:00:00,DC_3,23.65,62.62,56.32,177.55,1660.22,23.65,47.62,41.32,172.6027823,2.79
2024-02-16 19:30:00,DC_3,23.47,54.04,54.02,126.86,1432.95,23.47,39.04,39.02,122.3144808,3.58
2024-02-16 22:00:00,DC_3,23.54,45.94,43.5,84.72,1134.94,23.54,30.94,30.0,84.00209547,0.85
2024-02-17 00:30:00,DC_3,22.86,49.23,38.27,48.56,738.48,23.36,34.23,30.0,47.25858145,2.68
2024-02-17 03:00:00,DC_3,23.99,53.43,40.57,56.25,806.1,23.99,38.43,30.0,53.76746491,4.41
2024-02-17 05:30:00,DC_3,24.29,41.1,39.3,28.72,544.07,24.29,30.0,30.0,28.0382065,2.37
2024-02-17 08:00:00,DC_3,22.03,45.57,32.62,38.76,583.12,23.03,30.57,30.0,36.57645497,5.63
2024-02-17 10:30:00,DC_3,22.29,48.64,44.08,46.49,696.98,23.29,33.64,30.0,41.47900086,10.78
2024-02-17 13:00:00,DC_3,22.74,51.61,44.26,61.82,731.36,23.24,36.61,30.0,55.63043446,10.01
2024-02-17 15:30:00,DC_3,21.11,59.38,43.92,91.3,927.85,23.11,44.38,30.0,81.52985054,10.7
2024-02-17 18:00:00,DC_3,23.45,47.12,54.27,74.43,1052.88,23.45,32.12,39.27,71.31121782,4.19
2024-02-17 20:30:00,DC_3,17.7,54.93,55.96,102.09,1104.73,20.2,39.93,40.96,95.09468715,6.85
2024-02-17 23:00:00,DC_3,18.32,54.25,46.84,85.53,915.72,20.82,39.25,31.84,78.30334015,8.45
2024-02-18 01:30:00,DC_3,26.8,33.38,41.78,42.63,744.47,26.8,33.38,41.78,42.62952267,0.0
2024-02-18 04:00:00,DC_3,24.46,42.16,42.88,38.9,615.33,24.46,30.0,30.0,35.33721665,9.16
2024-02-18 06:30:00,DC_3,22.63,42.1,37.67,30.57,525.27,23.13,30.0,30.0,28.82100369,5.72
2024-02-18 09:00:00,DC_3,24.14,47.38,35.5,40.97,658.32,24.14,32.38,30.0,38.92780743,4.98
2024-02-18 11:30:00,DC_3,23.36,50.36,35.22,49.06,665.95,23.36,35.36,30.0,45.83310092,6.58
2024-02-18 14:00:00,DC_3,23.37,47.61,45.29,61.81,905.98,23.37,32.61,30.29,58.85420542,4.78
2024-02-18 16:30:00,DC_3,21.47,61.61,48.84,86.16,994.17,23.47,46.61,33.84,80.05897959,7.08
2024-02-18 19:00:00,DC_3,22.77,55.51,40.99,83.87,926.88,23.27,40.51,30.0,79.62685557,5.06
2024-02-18 21:30:00,DC_3,27.63,43.74,36.34,49.25,984.75,27.63,43.74,30.0,49.09576201,0.31
2024-02-19 00:00:00,DC_3,23.67,55.82,46.44,69.34,973.81,23.67,40.82,31.44,64.79088978,6.56
2024-02-19 02:30:00,DC_3,22.12,45.61,41.13,48.6,780.38,23.12,30.61,30.0,46.55572548,4.21
2024-02-19 05:00:00,DC_3,22.48,46.39,34.9,38.06,659.33,23.48,31.39,30.0,35.85915962,5.78
2024-02-19 07:30:00,DC_3,27.46,39.83,24.3,31.75,583.07,27.46,30.0,30.0,30.00709048,5.49
2024-02-19 10:00:00,DC_3,19.88,50.44,43.7,63.45,723.32,22.38,35.44,30.0,58.26557091,8.17
2024-02-19 12:30:00,DC_3,25.16,51.07,50.3,74.36,975.13,25.16,36.07,35.3,69.70617059,6.26
2024-02-19 15:00:00,DC_3,24.76,53.47,52.13,93.87,1287.44,24.76,53.47,37.13,92.32570374,1.65
2024-02-19 17:30:00,DC_3,28.6,60.8,52.77,118.97,1533.64,28.6,60.8,52.77,118.9663216,0.0
2024-02-19 20:00:00,DC_3,22.23,60.99,59.22,113.34,1266.61,23.23,45.99,44.22,107.6908813,4.98
2024-02-19 22:30:00,DC_3,23.71,53.22,52.64,121.07,1344.73,23.71,38.22,37.64,117.0633398,3.31
2024-02-20 01:00:00,DC_3,20.64,52.61,49.28,63.1,917.29,23.14,37.61,34.28,57.46115448,8.94
2024-02-20 03:30:00,DC_3,21.97,44.08,43.04,59.26,723.7,23.47,30.0,30.0,54.96478885,7.25
2024-02-20 06:00:00,DC_3,22.97,37.45,34.59,38.65,537.41,22.97,37.45,34.59,38.64669124,0.01
2024-02-20 08:30:00,DC_3,23.32,41.81,36.72,34.91,536.57,23.32,30.0,30.0,34.73692378,0.5
2024-02-20 11:00:00,DC_3,21.83,46.47,42.89,64.97,774.19,23.33,31.47,30.0,59.02523746,9.15
2024-02-20 13:30:00,DC_3,23.27,50.18,46.43,97.88,958.21,23.27,35.18,31.43,93.71480001,4.26
2024-02-20 16:00:00,DC_3,22.31,72.75,66.86,222.19,1775.17,23.31,57.75,51.86,214.5751655,3.43
2024-02-20 18:30:00,DC_3,24.62,57.21,43.13,114.61,1284.47,24.62,42.21,30.0,111.3507313,2.84
2024-02-20 21:00:00,DC_3,23.53,53.02,56.14,103.13,1154.94,23.53,38.02,41.14,99.20076208,3.81
2024-02-20 23:30:00,DC_3,22.28,48.74,49.54,94.55,1006.29,23.28,33.74,34.54,89.58490703,5.25
2024-02-21 02:00:00,DC_3,23.82,47.46,47.85,46.16,828.47,23.82,32.46,32.85,42.80880476,7.26
2024-02-21 04:30:00,DC_3,25.11,36.02,36.07,18.77,601.33,25.11,30.0,30.0,18.43853613,1.77
2024-02-21 07:00:00,DC_3,23.34,58.89,44.03,78.89,892.75,23.34,43.89,30.0,74.3211639,5.79
2024-02-21 09:30:00,DC_3,18.36,51.51,43.78,54.76,598.93,20.86,36.51,30.0,48.82621823,10.84
2024-02-21 12:00:00,DC_3,24.35,54.54,40.83,76.53,998.04,24.35,39.54,30.0,73.91358858,3.42
2024-02-21 14:30:00,DC_3,21.91,57.75,45.52,104.35,914.14,23.41,42.75,30.52,98.56996815,5.54
2024-02-21 17:00:00,DC_3,21.05,69.74,57.61,181.67,1466.68,23.05,54.74,42.61,172.2472684,5.19
2024-02-21 19:30:00,DC_3,21.93,53.37,51.52,119.33,1208.26,23.43,38.37,36.52,113.5636198,4.83
2024-02-21 22:00:00,DC_3,22.84,53.86,50.93,99.77,1164.45,23.34,38.86,35.93,95.34789772,4.43
2024-02-22 00:30:00,DC_3,22.5,46.62,47.2,75.3,988.02,23.0,31.62,32.2,69.74647503,7.38
2024-02-22 03:00:00,DC_3,23.87,43.67,32.79,40.48,704.08,23.87,30.0,30.0,38.67352738,4.46
2024-02-22 05:30:00,DC_3,22.7,41.98,37.52,38.77,615.95,23.2,30.0,30.0,36.51736196,5.81
2024-02-22 08:00:00,DC_3,22.75,49.98,44.59,41.61,693.73,23.25,34.98,30.0,38.5675356,7.31
2024-02-22 10:30:00,DC_3,24.4,40.9,37.68,37.46,662.32,24.4,30.0,30.0,35.34167518,5.65
2024-02-22 13:00:00,DC_3,23.98,51.56,39.78,81.72,973.76,23.98,36.56,30.0,78.4157494,4.04
2024-02-22 15:30:00,DC_3,23.06,64.32,49.49,165.16,1437.92,23.06,49.32,34.49,159.1894094,3.62
2024-02-22 18:00:00,DC_3,22.87,63.47,58.82,160.33,1460.63,23.37,48.47,43.82,153.4353781,4.3
2024-02-22 20:30:00,DC_3,23.17,53.17,50.49,117.21,1374.62,23.17,38.17,35.49,113.4004859,3.25
2024-02-22 23:00:00,DC_3,24.55,55.94,45.85,134.41,1203.03,24.55,40.94,30.85,130.4375304,2.96
2024-02-23 01:30:00,DC_3,17.08,52.95,50.12,79.3,814.36,19.58,37.95,35.12,74.00264412,6.68
2024-02-23 04:00:00,DC_3,22.97,47.46,47.17,66.61,951.21,23.47,32.46,32.17,64.68349392,2.89
2024-02-23 06:30:00,DC_3,27.76,40.43,30.35,37.0,656.41,27.76,32.43,30.0,36.04694107,2.58
2024-02-23 09:00:00,DC_3,22.55,51.65,45.19,46.91,682.19,23.05,36.65,30.19,43.6266777,7.0
2024-02-23 11:30:00,DC_3,20.51,47.27,48.35,65.9,814.17,23.01,32.27,33.35,60.56163476,8.1
2024-02-23 14:00:00,DC_3,27.84,53.83,41.9,117.25,1188.79,27.84,45.83,30.0,115.637501,1.38
2024-02-23 16:30:00,DC_3,24.28,62.03,54.09,164.93,1606.58,24.28,47.03,39.09,159.6686901,3.19
2024-02-23 19:00:00,DC_3,21.74,56.13,50.85,142.66,1368.94,22.24,48.13,35.85,138.9620868,2.59
2024-02-23 21:30:00,DC_3,21.64,58.81,50.76,113.15,1230.21,23.14,43.81,35.76,107.0311783,5.41
2024-02-24 00:00:00,DC_3,22.76,45.89,49.06,66.27,824.26,23.26,30.89,34.06,60.34579442,8.94
2024-02-24 02:30:00,DC_3,24.27,44.65,36.07,35.8,665.76,24.27,30.0,30.0,33.9019868,5.3
2024-02-24 05:00:00,DC_3,22.15,45.0,43.43,58.15,654.29,22.65,30.0,30.0,54.5960768,6.11
2024-02-24 07:30:00,DC_3,21.32,51.72,37.21,42.79,581.73,23.32,36.72,30.0,38.07747201,11.01
2024-02-24 10:00:00,DC_3,17.52,50.31,50.67,56.71,595.29,20.02,35.31,35.67,50.95646458,10.15
2024-02-24 12:30:00,DC_3,23.47,49.72,50.48,76.21,792.3,23.47,34.72,35.48,72.91955251,4.32
2024-02-24 15:00:00,DC_3,23.4,53.71,52.71,84.18,955.42,23.4,38.71,37.71,80.11167775,4.83
2024-02-24 17:30:00,DC_3,22.42,50.09,46.42,83.92,895.22,23.42,35.09,31.42,77.8774006,7.2
2024-02-24 20:00:00,DC_3,23.26,54.04,41.21,80.72,923.47,23.26,39.04,30.0,77.54332412,3.94
2024-02-24 22:30:00,DC_3,24.18,40.9,42.87,24.95,764.05,24.18,30.0,30.0,23.76850502,4.74
2024-02-25 01:00:00,DC_3,26.65,43.42,34.34,35.25,707.61,26.65,35.42,30.0,34.12526402,3.19
2024-02-25 03:30:00,DC_3,23.9,46.6,34.6,31.35,640.95,23.9,31.6,30.0,29.18587026,6.9
2024-02-25 06:00:00,DC_3,23.85,33.02,36.92,27.87,579.94,23.85,33.02,36.92,27.86678868,0.01
2024-02-25 08:30:00,DC_3,22.97,42.85,41.74,32.59,544.51,23.47,30.0,30.0,28.8830496,11.37
2024-02-25 11:00:00,DC_3,22.81,49.22,50.875,67.62,773.24,23.31,34.22,30.0,65.67858088,2.87
2024-02-25 13:30:00,DC_3,22.78,50.84,37.39,66.44,768.83,23.28,35.84,30.0,63.23851866,4.82
2024-02-25 16:00:00,DC_3,21.66,54.85,49.19,76.51,854.13,23.16,46.85,34.19,73.374061,4.1
2024-02-25 18:30:00,DC_3,18.31,65.26,53.98,135.9,1076.69,20.81,50.26,38.98,125.069177,7.97
2024-02-25 21:00:00,DC_3,23.66,54.1,42.18,109.97,1177.7,23.66,39.1,30.0,106.4561822,3.2
2024-02-25 23:30:00,DC_3,22.37,56.025000000000006,46.94,71.27,923.13,23.37,34.07,31.94,64.82302848,9.05
2024-02-26 02:00:00,DC_3,22.49,49.25,45.07,52.93,799.58,23.49,34.25,30.07,50.2900433,4.99
2024-02-26 04:30:00,DC_3,23.91,49.25,31.35,37.45,680.0,23.91,34.25,30.0,35.03293719,6.45
2024-02-26 07:00:00,DC_3,22.43,44.57,38.01,41.18,576.7,23.43,30.0,30.0,37.2382076,9.57
2024-02-26 09:30:00,DC_3,24.67,36.49,34.21,33.45,584.5,24.67,30.0,30.0,31.98157382,4.39
2024-02-26 12:00:00,DC_3,21.63,58.25,45.61,75.87,840.07,23.13,43.25,30.61,72.85860654,3.97
2024-02-26 14:30:00,DC_3,21.98,58.89,51.47,113.1,1188.0,23.48,43.89,36.47,107.1558905,5.26
2024-02-26 17:00:00,DC_3,23.49,63.62,51.04,199.42,1496.77,23.49,48.62,36.04,193.6191075,2.91
2024-02-26 19:30:00,DC_3,23.31,73.7,59.4,179.1,1720.05,23.31,58.7,44.4,173.1068938,3.35
2024-02-26 22:00:00,DC_3,23.82,50.91,47.34,87.22,1123.55,23.82,35.91,32.34,84.10880377,3.57
2024-02-27 00:30:00,DC_3,24.57,46.87,44.28,94.95,1116.45,24.57,31.87,30.0,92.26236515,2.83
2024-02-27 03:00:00,DC_3,22.22,51.6,36.25,52.25,739.47,23.22,36.6,30.0,49.68676534,4.91
2024-02-27 05:30:00,DC_3,23.36,46.77,37.35,48.31,641.51,23.36,31.77,30.0,48.18794263,0.25
2024-02-27 08:00:00,DC_3,24.51,36.58,25.9,31.33,582.64,24.51,36.58,25.9,31.33,0.0
2024-02-27 10:30:00,DC_3,23.51,45.4,42.07,57.73,705.72,23.51,30.4,30.0,53.79098412,6.82
2024-02-27 13:00:00,DC_3,22.67,48.61,48.36,69.25,983.45,23.17,33.61,33.36,68.34911531,1.3
2024-02-27 15:30:00,DC_3,20.88,66.46,58.03,153.2,1285.18,23.38,51.46,43.03,144.1048996,5.94
2024-02-27 18:00:00,DC_3,22.48,69.12,60.62,169.27,1600.73,23.48,54.12,45.62,163.9239946,3.16
2024-02-27 20:30:00,DC_3,25.21,61.25,54.05,105.84,1317.16,25.21,46.25,39.05,100.6191207,4.93
2024-02-27 23:00:00,DC_3,22.96,60.4,46.48,90.0,1186.39,23.46,45.4,31.48,86.69013032,3.68
2024-02-28 01:30:00,DC_3,19.96,51.34,49.28,70.3,842.06,22.46,36.34,34.28,64.7134689,7.95
2024-02-28 04:00:00,DC_3,23.6,49.0,45.19,64.62,814.95,23.6,34.0,30.19,59.442079,8.01
2024-02-28 06:30:00,DC_3,24.79,45.9,33.41,42.07,592.08,24.79,30.9,30.0,38.79610621,7.78
2024-02-28 09:00:00,DC_3,22.58,51.41,43.41,73.28,864.51,23.08,43.41,30.0,70.29551768,4.07
2024-02-28 11:30:00,DC_3,21.78,46.96,45.14,65.58,755.61,23.28,31.96,30.14,61.87597959,5.65
2024-02-28 14:00:00,DC_3,22.98,51.01,45.91,104.65,947.52,23.48,36.01,30.91,100.4137645,4.05
2024-02-28 16:30:00,DC_3,21.71,69.74,60.11,141.1,1324.69,23.21,54.74,45.11,131.9587125,6.48
2024-02-28 19:00:00,DC_3,16.8,68.54,56.16,171.38,1333.18,19.3,53.54,41.16,159.2840898,7.06
2024-02-28 21:30:00,DC_3,21.84,55.3,44.47,82.47,1069.63,23.34,40.3,30.0,75.46138789,8.5
2024-02-29 00:00:00,DC_3,23.73,41.74,47.62,69.16,1015.65,23.73,30.0,32.62,65.28856827,5.6
2024-02-29 02:30:00,DC_3,23.65,36.03,47.71,56.12,779.45,23.65,36.03,47.71,56.11562264,0.01
2024-02-29 05:00:00,DC_3,24.15,42.0,33.97,32.73,593.15,24.15,30.0,30.0,30.10337048,8.03
2024-02-29 07:30:00,DC_3,23.75,40.15,40.39,27.18,620.64,23.75,30.0,30.0,25.5993445,5.82
2024-02-29 10:00:00,DC_3,22.05,44.3,42.94,62.32,716.56,23.05,30.0,30.0,58.15238239,6.69
2024-02-29 12:30:00,DC_3,24.69,56.025000000000006,39.96,41.08,858.81,24.69,32.02,30.0,38.12314264,7.2
2024-02-29 15:00:00,DC_3,23.66,51.47,58.08,122.98,1251.34,23.66,36.47,43.08,118.1287621,3.94
2024-02-29 17:30:00,DC_3,22.65,67.1,63.98,161.51,1478.71,23.15,52.1,48.98,154.6969218,4.22
2024-02-29 20:00:00,DC_3,24.96,63.88,61.3,164.76,1820.13,24.96,48.88,46.3,158.0019221,4.1
2024-02-29 22:30:00,DC_3,24.33,55.87,46.74,104.7,1240.83,24.33,40.87,31.74,98.90982087,5.53
2024-03-01 01:00:00,DC_3,24.49,55.84,50.14,97.44,988.51,24.49,40.84,35.14,94.45358994,3.06
2024-03-01 03:30:00,DC_3,22.1,50.98,50.85,84.3,768.14,23.1,35.98,35.85,78.01856145,7.45
2024-03-01 06:00:00,DC_3,22.39,46.97,46.41,52.24,560.79,23.39,31.97,31.41,48.08839949,7.95
2024-03-01 08:30:00,DC_3,22.46,61.38,45.07,69.91,647.82,23.46,46.38,30.07,63.770355,8.78
2024-03-01 11:00:00,DC_3,23.09,58.07,50.35,105.35,823.47,23.09,43.07,35.35,102.4951758,2.71
2024-03-01 13:30:00,DC_3,28.18,62.66,49.04,128.12,1152.14,28.18,62.66,49.04,128.12,0.0
2024-03-01 16:00:00,DC_3,22.94,68.01,57.99,248.16,1373.28,23.44,53.01,42.99,241.0168711,2.88
2024-03-01 18:30:00,DC_3,23.36,70.05,66.17,251.37,1693.08,23.36,55.05,51.17,244.3615187,2.79
2024-03-01 21:00:00,DC_3,22.34,65.76,63.81,185.93,1315.43,23.34,50.76,48.81,180.2643989,3.05
2024-03-01 23:30:00,DC_3,27.1,55.15,50.29,118.76,1112.12,27.1,40.15,35.29,113.7718887,4.2
2024-03-02 02:00:00,DC_3,21.63,56.02,51.9,95.01,797.71,23.13,41.02,36.9,87.87539527,7.51
2024-03-02 04:30:00,DC_3,18.35,50.99,44.18,73.75,609.82,20.85,35.99,30.0,67.17806859,8.91
2024-03-02 07:00:00,DC_3,18.5,58.46,55.02,62.9,558.86,21.0,43.46,40.02,55.39979078,11.92
2024-03-02 09:30:00,DC_3,17.79,63.56,55.1,88.87,594.87,20.29,48.56,40.1,80.71092958,9.18
2024-03-02 12:00:00,DC_3,22.47,59.75,55.69,114.45,846.06,23.47,44.75,40.69,109.1875476,4.6
2024-03-02 14:30:00,DC_3,22.71,57.51,60.03,102.58,912.76,23.21,42.51,45.03,96.97079197,5.47
2024-03-02 17:00:00,DC_3,21.46,59.82,60.09,154.74,1025.5,23.46,44.82,45.09,147.2611959,4.83
2024-03-02 19:30:00,DC_3,22.8,62.1,50.77,131.67,1005.86,23.3,47.1,35.77,126.6018437,3.85
2024-03-02 22:00:00,DC_3,28.87,47.99,40.04,79.86,869.86,28.87,47.99,30.0,79.78635341,0.09
2024-03-03 00:30:00,DC_3,21.03,53.25,42.67,63.43,766.19,23.03,38.25,30.0,58.72673161,7.41
2024-03-03 03:00:00,DC_3,22.72,52.04,38.87,51.68,651.77,23.22,37.04,30.0,48.18770991,6.76
2024-03-03 05:30:00,DC_3,23.38,40.15,47.35,50.9,567.17,23.38,30.0,32.35,46.25178854,9.13
2024-03-03 08:00:00,DC_3,27.48,39.13,48.25,53.87,582.01,27.48,30.0,33.25,51.14862635,5.05
2024-03-03 10:30:00,DC_3,21.69,59.48,45.76,90.63,727.99,23.19,44.48,30.76,83.58749943,7.77
2024-03-03 13:00:00,DC_3,23.89,55.6,51.0,87.32,897.82,23.89,40.6,36.0,82.02927431,6.06
2024-03-03 15:30:00,DC_3,23.26,51.34,45.68,111.25,911.13,23.26,36.34,30.68,109.1596362,1.88
2024-03-03 18:00:00,DC_3,23.67,61.61,60.46,109.78,989.89,23.67,46.61,45.46,105.9245342,3.51
2024-03-03 20:30:00,DC_3,23.82,58.01,60.6,128.28,992.81,23.82,58.01,60.6,128.2764756,0.0
2024-03-03 23:00:00,DC_3,24.05,56.88,46.7,100.99,993.0,24.05,41.88,31.7,98.36678773,2.6
2024-03-04 01:30:00,DC_3,23.48,50.7,46.72,82.35,841.98,23.48,35.7,31.72,79.76502071,3.14
2024-03-04 04:00:00,DC_3,23.03,52.45,53.66,65.59,682.12,23.03,37.45,38.66,61.08974165,6.86
2024-03-04 06:30:00,DC_3,25.4,48.97,39.78,41.51,582.21,25.4,40.97,30.0,41.04732645,1.11
2024-03-04 09:00:00,DC_3,24.67,45.72,47.28,86.18,720.79,24.67,30.72,32.28,83.07345549,3.6
2024-03-04 11:30:00,DC_3,21.97,56.68,59.12,145.03,933.88,23.47,41.68,44.12,138.1783145,4.72
2024-03-04 14:00:00,DC_3,22.37,66.46,55.01,148.28,1116.72,23.37,51.46,40.01,142.09742,4.17
2024-03-04 16:30:00,DC_3,21.11,77.83,70.38,288.76,1594.87,23.11,62.83,55.38,269.9248794,6.52
2024-03-04 19:00:00,DC_3,20.92,67.87,62.53,223.7,1441.46,23.42,52.87,47.53,208.0613237,6.99
2024-03-04 21:30:00,DC_3,22.5,65.34,53.42,168.23,1204.96,23.0,50.34,38.42,162.3753578,3.48
2024-03-05 00:00:00,DC_3,22.24,63.52,61.33,112.86,1015.25,23.24,48.52,46.33,105.8004299,6.26
2024-03-05 02:30:00,DC_3,22.45,56.32,53.02,79.12,752.7,23.45,41.32,38.02,73.72915278,6.81
2024-03-05 05:00:00,DC_3,22.95,50.19,54.01,75.05,685.44,23.45,35.19,39.01,70.22698225,6.43
2024-03-05 07:30:00,DC_3,21.08,53.9,49.37,84.29,649.2,23.08,38.9,34.37,76.67500289,9.03
2024-03-05 10:00:00,DC_3,20.67,66.18,54.48,116.46,834.35,23.17,51.18,39.48,107.0191541,8.11
2024-03-05 12:30:00,DC_3,22.75,64.46,58.75,134.05,1018.28,23.25,49.46,43.75,128.9247573,3.82
2024-03-05 15:00:00,DC_3,25.15,73.94,65.1,194.64,1319.24,25.15,58.94,50.1,186.5582518,4.15
2024-03-05 17:30:00,DC_3,23.75,65.79,69.53,249.17,1513.3,23.75,50.79,54.53,241.5528418,3.06
2024-03-05 20:00:00,DC_3,23.3,61.11,64.8,194.63,1348.06,23.3,46.11,49.8,189.9732799,2.39
2024-03-05 22:30:00,DC_3,21.61,60.12,55.14,154.71,1239.21,23.11,45.12,40.14,146.6810887,5.19
2024-03-06 01:00:00,DC_3,22.4,53.72,50.12,109.24,899.73,23.4,38.72,35.12,102.9609295,5.75
2024-03-06 03:30:00,DC_3,25.13,50.67,38.57,73.99,749.81,25.13,35.67,30.0,71.33075839,3.59
2024-03-06 06:00:00,DC_3,24.58,50.57,43.47,57.85,606.49,24.58,35.57,30.0,54.45649279,5.87
2024-03-06 08:30:00,DC_3,22.75,55.17,50.9,80.45,695.19,23.25,40.17,35.9,77.37859146,3.82
2024-03-06 11:00:00,DC_3,22.52,54.43,51.45,96.97,904.61,23.02,39.43,36.45,92.3351545,4.78
2024-03-06 13:30:00,DC_3,23.35,55.77,52.71,94.77,907.56,23.35,40.77,37.71,89.86911928,5.17
2024-03-06 16:00:00,DC_3,24.16,63.99,51.64,160.44,1201.07,24.16,48.99,36.64,155.0493614,3.36
2024-03-06 18:30:00,DC_3,24.69,64.3,58.71,183.59,1397.41,24.69,49.3,43.71,180.5135953,1.68
2024-03-06 21:00:00,DC_3,22.91,60.76,69.42,241.65,1663.16,23.41,45.76,54.42,234.751904,2.85
2024-03-06 23:30:00,DC_3,24.02,54.04,43.53,117.52,1023.02,24.02,39.04,30.0,114.2473421,2.78
2024-03-07 02:00:00,DC_3,23.48,54.49,39.89,79.89,788.29,23.48,39.49,30.0,75.57139438,5.41
2024-03-07 04:30:00,DC_3,25.06,45.95,43.37,58.26,667.46,25.06,30.95,30.0,55.61761721,4.54
2024-03-07 07:00:00,DC_3,23.71,45.79,43.06,59.31,683.56,23.71,30.79,30.0,57.42286405,3.18
2024-03-07 09:30:00,DC_3,21.96,63.0,48.47,71.15,709.16,23.46,48.0,33.47,65.48466253,7.96
2024-03-07 12:00:00,DC_3,24.08,61.6,50.92,100.72,911.07,24.08,46.6,35.92,95.43264669,5.25
2024-03-07 14:30:00,DC_3,23.53,60.1,56.7,136.21,1026.94,23.53,45.1,41.7,132.1028739,3.02
2024-03-07 17:00:00,DC_3,23.06,75.96,72.81,287.58,1632.63,23.06,60.96,57.81,278.6108024,3.12
2024-03-07 19:30:00,DC_3,22.53,64.13,51.19,164.07,1312.98,23.03,49.13,36.19,157.1927875,4.19
2024-03-07 22:00:00,DC_3,23.72,68.92,57.74,178.12,1258.56,23.72,53.92,42.74,171.7291952,3.59
2024-03-08 00:30:00,DC_3,24.33,47.02,47.55,118.89,1053.61,24.33,32.02,32.55,115.569264,2.79
2024-03-08 03:00:00,DC_3,24.09,53.4,46.65,72.07,762.85,24.09,38.4,31.65,69.96867117,2.92
2024-03-08 05:30:00,DC_3,22.81,51.77,47.29,60.88,640.38,23.31,36.77,32.29,57.3073577,5.87
2024-03-08 08:00:00,DC_3,21.72,47.04,40.78,55.44,589.66,23.22,32.04,30.0,53.12553166,4.17
2024-03-08 10:30:00,DC_3,21.94,59.45,51.13,79.9,727.22,23.44,44.45,36.13,73.4224968,8.11
2024-03-08 13:00:00,DC_3,23.03,64.18,56.62,120.43,1024.93,23.03,49.18,41.62,116.9719665,2.87
2024-03-08 15:30:00,DC_3,22.97,61.12,65.65,217.18,1452.76,23.47,46.12,50.65,212.1821529,2.3
2024-03-08 18:00:00,DC_3,22.5,71.98,62.14,216.2,1349.2,23.5,56.98,47.14,208.1175001,3.74
2024-03-08 20:30:00,DC_3,23.84,61.78,50.48,154.23,1290.21,23.84,46.78,35.48,149.622028,2.99
2024-03-08 23:00:00,DC_3,23.47,56.81,55.91,97.06,1159.83,23.47,41.81,40.91,91.34834245,5.88
2024-03-09 01:30:00,DC_3,22.97,50.65,49.84,84.28,802.59,23.47,35.65,34.84,79.82671818,5.28
2024-03-09 04:00:00,DC_3,21.53,57.59,47.4,64.07,649.44,23.03,42.59,32.4,59.83156552,6.62
2024-03-09 06:30:00,DC_3,22.54,53.34,42.32,60.45,569.85,23.04,38.34,30.0,58.40732283,3.38
2024-03-09 09:00:00,DC_3,23.03,51.13,52.63,66.27,603.27,23.03,36.13,37.63,61.32764487,7.46
2024-03-09 11:30:00,DC_3,24.38,54.25,58.48,68.98,682.46,24.38,39.25,43.48,64.51261268,6.48
2024-03-09 14:00:00,DC_3,18.13,64.21,53.77,131.92,794.04,20.63,49.21,38.77,120.724572,8.49
2024-03-09 16:30:00,DC_3,21.44,59.33,67.59,117.74,929.44,23.44,44.33,52.59,108.7803321,7.61
2024-03-09 19:00:00,DC_3,24.77,57.44,58.29,104.09,968.29,24.77,42.44,43.29,100.8727013,3.09
2024-03-09 21:30:00,DC_3,22.67,59.02,53.0,102.98,861.34,23.17,44.02,38.0,95.80270886,6.97
2024-03-10 00:00:00,DC_3,20.76,62.01,54.56,115.81,862.9,23.26,47.01,39.56,105.3243007,9.05
2024-03-10 02:30:00,DC_3,21.27,49.21,45.34,69.27,722.03,23.27,34.21,30.34,63.39509628,8.48
2024-03-10 05:00:00,DC_3,25.22,43.49,41.87,44.16,575.8,25.22,43.49,30.0,42.97139252,2.69
2024-03-10 07:30:00,DC_3,23.85,44.85,42.89,50.81,567.65,23.85,30.0,30.0,47.49057038,6.53
2024-03-10 10:00:00,DC_3,25.14,48.22,51.33,53.4,626.47,25.14,33.22,36.33,47.7589052,10.56
2024-03-10 12:30:00,DC_3,21.94,60.76,52.53,102.91,776.58,23.44,45.76,37.53,95.0465311,7.64
2024-03-10 15:00:00,DC_3,21.88,62.44,59.2,160.45,1093.29,23.38,47.44,44.2,151.7012905,5.45
2024-03-10 17:30:00,DC_3,23.1,60.36,52.38,114.26,952.56,23.1,45.36,37.38,110.3427625,3.43
2024-03-10 20:00:00,DC_3,23.58,51.54,56.47,105.17,1006.97,23.58,36.54,41.47,100.4561759,4.48
2024-03-10 22:30:00,DC_3,20.61,63.0,57.04,157.29,1179.15,23.11,48.0,42.04,145.0419143,7.79
2024-03-11 01:00:00,DC_3,21.93,51.38,55.94,120.76,1005.99,23.43,36.38,40.94,116.1645347,3.81
2024-03-11 03:30:00,DC_3,21.5,54.91,43.11,70.12,784.91,23.0,39.91,30.0,65.30151389,6.87
2024-03-11 06:00:00,DC_3,24.67,52.88,37.2,66.51,683.0,24.67,37.88,30.0,64.08745069,3.64
2024-03-11 08:30:00,DC_3,23.17,51.97,45.24,51.9,591.19,23.17,36.97,30.24,48.95290948,5.68
2024-03-11 11:00:00,DC_3,22.78,58.49,60.18,112.2,872.67,23.28,43.49,45.18,105.4653208,6.0
2024-03-11 13:30:00,DC_3,21.67,62.93,60.18,160.04,1044.72,23.17,47.93,45.18,149.9694522,6.29
2024-03-11 16:00:00,DC_3,21.89,67.85,58.57,173.59,1221.71,23.39,52.85,43.57,163.449316,5.84
2024-03-11 18:30:00,DC_3,16.42,83.01,70.73,319.95,1544.75,18.92,68.01,55.73,296.9282917,7.2
2024-03-11 21:00:00,DC_3,22.49,65.09,65.38,200.98,1304.5,23.49,50.09,50.38,192.5779684,4.18
2024-03-11 23:30:00,DC_3,22.5,56.55,57.84,142.74,1081.49,23.5,41.55,42.84,136.8053526,4.16
2024-03-12 02:00:00,DC_3,22.31,54.88,49.08,74.42,874.65,23.31,39.88,34.08,70.60679306,5.12
2024-03-12 04:30:00,DC_3,20.67,56.87,55.32,66.95,655.43,23.17,41.87,40.32,59.42923814,11.23
2024-03-12 07:00:00,DC_3,20.53,61.62,56.01,80.1,656.67,23.03,46.62,41.01,71.98447493,10.13
2024-03-12 09:30:00,DC_3,23.47,48.32,44.33,83.62,651.83,23.47,33.32,30.0,79.43835726,5.0
2024-03-12 12:00:00,DC_3,23.15,64.34,49.32,109.18,923.88,23.15,49.34,34.32,103.9617038,4.78
2024-03-12 14:30:00,DC_3,21.23,68.93,63.46,171.53,1156.42,22.23,68.93,48.46,166.3323828,3.03
2024-03-12 17:00:00,DC_3,22.79,67.59,50.65,211.44,1376.83,23.29,52.59,35.65,204.9975806,3.05
2024-03-12 19:30:00,DC_3,25.88,59.79,63.49,192.96,1441.3,25.88,44.79,48.49,189.2735877,1.91
2024-03-12 22:00:00,DC_3,21.99,69.5,56.05,181.69,1247.63,23.49,54.5,41.05,171.4045329,5.66
2024-03-13 00:30:00,DC_3,27.21,49.28,40.28,83.39,906.36,27.21,41.28,30.0,81.72491714,2.0
2024-03-13 03:00:00,DC_3,23.36,42.96,40.82,71.6,720.74,23.36,30.0,30.0,68.99013623,3.65
2024-03-13 05:30:00,DC_3,24.94,44.34,36.18,53.69,618.78,24.94,30.0,30.0,51.65660314,3.79
2024-03-13 08:00:00,DC_3,21.68,51.89,43.8,50.8,517.18,23.18,36.89,30.0,43.58987551,14.19
2024-03-13 10:30:00,DC_3,20.76,65.36,62.19,112.9,767.23,23.26,50.36,47.19,102.2843785,9.4
2024-03-13 13:00:00,DC_3,26.5,57.8,52.34,167.17,1147.79,26.5,42.8,37.34,162.9003269,2.55
2024-03-13 15:30:00,DC_3,23.06,68.38,55.93,172.31,1242.89,23.06,53.38,40.93,165.7372962,3.81
2024-03-13 18:00:00,DC_3,23.15,75.87,72.7,339.98,1849.85,23.15,60.87,57.7,332.5149028,2.2
2024-03-13 20:30:00,DC_3,24.7,63.84,55.32,182.89,1364.63,24.7,63.84,55.32,182.8855727,0.0
2024-03-13 23:00:00,DC_3,21.47,74.02,57.35,215.2,1381.34,23.47,59.02,42.35,204.1312418,5.14
2024-03-14 01:30:00,DC_3,22.78,56.33,48.23,81.6,808.45,23.28,41.33,33.23,75.10028359,7.97
2024-03-14 04:00:00,DC_3,22.9,50.04,46.84,61.97,662.89,23.4,35.04,31.84,58.45431558,5.67
2024-03-14 06:30:00,DC_3,24.08,42.41,50.875,60.2,600.59,24.08,30.0,30.0,59.13925809,1.76
2024-03-14 09:00:00,DC_3,23.47,49.91,48.94,73.35,673.46,23.47,34.91,33.94,70.31972942,4.13
2024-03-14 11:30:00,DC_3,24.44,57.55,46.97,99.12,872.87,24.44,42.55,31.97,93.87362315,5.29
2024-03-14 14:00:00,DC_3,24.45,54.78,52.01,137.6,1084.75,24.45,39.78,37.01,132.6507716,3.6
2024-03-14 16:30:00,DC_3,23.95,70.14,55.49,223.97,1420.83,23.95,55.14,40.49,218.1883464,2.58
2024-03-14 19:00:00,DC_3,21.33,68.13,58.4,188.64,1308.76,23.33,53.13,43.4,179.8981781,4.63
2024-03-14 21:30:00,DC_3,22.72,64.0,60.38,128.44,1237.07,23.22,49.0,45.38,121.5114152,5.39
2024-03-15 00:00:00,DC_3,22.71,48.58,48.3,125.58,1061.0,23.21,33.58,33.3,123.17654,1.91
2024-03-15 02:30:00,DC_3,24.0,51.04,53.95,77.56,840.7,24.0,36.04,38.95,72.12060744,7.01
2024-03-15 05:00:00,DC_3,21.48,51.83,51.06,71.2,689.07,23.48,36.83,36.06,66.43589686,6.69
2024-03-15 07:30:00,DC_3,27.05,42.17,38.36,39.37,609.66,27.05,42.17,38.36,39.37,0.0
2024-03-15 10:00:00,DC_3,23.16,52.89,51.61,113.72,962.92,23.16,37.89,36.61,110.0543727,3.22
2024-03-15 12:30:00,DC_3,20.67,66.69,49.1,119.99,926.29,23.17,51.69,34.1,109.1431024,9.04
2024-03-15 15:00:00,DC_3,19.46,67.28,65.38,223.54,1239.58,21.96,52.28,50.38,207.464507,7.19
2024-03-15 17:30:00,DC_3,23.82,71.04,50.875,267.78,1620.81,23.82,56.04,50.83,262.9793372,1.79
2024-03-15 20:00:00,DC_3,22.09,70.39,67.0,224.21,1314.68,23.09,55.39,52.0,213.04023,4.98
2024-03-15 22:30:00,DC_3,21.75,52.25,57.78,151.05,1126.9,23.25,37.25,42.78,143.1796858,5.21
2024-03-16 01:00:00,DC_3,22.33,56.63,49.37,102.5,883.67,23.33,41.63,34.37,96.80479201,5.56
2024-03-16 03:30:00,DC_3,26.31,40.49,40.51,45.23,640.37,26.31,30.0,30.0,42.77083301,5.44
2024-03-16 06:00:00,DC_3,22.12,51.31,46.2,87.14,742.74,23.12,36.31,31.2,81.62099787,6.33
2024-03-16 08:30:00,DC_3,22.67,47.93,47.54,58.07,583.41,23.17,32.93,32.54,54.69996742,5.8
2024-03-16 11:00:00,DC_3,21.39,63.69,48.31,95.84,687.35,23.39,48.69,33.31,88.43953587,7.72
2024-03-16 13:30:00,DC_3,22.6,57.64,55.05,112.11,773.9,23.1,42.64,40.05,107.2771082,4.31
2024-03-16 16:00:00,DC_3,21.93,66.31,61.69,147.72,998.49,23.43,51.31,46.69,138.9245544,5.95
2024-03-16 18:30:00,DC_3,21.28,66.3,63.96,178.93,1163.1,23.28,51.3,48.96,166.7929113,6.78
2024-03-16 21:00:00,DC_3,24.11,54.53,49.13,102.24,1102.22,24.11,39.53,34.13,96.43218996,5.68
2024-03-16 23:30:00,DC_3,22.43,55.28,55.58,90.94,854.9,23.43,40.28,40.58,85.22426588,6.29
2024-03-17 02:00:00,DC_3,23.8,46.92,45.25,52.24,662.48,23.8,31.92,30.25,48.88374384,6.42
2024-03-17 04:30:00,DC_3,25.07,47.8,50.875,37.21,599.07,25.07,32.8,30.0,33.39434654,10.25
2024-03-17 07:00:00,DC_3,16.99,64.2,50.04,84.28,537.78,19.49,49.2,35.04,75.27447868,10.69
2024-03-17 09:30:00,DC_3,24.35,47.44,42.31,72.69,656.41,24.35,32.44,30.0,69.34012971,4.61
2024-03-17 12:00:00,DC_3,23.28,56.01,42.02,84.56,684.03,23.28,41.01,30.0,81.25151705,3.91
2024-03-17 14:30:00,DC_3,24.81,57.49,52.23,80.73,842.31,24.81,42.49,37.23,75.46989531,6.52
2024-03-17 17:00:00,DC_3,22.84,53.46,54.19,137.99,1043.2,23.34,38.46,39.19,134.1883988,2.75
2024-03-17 19:30:00,DC_3,24.03,62.26,49.19,126.66,1084.14,24.03,47.26,34.19,122.177206,3.54
2024-03-17 22:00:00,DC_3,23.41,51.75,47.0,98.8,888.04,23.41,36.75,32.0,95.26892575,3.57
2024-03-18 00:30:00,DC_3,22.18,62.18,48.82,103.89,1003.62,23.18,47.18,33.82,97.9984894,5.67
2024-03-18 03:00:00,DC_3,23.64,59.2,47.72,78.09,825.66,23.64,44.2,32.72,74.37593814,4.76
2024-03-18 05:30:00,DC_3,21.9,51.14,51.29,69.23,643.36,22.4,36.14,36.29,66.46580917,3.99
2024-03-18 08:00:00,DC_3,23.25,55.33,48.2,55.72,584.51,23.25,40.33,33.2,52.15705412,6.39
2024-03-18 10:30:00,DC_3,20.95,61.66,46.68,116.85,775.07,23.45,46.66,31.68,108.2584194,7.35
2024-03-18 13:00:00,DC_3,21.51,67.97,62.0,175.02,1014.98,23.01,52.97,47.0,165.806419,5.26
2024-03-18 15:30:00,DC_3,22.15,72.14,63.99,169.6,1213.13,23.15,57.14,48.99,160.2224424,5.53
2024-03-18 18:00:00,DC_3,22.55,65.36,62.43,207.38,1398.66,23.05,50.36,47.43,199.4780474,3.81
2024-03-18 20:30:00,DC_3,22.31,69.77,60.19,207.28,1326.91,23.31,54.77,45.19,198.3470139,4.31
2024-03-18 23:00:00,DC_3,19.85,67.13,56.39,174.46,1242.78,22.35,52.13,41.39,162.0507988,7.11
2024-03-19 01:30:00,DC_3,22.67,58.12,48.54,95.34,879.96,23.17,43.12,33.54,90.79611975,4.77
2024-03-19 04:00:00,DC_3,27.46,39.85,41.73,49.54,680.24,27.46,31.85,30.0,47.20608565,4.71
2024-03-19 06:30:00,DC_3,23.33,46.02,40.27,44.79,580.54,23.33,31.02,30.0,43.96247346,1.85
2024-03-19 09:00:00,DC_3,21.62,57.69,47.51,58.07,607.78,23.12,42.69,32.51,53.29747348,8.22
2024-03-19 11:30:00,DC_3,23.89,63.78,47.75,125.53,998.34,23.89,48.78,32.75,121.1614465,3.48
2024-03-19 14:00:00,DC_3,27.65,52.71,49.46,106.97,941.91,27.65,37.71,34.46,103.5553453,3.19
2024-03-19 16:30:00,DC_3,22.9,66.21,61.5,248.45,1496.68,23.4,51.21,46.5,242.4856591,2.4
2024-03-19 19:00:00,DC_3,21.09,65.32,63.79,217.16,1302.5,23.09,50.32,48.79,204.4301972,5.86
2024-03-19 21:30:00,DC_3,21.91,64.38,57.27,141.78,1247.41,22.41,49.38,42.27,136.1354423,3.98
2024-03-20 00:00:00,DC_3,22.21,65.42,54.16,138.44,1066.41,23.21,50.42,39.16,130.4319248,5.78
2024-03-20 02:30:00,DC_3,20.49,63.59,49.74,116.09,859.26,22.99,48.59,34.74,106.2882742,8.44
2024-03-20 05:00:00,DC_3,24.61,50.28,45.89,55.16,642.13,24.61,35.28,30.89,52.35495997,5.09
2024-03-20 07:30:00,DC_3,23.45,48.76,45.17,47.99,568.26,23.45,33.76,30.17,46.4059873,3.3
2024-03-20 10:00:00,DC_3,23.92,60.3,49.68,81.17,713.61,23.92,45.3,34.68,76.09595662,6.25
2024-03-20 12:30:00,DC_3,24.63,51.82,51.37,105.02,864.97,24.63,36.82,36.37,101.2650182,3.58
2024-03-20 15:00:00,DC_3,21.76,61.41,58.2,177.72,1130.0,23.26,46.41,43.2,167.3822599,5.82
2024-03-20 17:30:00,DC_3,22.17,70.53,61.64,217.07,1340.95,23.17,55.53,46.64,207.2119434,4.54
2024-03-20 20:00:00,DC_3,20.4,66.68,62.0,222.76,1372.3,22.9,51.68,47.0,207.9587103,6.64
2024-03-20 22:30:00,DC_3,22.88,67.73,56.48,136.02,1177.76,23.38,52.73,41.48,130.5619572,4.01
2024-03-21 01:00:00,DC_3,19.98,60.56,65.54,110.41,941.28,22.48,45.56,50.54,101.6095115,7.97
2024-03-21 03:30:00,DC_3,24.0,51.57,46.17,76.88,760.75,24.0,43.57,31.17,73.71482259,4.12
2024-03-21 06:00:00,DC_3,23.32,45.54,43.17,53.83,664.08,23.32,30.54,30.0,51.639888,4.07
2024-03-21 08:30:00,DC_3,25.77,44.44,42.14,43.03,581.69,25.77,30.0,30.0,39.04616051,9.26
2024-03-21 11:00:00,DC_3,17.85,68.08,63.67,134.9,878.55,20.35,53.08,48.67,124.0210834,8.06
2024-03-21 13:30:00,DC_3,23.54,60.8,57.32,131.59,1050.6,23.54,45.8,42.32,126.886245,3.57
2024-03-21 16:00:00,DC_3,22.71,73.25,60.37,220.79,1432.6,23.21,58.25,45.37,213.0516728,3.5
2024-03-21 18:30:00,DC_3,21.52,69.59,65.61,208.72,1356.68,23.02,54.59,50.61,196.3729958,5.92
2024-03-21 21:00:00,DC_3,22.03,60.08,55.56,169.58,1237.99,23.03,45.08,40.56,160.9813915,5.07
2024-03-21 23:30:00,DC_3,23.27,61.01,52.14,118.64,1044.45,23.27,46.01,37.14,114.0624175,3.86
2024-03-22 02:00:00,DC_3,22.21,58.01,54.69,91.27,851.53,23.21,43.01,39.69,88.35800257,3.19
2024-03-22 04:30:00,DC_3,23.21,51.92,51.48,64.73,619.68,23.21,36.92,36.48,61.34670152,5.23
2024-03-22 07:00:00,DC_3,18.08,58.84,51.99,78.06,562.4,20.58,43.84,36.99,69.47426789,11.0
2024-03-22 09:30:00,DC_3,23.19,53.28,48.92,79.91,762.82,23.19,38.28,33.92,75.79031612,5.16
2024-03-22 12:00:00,DC_3,22.82,57.14,54.22,91.25,797.59,23.32,42.14,39.22,86.1170295,5.63
2024-03-22 14:30:00,DC_3,25.55,59.02,49.38,139.5,1141.32,25.55,44.02,34.38,134.6983248,3.44
2024-03-22 17:00:00,DC_3,23.09,69.23,57.81,234.15,1393.98,23.09,54.23,42.81,230.1422206,1.71
2024-03-22 19:30:00,DC_3,21.56,71.23,69.9,233.55,1342.8,23.06,56.23,54.9,220.3673227,5.64
2024-03-22 22:00:00,DC_3,22.18,66.81,66.52,125.95,1123.99,23.18,51.81,51.52,118.5172801,5.9
2024-03-23 00:30:00,DC_3,25.71,53.35,39.8,66.75,804.65,25.71,38.35,30.0,63.15857384,5.38
2024-03-23 03:00:00,DC_3,20.6,57.6,52.28,91.78,754.92,23.1,42.6,37.28,83.2997136,9.24
2024-03-23 05:30:00,DC_3,24.7,54.87,46.66,79.29,910.63,24.7,39.87,31.66,76.84165049,3.09
2024-03-23 08:00:00,DC_3,21.39,56.025000000000006,50.8,61.42,621.68,23.39,35.84,35.8,55.20189599,10.12
2024-03-23 10:30:00,DC_3,23.36,53.01,47.18,77.58,703.05,23.36,38.01,32.18,72.89999296,6.03
2024-03-23 13:00:00,DC_3,21.15,68.37,68.33,302.6,1442.27,23.15,53.37,53.33,285.8554343,5.53
2024-03-23 15:30:00,DC_3,16.7,69.72,50.875,191.9,1043.59,19.2,54.72,54.77,176.0714432,8.25
2024-03-23 18:00:00,DC_3,21.17,62.05,57.84,143.51,1098.86,23.17,47.05,42.84,133.5796109,6.92
2024-03-23 20:30:00,DC_3,20.07,68.52,58.89,159.46,1059.51,22.57,53.52,43.89,147.5275477,7.48
2024-03-23 23:00:00,DC_3,17.91,64.81,67.63,177.34,987.99,20.41,49.81,52.63,162.3564565,8.45
2024-03-24 01:30:00,DC_3,24.25,47.21,48.73,104.84,993.12,24.25,32.21,33.73,102.4254031,2.3
2024-03-24 04:00:00,DC_3,22.77,51.02,44.29,56.91,635.24,23.27,36.02,30.0,54.00163802,5.11
2024-03-24 06:30:00,DC_3,24.02,52.33,40.46,41.57,618.44,24.02,37.33,30.0,37.07742739,10.81
2024-03-24 09:00:00,DC_3,22.11,54.44,49.64,58.71,545.76,23.11,39.44,34.64,52.83489679,10.01
2024-03-24 11:30:00,DC_3,21.8,58.69,46.75,97.53,695.24,23.3,43.69,31.75,90.06589709,7.65
2024-03-24 14:00:00,DC_3,23.7,53.88,41.5,96.97,839.23,23.7,38.88,30.0,93.71738714,3.35
2024-03-24 16:30:00,DC_3,24.3,61.89,58.49,163.67,1242.35,24.3,46.89,43.49,158.1234667,3.39
2024-03-24 19:00:00,DC_3,24.06,58.94,50.35,122.57,1071.29,24.06,43.94,35.35,117.6294456,4.03
2024-03-24 21:30:00,DC_3,23.35,61.47,49.56,110.6,955.5,23.35,46.47,34.56,106.8929294,3.35
2024-03-25 00:00:00,DC_3,22.19,58.66,54.15,121.17,1014.86,23.19,43.66,39.15,115.6387314,4.56
2024-03-25 02:30:00,DC_3,23.43,49.12,47.0,74.51,789.62,23.43,34.12,32.0,72.47885642,2.73
2024-03-25 05:00:00,DC_3,24.29,45.79,45.52,52.84,664.18,24.29,30.79,30.52,49.29030263,6.72
2024-03-25 07:30:00,DC_3,22.79,50.01,43.91,56.43,537.46,23.29,35.01,30.0,54.38022665,3.63
2024-03-25 10:00:00,DC_3,18.1,65.6,55.92,118.04,756.86,20.6,50.6,40.92,107.8302056,8.65
2024-03-25 12:30:00,DC_3,23.39,65.73,57.63,110.81,1010.42,23.39,50.73,42.63,104.9853551,5.26
2024-03-25 15:00:00,DC_3,23.29,64.74,62.3,195.3,1290.83,23.29,49.74,47.3,191.2113956,2.09
2024-03-25 17:30:00,DC_3,23.84,68.16,58.77,233.91,1628.98,23.84,53.16,43.77,226.8666383,3.01
2024-03-25 20:00:00,DC_3,23.08,63.74,59.33,165.83,1320.18,23.08,48.74,44.33,160.9391856,2.95
2024-03-25 22:30:00,DC_3,21.75,57.81,56.03,127.3,1037.83,23.25,42.81,41.03,119.4834161,6.14
2024-03-26 01:00:00,DC_3,22.29,56.14,58.89,105.41,881.68,23.29,41.14,43.89,101.1815218,4.01
2024-03-26 03:30:00,DC_3,20.77,53.95,50.875,91.68,810.45,23.27,45.95,34.5,86.61499109,5.52
2024-03-26 06:00:00,DC_3,16.49,63.41,55.51,127.29,907.66,18.99,48.41,40.51,116.1038117,8.79
2024-03-26 08:30:00,DC_3,24.4,46.4,41.69,72.15,669.48,24.4,31.4,30.0,69.92592093,3.08
2024-03-26 11:00:00,DC_3,22.71,56.23,52.66,105.4,833.8,23.21,41.23,37.66,100.5960367,4.56
2024-03-26 13:30:00,DC_3,24.4,55.91,42.71,116.83,969.57,24.4,40.91,30.0,113.7229624,2.66
2024-03-26 16:00:00,DC_3,24.01,69.39,62.42,197.84,1325.76,24.01,54.39,47.42,193.596167,2.15
2024-03-26 18:30:00,DC_3,23.9,66.0,59.6,214.45,1391.6,23.9,51.0,44.6,209.8269583,2.16
2024-03-26 21:00:00,DC_3,23.22,62.14,59.0,148.25,1082.05,23.22,47.14,44.0,143.8386997,2.98
2024-03-26 23:30:00,DC_3,23.39,54.11,51.44,122.73,1170.98,23.39,39.11,36.44,119.9167848,2.29
2024-03-27 02:00:00,DC_3,24.72,45.75,48.64,66.39,850.54,24.72,30.75,33.64,63.42421021,4.47
2024-03-27 04:30:00,DC_3,24.11,47.36,45.64,62.31,638.86,24.11,32.36,30.64,60.31484116,3.2
2024-03-27 07:00:00,DC_3,22.16,50.41,48.81,64.45,618.96,23.16,35.41,33.81,59.85166876,7.13
2024-03-27 09:30:00,DC_3,22.12,54.04,50.16,93.78,780.27,23.12,39.04,35.16,87.20738731,7.01
2024-03-27 12:00:00,DC_3,21.84,62.54,47.64,150.72,966.83,23.34,47.54,32.64,144.1611411,4.35
2024-03-27 14:30:00,DC_3,24.28,50.71,60.97,150.35,1177.35,24.28,35.71,45.97,146.9644081,2.25
2024-03-27 17:00:00,DC_3,22.44,77.73,70.92,317.26,1511.53,23.44,62.73,55.92,306.6289467,3.35
2024-03-27 19:30:00,DC_3,18.15,70.5,73.7,249.36,1320.44,20.65,55.5,58.7,231.2163338,7.28
2024-03-27 22:00:00,DC_3,22.0,66.33,51.03,185.81,1222.68,23.5,51.33,36.03,177.7871915,4.32
2024-03-28 00:30:00,DC_3,23.7,55.63,48.89,78.12,985.5,23.7,40.63,33.89,75.11159458,3.85
2024-03-28 03:00:00,DC_3,23.23,58.8,46.04,92.39,861.39,23.23,43.8,31.04,88.57633692,4.13
2024-03-28 05:30:00,DC_3,23.68,52.31,41.52,52.9,662.16,23.68,37.31,30.0,49.01548268,7.34
2024-03-28 08:00:00,DC_3,23.37,49.07,40.73,54.88,591.91,23.37,49.07,40.73,54.88,0.0
2024-03-28 10:30:00,DC_3,23.11,45.97,49.61,79.47,751.78,23.11,30.97,34.61,76.0199509,4.34
2024-03-28 13:00:00,DC_3,23.44,62.35,43.5,117.71,904.63,23.44,47.35,30.0,112.2909328,4.6
2024-03-28 15:30:00,DC_3,22.69,68.88,61.33,219.39,1390.93,23.19,53.88,46.33,211.5298596,3.58
2024-03-28 18:00:00,DC_3,22.12,78.39,73.88,272.55,1549.5,23.12,63.39,58.88,260.8327918,4.3
2024-03-28 20:30:00,DC_3,21.11,65.55,56.81,234.82,1413.1,23.11,50.55,41.81,223.2392674,4.93
2024-03-28 23:00:00,DC_3,23.69,66.23,56.0,146.38,1163.04,23.69,51.23,41.0,142.6465279,2.55
2024-03-29 01:30:00,DC_3,17.06,62.26,65.61,120.15,879.42,19.56,47.26,50.61,110.2600795,8.23
2024-03-29 04:00:00,DC_3,22.83,52.72,43.42,60.7,707.11,23.33,37.72,30.0,56.48112234,6.95
2024-03-29 06:30:00,DC_3,22.83,45.5,43.17,55.86,585.17,23.33,30.5,30.0,51.92284932,7.05
2024-03-29 09:00:00,DC_3,24.97,41.55,48.08,63.8,614.1,24.97,30.0,33.08,60.65582769,4.93
2024-03-29 11:30:00,DC_3,22.57,53.82,56.02,110.41,903.51,23.07,38.82,41.02,105.7708419,4.2
2024-03-29 14:00:00,DC_3,22.67,64.93,61.76,147.8,1047.46,23.17,49.93,46.76,142.0083177,3.92
2024-03-29 16:30:00,DC_3,22.4,72.52,70.55,263.84,1599.13,23.4,57.52,55.55,254.8204753,3.42
2024-03-29 19:00:00,DC_3,23.59,66.23,61.47,160.81,1242.98,23.59,51.23,46.47,155.0998855,3.55
2024-03-29 21:30:00,DC_3,19.08,71.96,65.92,228.51,1327.83,21.58,56.96,50.92,210.2751198,7.98
2024-03-30 00:00:00,DC_3,23.36,55.6,53.38,96.08,878.66,23.36,40.6,38.38,91.14242693,5.14
2024-03-30 02:30:00,DC_3,24.51,50.71,39.66,50.21,671.33,24.51,35.71,30.0,47.37046737,5.66
2024-03-30 05:00:00,DC_3,23.95,54.42,44.96,46.82,555.86,23.95,39.42,30.0,44.34610782,5.28
2024-03-30 07:30:00,DC_3,24.05,52.36,50.05,64.61,645.77,24.05,37.36,35.05,60.54511378,6.29
2024-03-30 10:00:00,DC_3,23.35,47.04,46.91,65.41,713.67,23.35,39.04,31.91,63.9538077,2.23
2024-03-30 12:30:00,DC_3,27.93,58.77,49.72,149.77,1138.67,27.93,43.77,34.72,144.9164238,3.24
2024-03-30 15:00:00,DC_3,24.8,52.1,54.65,129.1,940.03,24.8,37.1,39.65,124.9147465,3.24
2024-03-30 17:30:00,DC_3,22.24,60.29,60.67,109.62,885.38,23.24,45.29,45.67,101.134916,7.74
2024-03-30 20:00:00,DC_3,23.85,63.75,50.12,141.33,1055.68,23.85,48.75,35.12,134.5895059,4.77
2024-03-30 22:30:00,DC_3,23.92,55.31,48.55,84.14,843.99,23.92,40.31,33.55,78.34578254,6.89
2024-03-31 01:00:00,DC_3,23.43,52.42,46.38,88.66,797.26,23.43,37.42,31.38,84.766374,4.39
2024-03-31 03:30:00,DC_3,24.0,47.91,43.95,54.77,597.21,24.0,32.91,30.0,52.66175317,3.85
2024-03-31 06:00:00,DC_3,22.23,53.2,46.81,65.15,547.69,23.23,38.2,31.81,61.03299939,6.32
2024-03-31 08:30:00,DC_3,21.01,57.73,54.43,66.79,577.56,23.01,42.73,39.43,60.27465185,9.75
2024-03-31 11:00:00,DC_3,24.67,54.01,47.74,63.75,641.14,24.67,39.01,32.74,60.40120331,5.25
2024-03-31 13:30:00,DC_3,21.87,54.66,53.13,110.54,815.12,23.37,39.66,38.13,104.6503816,5.33
2024-03-31 16:00:00,DC_3,25.51,56.61,41.42,131.9,968.34,25.51,41.61,30.0,128.0802978,2.9
2024-03-31 18:30:00,DC_3,25.19,62.29,52.3,109.28,988.94,25.19,47.29,37.3,104.68992,4.2
2024-03-31 21:00:00,DC_3,24.37,58.04,43.79,99.37,892.14,24.37,43.04,30.0,95.99875358,3.39
2024-03-31 23:30:00,DC_3,24.27,50.52,46.42,83.14,857.3,24.27,35.52,31.42,78.87256157,5.13
2024-04-01 02:00:00,DC_3,18.02,72.59,59.92,134.19,888.14,20.52,57.59,44.92,122.9560457,8.37
2024-04-01 04:30:00,DC_3,22.21,56.58,46.37,76.09,829.34,23.21,41.58,31.37,71.49119936,6.04
2024-04-01 07:00:00,DC_3,22.8,51.63,47.12,54.4,596.46,23.3,36.63,32.12,50.51476863,7.14
2024-04-01 09:30:00,DC_3,22.58,53.95,52.4,73.82,699.84,23.08,38.95,37.4,70.11652581,5.02
2024-04-01 12:00:00,DC_3,26.46,54.14,51.08,87.6,921.22,26.46,39.14,36.08,83.08073075,5.16
2024-04-01 14:30:00,DC_3,21.23,64.35,57.48,177.56,1135.36,23.23,49.35,42.48,167.5603513,5.63
2024-04-01 17:00:00,DC_3,21.35,75.96,73.1,275.39,1483.17,23.35,60.96,58.1,259.319214,5.84
2024-04-01 19:30:00,DC_3,22.63,64.41,60.53,196.15,1327.9,23.13,49.41,45.53,190.2651137,3.0
2024-04-01 22:00:00,DC_3,22.06,63.02,64.36,168.31,1246.67,23.06,48.02,49.36,160.32734,4.74
2024-04-02 00:30:00,DC_3,21.21,57.16,53.98,110.87,1005.42,23.21,42.16,38.98,103.2149045,6.9
2024-04-02 03:00:00,DC_3,23.23,51.83,43.99,74.56,785.28,23.23,36.83,30.0,71.0840883,4.66
2024-04-02 05:30:00,DC_3,23.1,50.83,47.04,49.09,626.57,23.1,35.83,32.04,45.7255429,6.85
2024-04-02 08:00:00,DC_3,23.09,51.94,55.29,74.3,657.38,23.09,36.94,40.29,71.00429849,4.44
2024-04-02 10:30:00,DC_3,24.03,56.025000000000006,47.08,71.0,745.5,24.03,37.37,32.08,69.61328901,1.95
2024-04-02 13:00:00,DC_3,21.46,64.18,61.78,143.8,949.41,23.46,49.18,46.78,132.08392,8.15
2024-04-02 15:30:00,DC_3,24.08,60.77,60.44,185.6,1311.17,24.08,45.77,45.44,182.0152763,1.93
2024-04-02 18:00:00,DC_3,23.95,67.45,58.92,246.09,1621.83,23.95,52.45,43.92,237.9070481,3.33
2024-04-02 20:30:00,DC_3,25.61,57.7,63.7,166.71,1319.53,25.61,42.7,48.7,162.5731828,2.48
2024-04-02 23:00:00,DC_3,24.3,68.78,51.76,172.43,1370.29,24.3,53.78,36.76,167.0692964,3.11
2024-04-03 01:30:00,DC_3,24.43,52.28,48.42,77.92,994.92,24.43,37.28,33.42,74.91622647,3.85
2024-04-03 04:00:00,DC_3,21.44,49.87,46.39,60.62,618.08,23.44,34.87,31.39,56.72860676,6.42
2024-04-03 06:30:00,DC_3,21.8,56.09,51.64,72.79,660.37,23.3,41.09,36.64,68.47879848,5.92
2024-04-03 09:00:00,DC_3,22.1,52.09,50.875,70.24,641.83,23.1,37.09,30.0,67.55064319,3.83
2024-04-03 11:30:00,DC_3,21.32,64.55,51.69,101.68,878.29,23.32,49.55,36.69,92.18930138,9.33
2024-04-03 14:00:00,DC_3,24.33,61.39,51.85,130.02,997.61,24.33,46.39,36.85,127.5365055,1.91
2024-04-03 16:30:00,DC_3,25.04,70.06,56.26,210.45,1331.01,25.04,55.06,41.26,205.0725435,2.56
2024-04-03 19:00:00,DC_3,23.49,68.38,58.46,229.44,1279.57,23.49,53.38,43.46,225.1962691,1.85
2024-04-03 21:30:00,DC_3,18.49,71.89,69.74,266.97,1322.64,20.99,56.89,54.74,247.0925701,7.45
2024-04-04 00:00:00,DC_3,22.98,58.2,52.17,102.5,964.95,23.48,43.2,37.17,96.83748932,5.52
2024-04-04 02:30:00,DC_3,24.21,51.1,40.69,68.11,760.97,24.21,36.1,30.0,63.56380012,6.67
2024-04-04 05:00:00,DC_3,23.03,46.39,45.73,56.69,667.57,23.03,46.39,45.73,56.69,0.0
2024-04-04 07:30:00,DC_3,23.03,52.39,50.875,54.1,598.51,23.03,37.39,30.0,49.82072063,7.91
2024-04-04 10:00:00,DC_3,25.58,50.37,42.11,62.21,742.87,25.58,35.37,30.0,60.06027043,3.46
2024-04-04 12:30:00,DC_3,22.03,58.03,59.86,130.32,971.19,23.03,43.03,44.86,121.5412645,6.74
2024-04-04 15:00:00,DC_3,22.64,64.5,61.93,177.27,1249.88,23.14,49.5,46.93,171.0950098,3.48
2024-04-04 17:30:00,DC_3,23.8,68.55,59.03,237.15,1469.61,23.8,53.55,44.03,228.7911056,3.52
2024-04-04 20:00:00,DC_3,24.62,68.68,56.82,151.66,1333.73,24.62,53.68,41.82,146.0113244,3.72
2024-04-04 22:30:00,DC_3,26.64,57.23,52.46,147.59,1238.81,26.64,42.23,37.46,142.9934484,3.11
2024-04-05 01:00:00,DC_3,23.83,52.05,52.66,70.02,849.11,23.83,37.05,37.66,67.01456886,4.29
2024-04-05 03:30:00,DC_3,24.94,42.71,46.24,48.08,735.45,24.94,30.0,31.24,45.7682515,4.81
2024-04-05 06:00:00,DC_3,23.4,55.43,45.86,54.25,611.29,23.4,40.43,30.86,50.02434968,7.79
2024-04-05 08:30:00,DC_3,23.74,41.38,46.9,63.29,609.85,23.74,30.0,31.9,62.07804757,1.91
2024-04-05 11:00:00,DC_3,21.93,51.38,52.8,106.75,808.44,23.43,36.38,37.8,100.1719453,6.16
2024-04-05 13:30:00,DC_3,24.02,55.84,52.93,99.1,843.16,24.02,40.84,37.93,94.43515094,4.71
2024-04-05 16:00:00,DC_3,23.09,69.3,70.45,232.96,1489.83,23.09,54.3,55.45,224.8556038,3.48
2024-04-05 18:30:00,DC_3,20.77,70.9,67.41,279.51,1475.79,23.27,55.9,52.41,261.7743198,6.35
2024-04-05 21:00:00,DC_3,23.36,61.2,61.44,166.11,1292.65,23.36,46.2,46.44,162.9606428,1.9
2024-04-05 23:30:00,DC_3,21.37,51.09,54.93,123.75,995.69,23.37,36.09,39.93,116.2095631,6.09
2024-04-06 02:00:00,DC_3,20.67,55.35,49.03,80.1,723.66,23.17,40.35,34.03,73.92812294,7.71
2024-04-06 04:30:00,DC_3,20.35,64.77,50.67,72.63,594.88,22.85,49.77,35.67,63.61701718,12.41
2024-04-06 07:00:00,DC_3,16.94,57.11,50.13,79.74,590.1,19.44,42.11,35.13,72.26540846,9.37
2024-04-06 09:30:00,DC_3,21.76,56.05,49.03,77.22,656.58,23.26,41.05,34.03,72.24067695,6.45
2024-04-06 12:00:00,DC_3,24.79,47.61,38.37,77.98,737.96,24.79,32.61,30.0,74.44381796,4.53
2024-04-06 14:30:00,DC_3,22.03,60.82,60.27,111.92,850.24,23.03,45.82,45.27,105.1781878,6.02
2024-04-06 17:00:00,DC_3,22.65,60.4,60.35,131.62,995.99,23.15,45.4,45.35,125.7810504,4.44
2024-04-06 19:30:00,DC_3,23.38,59.26,45.26,114.09,933.64,23.38,44.26,30.26,109.4867362,4.03
2024-04-06 22:00:00,DC_3,21.27,60.69,46.23,116.18,951.67,23.27,45.69,31.23,107.5567723,7.42
2024-04-07 00:30:00,DC_3,21.44,51.6,56.09,122.02,1027.58,23.44,36.6,41.09,114.7407082,5.97
2024-04-07 03:00:00,DC_3,22.03,52.26,48.91,75.57,741.43,23.03,37.26,33.91,70.58978972,6.59
2024-04-07 05:30:00,DC_3,23.23,44.57,46.81,52.16,578.04,23.23,30.0,31.81,49.55829351,4.99
2024-04-07 08:00:00,DC_3,21.85,52.49,48.67,50.94,551.03,23.35,37.49,33.67,45.31423163,11.04
2024-04-07 10:30:00,DC_3,23.65,49.92,43.09,64.8,605.17,23.65,34.92,30.0,60.74856769,6.25
2024-04-07 13:00:00,DC_3,27.96,55.57,40.84,75.96,856.58,27.96,40.57,30.0,69.93735588,7.93
2024-04-07 15:30:00,DC_3,23.69,57.18,51.09,117.55,910.62,23.69,42.18,36.09,111.7646337,4.92
2024-04-07 18:00:00,DC_3,22.53,57.57,52.68,190.17,1086.75,23.03,42.57,37.68,185.5424471,2.43
2024-04-07 20:30:00,DC_3,24.68,57.08,53.58,85.07,942.22,24.68,42.08,38.58,82.41941821,3.12
2024-04-07 23:00:00,DC_3,22.84,53.13,50.99,77.25,858.09,23.34,38.13,35.99,73.18524722,5.26
2024-04-08 01:30:00,DC_3,23.13,47.93,50.72,102.88,878.96,23.13,32.93,35.72,99.52464353,3.26
2024-04-08 04:00:00,DC_3,23.78,44.06,42.19,55.82,688.69,23.78,30.0,30.0,52.85309015,5.32
2024-04-08 06:30:00,DC_3,21.21,57.41,54.33,73.13,638.34,23.21,42.41,39.33,66.4649749,9.11
2024-04-08 09:00:00,DC_3,16.65,70.64,62.46,108.87,758.37,19.15,55.64,47.46,98.06414391,9.93
2024-04-08 11:30:00,DC_3,22.24,64.28,45.8,104.0,854.25,23.24,49.28,30.8,99.19643605,4.62
2024-04-08 14:00:00,DC_3,22.03,51.45,56.14,180.5,1053.16,23.03,36.45,41.14,173.6150981,3.81
2024-04-08 16:30:00,DC_3,23.68,71.32,51.75,217.95,1418.41,23.68,56.32,36.75,212.5633865,2.47
2024-04-08 19:00:00,DC_3,24.38,62.14,61.26,210.03,1407.25,24.38,47.14,46.26,204.0554567,2.84
2024-04-08 21:30:00,DC_3,21.94,68.95,52.69,167.97,1306.16,23.44,53.95,37.69,157.9101388,5.99
2024-04-09 00:00:00,DC_3,25.59,50.54,46.58,115.08,1006.07,25.59,35.54,31.58,109.9886948,4.42
2024-04-09 02:30:00,DC_3,23.99,52.62,44.58,78.45,765.88,23.99,37.62,30.0,74.18105745,5.44
2024-04-09 05:00:00,DC_3,24.44,44.92,37.82,46.89,581.1,24.44,30.0,30.0,43.36822892,7.51
2024-04-09 07:30:00,DC_3,21.61,52.34,49.93,64.46,683.75,23.11,37.34,34.93,57.72178766,10.45
2024-04-09 10:00:00,DC_3,22.05,50.5,51.37,79.16,757.12,23.05,35.5,36.37,74.26854843,6.18
2024-04-09 12:30:00,DC_3,23.15,64.31,56.45,133.65,970.09,23.15,49.31,41.45,128.1739229,4.1
2024-04-09 15:00:00,DC_3,24.84,65.61,56.83,214.54,1408.45,24.84,50.61,41.83,209.1541604,2.51
2024-04-09 17:30:00,DC_3,22.22,75.34,68.32,268.01,1585.79,23.22,60.34,53.32,257.567297,3.9
2024-04-09 20:00:00,DC_3,28.16,62.31,51.67,185.9,1331.22,28.16,54.31,36.67,182.0363929,2.08
2024-04-09 22:30:00,DC_3,24.56,52.22,54.48,116.97,1087.83,24.56,37.22,39.48,114.0675979,2.48
2024-04-10 01:00:00,DC_3,23.42,55.64,44.56,99.99,847.34,23.42,40.64,30.0,95.11724055,4.87
2024-04-10 03:30:00,DC_3,22.08,51.01,49.02,74.4,799.6,23.08,36.01,34.02,68.55683298,7.85
2024-04-10 06:00:00,DC_3,24.04,49.31,43.09,63.58,602.59,24.04,34.31,30.0,58.73070616,7.63
2024-04-10 08:30:00,DC_3,21.93,54.81,44.1,62.34,610.0,23.43,39.81,30.0,55.89667828,10.34
2024-04-10 11:00:00,DC_3,22.03,57.0,49.04,89.65,689.36,23.03,42.0,34.04,83.43885021,6.93
2024-04-10 13:30:00,DC_3,17.13,67.39,70.51,205.96,993.96,19.63,52.39,55.51,187.6858964,8.87
2024-04-10 16:00:00,DC_3,24.8,68.84,63.16,182.97,1309.68,24.8,53.84,48.16,174.0960466,4.85
2024-04-10 18:30:00,DC_3,24.4,63.92,59.25,195.61,1446.3,24.4,48.92,44.25,190.6910114,2.51
2024-04-10 21:00:00,DC_3,22.04,71.79,50.875,170.0,1396.74,23.04,56.79,47.98,160.1570401,5.79
2024-04-10 23:30:00,DC_3,27.02,55.79,55.25,137.62,1199.38,27.02,40.79,40.25,135.5476115,1.51
2024-04-11 02:00:00,DC_3,22.23,52.05,58.39,100.36,834.55,23.23,37.05,43.39,95.07567096,5.27
2024-04-11 04:30:00,DC_3,25.3,43.81,40.11,56.94,651.84,25.3,30.0,30.0,53.75290218,5.6
2024-04-11 07:00:00,DC_3,22.35,44.16,48.61,59.79,597.09,23.35,30.0,33.61,54.82755499,8.3
2024-04-11 09:30:00,DC_3,23.46,48.25,44.4,73.88,790.92,23.46,33.25,30.0,69.7328795,5.61
2024-04-11 12:00:00,DC_3,24.22,49.69,51.61,96.45,841.94,24.22,34.69,36.61,94.42732807,2.1
2024-04-11 14:30:00,DC_3,27.67,61.76,62.11,197.37,1370.99,27.67,46.76,47.11,191.3490587,3.05
2024-04-11 17:00:00,DC_3,21.8,70.34,69.79,257.91,1550.92,23.3,55.34,54.79,246.7592599,4.32
2024-04-11 19:30:00,DC_3,22.32,70.25,62.81,232.23,1398.75,23.32,55.25,47.81,224.4666142,3.34
2024-04-11 22:00:00,DC_3,24.39,58.69,55.83,172.93,1329.83,24.39,43.69,40.83,166.8226145,3.53
2024-04-12 00:30:00,DC_3,23.21,55.24,45.91,98.64,938.93,23.21,40.24,30.91,94.42069678,4.28
2024-04-12 03:00:00,DC_3,21.33,54.53,50.95,69.59,687.99,23.33,39.53,35.95,65.02497151,6.56
2024-04-12 05:30:00,DC_3,23.69,55.61,43.2,81.63,806.15,23.69,40.61,30.0,77.63217543,4.9
2024-04-12 08:00:00,DC_3,21.89,50.3,55.76,74.73,698.71,23.39,35.3,40.76,69.39672753,7.14
2024-04-12 10:30:00,DC_3,23.69,57.4,46.45,87.26,763.09,23.69,42.4,31.45,81.59903243,6.49
2024-04-12 13:00:00,DC_3,21.55,63.47,59.04,145.16,1031.13,23.05,48.47,44.04,136.6646845,5.85
2024-04-12 15:30:00,DC_3,22.15,71.52,59.01,195.14,1227.76,23.15,56.52,44.01,184.6069483,5.4
2024-04-12 18:00:00,DC_3,22.16,70.56,62.86,200.7,1406.25,23.16,55.56,47.86,191.0453886,4.81
2024-04-12 20:30:00,DC_3,21.06,66.97,62.5,230.29,1524.89,23.06,51.97,47.5,216.5416325,5.97
2024-04-12 23:00:00,DC_3,24.27,60.45,59.34,132.23,1184.84,24.27,45.45,44.34,128.5954641,2.75
2024-04-13 01:30:00,DC_3,22.96,45.23,43.44,73.02,708.82,23.46,30.23,30.0,69.31408283,5.08
2024-04-13 04:00:00,DC_3,22.7,53.6,41.73,73.78,688.55,23.2,38.6,30.0,67.86792735,8.01
2024-04-13 06:30:00,DC_3,24.76,46.9,41.06,41.76,574.34,24.76,31.9,30.0,39.25380964,6.0
2024-04-13 09:00:00,DC_3,22.93,52.7,49.28,53.61,588.7,23.43,37.7,34.28,48.99022807,8.62
2024-04-13 11:30:00,DC_3,21.92,57.09,54.05,108.52,839.63,23.42,42.09,39.05,102.5403,5.51
2024-04-13 14:00:00,DC_3,24.02,50.56,49.4,103.59,935.03,24.02,35.56,34.4,100.6386153,2.85
2024-04-13 16:30:00,DC_3,24.73,56.62,56.1,144.95,1034.73,24.73,41.62,41.1,141.1125253,2.65
2024-04-13 19:00:00,DC_3,22.51,61.86,50.79,114.47,1064.42,23.01,46.86,35.79,108.2856186,5.4
2024-04-13 21:30:00,DC_3,22.71,58.11,53.21,109.3,887.79,23.21,43.11,38.21,105.0708589,3.87
2024-04-14 00:00:00,DC_3,23.45,54.52,38.52,85.24,881.43,23.45,39.52,30.0,81.12264614,4.83
2024-04-14 02:30:00,DC_3,23.73,56.15,46.09,68.42,728.68,23.73,41.15,31.09,65.65427506,4.04
2024-04-14 05:00:00,DC_3,23.94,43.24,44.25,51.19,572.46,23.94,30.0,30.0,49.22532863,3.84
2024-04-14 07:30:00,DC_3,23.26,50.22,45.04,53.85,558.81,23.26,35.22,30.04,52.12459044,3.2
2024-04-14 10:00:00,DC_3,23.05,48.14,44.81,54.8,610.8,23.05,33.14,30.0,52.48362124,4.23
2024-04-14 12:30:00,DC_3,22.75,55.55,58.42,88.25,752.81,22.75,40.55,43.42,83.64996133,5.21
2024-04-14 15:00:00,DC_3,28.92,51.92,48.99,88.69,943.27,28.92,43.92,33.99,86.24764499,2.75
2024-04-14 17:30:00,DC_3,25.57,55.65,49.87,102.78,1000.87,25.57,40.65,34.87,98.65817254,4.01
2024-04-14 20:00:00,DC_3,23.33,59.08,54.97,129.33,958.45,23.33,44.08,39.97,121.830147,5.8
2024-04-14 22:30:00,DC_3,22.58,60.57,55.46,122.9,1010.05,23.08,45.57,40.46,116.9166492,4.87
2024-04-15 01:00:00,DC_3,24.33,50.03,36.47,59.85,866.61,24.33,35.03,30.0,59.1445811,1.18
2024-04-15 03:30:00,DC_3,20.14,62.94,50.08,84.16,740.49,22.64,47.94,35.08,76.78203327,8.77
2024-04-15 06:00:00,DC_3,21.64,49.41,46.3,74.46,646.19,23.14,34.41,31.3,68.94137058,7.41
2024-04-15 08:30:00,DC_3,23.15,48.35,46.61,70.1,692.64,23.15,33.35,31.61,67.10326502,4.27
2024-04-15 11:00:00,DC_3,21.3,56.04,59.34,139.39,961.82,23.3,41.04,44.34,129.4191886,7.15
2024-04-15 13:30:00,DC_3,21.91,56.02,55.38,145.04,1029.86,23.41,41.02,40.38,138.7160977,4.36
2024-04-15 16:00:00,DC_3,22.74,64.08,65.49,206.83,1354.28,23.24,49.08,50.49,200.1554966,3.23
2024-04-15 18:30:00,DC_3,23.49,67.07,64.12,182.48,1271.85,23.49,52.07,49.12,176.7023586,3.17
2024-04-15 21:00:00,DC_3,23.81,66.98,59.58,190.26,1362.12,23.81,51.98,44.58,183.7645666,3.41
2024-04-15 23:30:00,DC_3,16.22,62.7,63.83,183.49,1028.67,18.72,47.7,48.83,168.8976042,7.95
2024-04-16 02:00:00,DC_3,21.03,63.23,53.84,122.55,883.16,23.03,48.23,38.84,113.8366206,7.11
2024-04-16 04:30:00,DC_3,22.13,50.23,52.75,58.44,715.9,23.13,35.23,37.75,53.84798527,7.86
2024-04-16 07:00:00,DC_3,22.77,50.93,42.04,61.68,607.08,23.27,35.93,30.0,56.73582065,8.02
2024-04-16 09:30:00,DC_3,25.19,46.28,39.37,69.66,680.35,25.19,31.28,30.0,67.54458487,3.04
2024-04-16 12:00:00,DC_3,22.8,57.36,55.68,103.77,830.78,23.3,42.36,40.68,96.47182726,7.03
2024-04-16 14:30:00,DC_3,24.58,51.57,53.71,133.15,1037.67,24.58,36.57,38.71,129.61422,2.66
2024-04-16 17:00:00,DC_3,23.78,63.93,53.16,214.98,1323.5,23.78,48.93,38.16,210.0472641,2.29
2024-04-16 19:30:00,DC_3,22.33,68.04,63.04,191.57,1346.58,23.33,53.04,48.04,184.0801605,3.91
2024-04-16 22:00:00,DC_3,16.4,70.97,78.4,228.31,1264.71,18.9,55.97,63.4,211.7284898,7.26
2024-04-17 00:30:00,DC_3,21.57,50.74,56.38,123.01,1122.54,23.07,35.74,41.38,117.5703728,4.42
2024-04-17 03:00:00,DC_3,23.72,51.31,42.56,61.86,714.65,23.72,36.31,30.0,59.55888455,3.72
2024-04-17 05:30:00,DC_3,23.05,50.71,46.19,50.89,559.61,23.05,35.71,31.19,48.61880085,4.46
2024-04-17 08:00:00,DC_3,22.01,43.73,47.02,69.94,606.76,23.01,30.0,32.02,65.12654884,6.88
2024-04-17 10:30:00,DC_3,24.43,55.46,54.44,88.49,809.45,24.43,40.46,39.44,83.42212345,5.73
2024-04-17 13:00:00,DC_3,21.88,60.52,59.94,162.28,1102.65,23.38,45.52,44.94,154.5750779,4.75
2024-04-17 15:30:00,DC_3,24.22,73.05,64.63,195.1,1523.2,24.22,58.05,49.63,188.1855929,3.54
2024-04-17 18:00:00,DC_3,22.97,76.56,65.95,287.79,1640.07,23.47,61.56,50.95,280.228439,2.63
2024-04-17 20:30:00,DC_3,28.12,58.65,46.8,161.1,1271.36,28.12,50.65,31.8,158.2689788,1.76
2024-04-17 23:00:00,DC_3,22.8,64.35,50.32,157.3,1195.88,23.3,49.35,35.32,151.1581006,3.9
2024-04-18 01:30:00,DC_3,23.69,51.47,50.07,81.63,900.87,23.69,36.47,35.07,78.23611,4.16
2024-04-18 04:00:00,DC_3,23.12,45.6,44.88,55.15,655.69,23.12,30.6,30.0,52.43810574,4.92
2024-04-18 06:30:00,DC_3,23.67,46.78,40.99,58.65,696.61,23.67,31.78,30.0,56.97809158,2.85
2024-04-18 09:00:00,DC_3,24.0,48.08,41.06,67.11,690.98,24.0,33.08,30.0,64.83381927,3.39
2024-04-18 11:30:00,DC_3,24.21,50.49,40.07,93.94,767.38,24.21,35.49,30.0,91.39506196,2.71
2024-04-18 14:00:00,DC_3,21.55,60.23,57.42,177.28,1123.49,23.05,45.23,42.42,166.8874491,5.86
2024-04-18 16:30:00,DC_3,21.85,74.25,62.46,252.11,1351.65,23.35,59.25,47.46,240.9222185,4.44
2024-04-18 19:00:00,DC_3,23.6,68.02,60.95,189.75,1447.31,23.6,68.02,45.95,188.5869137,0.61
2024-04-18 21:30:00,DC_3,24.21,58.29,58.76,182.07,1300.21,24.21,43.29,43.76,177.4178503,2.56
2024-04-19 00:00:00,DC_3,23.46,52.94,49.78,122.59,1005.69,23.46,37.94,34.78,117.6202992,4.05
2024-04-19 02:30:00,DC_3,23.49,51.64,45.67,54.13,807.38,23.49,36.64,30.67,51.02558883,5.74
2024-04-19 05:00:00,DC_3,22.27,51.68,41.08,53.51,579.24,23.27,36.68,30.0,50.17210689,6.24
2024-04-19 07:30:00,DC_3,23.06,51.28,51.21,59.69,602.93,23.06,36.28,36.21,56.12847748,5.97
2024-04-19 10:00:00,DC_3,22.89,56.85,57.74,138.51,988.37,23.39,41.85,42.74,132.7946084,4.13
2024-04-19 12:30:00,DC_3,22.87,62.19,58.18,128.27,947.43,23.37,47.19,43.18,121.4337626,5.33
2024-04-19 15:00:00,DC_3,22.73,68.02,71.0,183.74,1363.1,23.23,53.02,56.0,177.2923852,3.51
2024-04-19 17:30:00,DC_3,20.95,65.29,62.83,234.84,1401.68,23.45,50.29,47.83,220.8330118,5.96
2024-04-19 20:00:00,DC_3,22.34,73.41,63.6,258.24,1533.86,23.34,58.41,48.6,247.555363,4.14
2024-04-19 22:30:00,DC_3,22.0,67.14,58.88,170.96,1232.22,23.0,52.14,43.88,162.3801597,5.02
2024-04-20 01:00:00,DC_3,24.38,49.16,49.07,75.33,775.79,24.38,34.16,34.07,71.6830364,4.84
2024-04-20 03:30:00,DC_3,22.71,51.13,44.39,77.4,704.06,23.21,36.13,30.0,73.18344336,5.45
2024-04-20 06:00:00,DC_3,23.54,47.79,42.15,47.16,577.75,23.54,32.79,30.0,43.27717996,8.23
2024-04-20 08:30:00,DC_3,22.38,52.36,50.07,69.46,581.17,23.38,37.36,35.07,64.72027369,6.82
2024-04-20 11:00:00,DC_3,20.82,53.87,52.58,93.54,665.79,23.32,38.87,37.58,86.24924079,7.79
2024-04-20 13:30:00,DC_3,21.58,62.35,51.27,120.16,966.59,23.08,47.35,36.27,111.4780378,7.23
2024-04-20 16:00:00,DC_3,26.53,49.02,45.58,144.09,1094.88,26.53,41.02,30.58,141.5437404,1.77
2024-04-20 18:30:00,DC_3,20.66,65.81,61.72,149.63,1100.01,23.16,50.81,46.72,137.8876366,7.85
2024-04-20 21:00:00,DC_3,23.45,57.47,50.37,114.44,1017.67,23.45,42.47,35.37,110.3014981,3.62
2024-04-20 23:30:00,DC_3,22.06,58.3,45.11,114.9,813.94,23.06,43.3,30.11,108.8849095,5.24
2024-04-21 02:00:00,DC_3,21.08,52.86,44.02,70.43,659.38,23.08,37.86,30.0,65.72191288,6.68
2024-04-21 04:30:00,DC_3,17.78,56.57,58.94,71.02,534.53,19.78,41.57,43.94,63.91549658,10.0
2024-04-21 07:00:00,DC_3,23.33,51.13,47.68,58.27,673.92,23.33,36.13,32.68,56.16861137,3.61
2024-04-21 09:30:00,DC_3,21.56,50.99,55.3,72.83,635.62,23.06,35.99,40.3,66.72268402,8.39
2024-04-21 12:00:00,DC_3,23.16,58.28,46.98,88.36,778.05,23.16,43.28,31.98,86.60151373,1.99
2024-04-21 14:30:00,DC_3,23.23,58.84,56.35,98.4,825.02,23.23,43.84,41.35,94.01652358,4.45
2024-04-21 17:00:00,DC_3,22.55,65.78,58.78,121.61,970.75,23.05,50.78,43.78,117.0641548,3.74
2024-04-21 19:30:00,DC_3,27.1,54.6,50.42,99.92,991.13,27.1,39.6,35.42,98.40354007,1.52
2024-04-21 22:00:00,DC_3,22.89,51.85,44.55,108.79,977.25,23.39,36.85,30.0,103.6273456,4.75
2024-04-22 00:30:00,DC_3,26.58,49.45,43.83,73.01,945.72,26.58,34.45,30.0,69.73377789,4.49
2024-04-22 03:00:00,DC_3,17.1,61.76,58.89,116.24,769.22,19.6,46.76,43.89,104.5196589,10.08
2024-04-22 05:30:00,DC_3,23.34,49.42,44.05,51.1,593.74,23.34,41.42,30.0,47.62396394,6.8
2024-04-22 08:00:00,DC_3,23.63,54.62,51.13,78.52,715.71,23.63,39.62,36.13,74.34210403,5.32
2024-04-22 10:30:00,DC_3,22.94,60.38,45.7,80.69,738.95,23.44,45.38,30.7,76.74103986,4.89
2024-04-22 13:00:00,DC_3,22.49,68.43,60.89,148.3,1110.54,23.49,53.43,45.89,140.6847355,5.14
2024-04-22 15:30:00,DC_3,21.87,58.48,58.9,220.43,1386.91,23.37,43.48,43.9,209.9880928,4.74
2024-04-22 18:00:00,DC_3,23.14,70.8,72.08,258.81,1629.85,23.14,70.8,72.08,258.81,0.0
2024-04-22 20:30:00,DC_3,25.0,62.94,60.95,169.34,1471.54,25.0,47.94,45.95,162.7592757,3.89
2024-04-22 23:00:00,DC_3,23.62,53.69,53.4,94.44,1009.19,23.62,38.69,38.4,90.95602684,3.69
2024-04-23 01:30:00,DC_3,22.69,53.1,53.29,119.38,932.33,23.19,38.1,38.29,114.9064282,3.75
2024-04-23 04:00:00,DC_3,22.15,54.39,46.43,87.07,683.99,23.15,39.39,31.43,80.89919631,7.09
2024-04-23 06:30:00,DC_3,23.86,54.6,40.99,63.94,659.5,23.86,39.6,30.0,59.22410858,7.38
2024-04-23 09:00:00,DC_3,23.87,55.37,42.18,61.21,644.33,23.87,40.37,30.0,56.53771398,7.63
2024-04-23 11:30:00,DC_3,24.19,53.78,55.06,96.23,822.33,24.19,38.78,40.06,90.25278647,6.21
2024-04-23 14:00:00,DC_3,21.8,63.84,59.37,170.43,1129.25,23.3,48.84,44.37,160.8417122,5.63
2024-04-23 16:30:00,DC_3,24.04,59.59,69.68,184.76,1301.25,24.04,44.59,54.68,180.021501,2.56
2024-04-23 19:00:00,DC_3,24.93,61.48,59.06,170.19,1389.85,24.93,46.48,44.06,164.5881577,3.29
2024-04-23 21:30:00,DC_3,20.97,75.29,67.26,203.42,1318.48,23.47,60.29,52.26,189.7097857,6.74
2024-04-24 00:00:00,DC_3,23.64,48.51,47.39,96.61,1041.65,23.64,48.51,32.39,96.04244383,0.59
2024-04-24 02:30:00,DC_3,23.06,56.025000000000006,48.42,80.06,856.69,23.06,35.7,33.42,77.24251157,3.52
2024-04-24 05:00:00,DC_3,22.66,53.37,52.69,83.19,745.87,23.16,38.37,37.69,78.86378317,5.2
2024-04-24 07:30:00,DC_3,24.02,38.11,41.53,61.44,570.95,24.02,30.0,30.0,58.88564187,4.16
2024-04-24 10:00:00,DC_3,21.5,51.01,49.29,78.81,768.92,23.0,36.01,34.29,73.71750591,6.46
2024-04-24 12:30:00,DC_3,22.69,62.26,60.14,132.08,1004.67,23.19,47.26,45.14,125.9363071,4.65
2024-04-24 15:00:00,DC_3,23.16,58.55,68.13,177.37,1168.55,23.16,43.55,53.13,171.6224843,3.24
2024-04-24 17:30:00,DC_3,21.84,72.49,66.76,265.06,1518.11,23.34,57.49,51.76,252.6163877,4.69
2024-04-24 20:00:00,DC_3,21.07,68.58,65.9,197.24,1334.65,23.07,53.58,50.9,183.9350102,6.75
2024-04-24 22:30:00,DC_3,24.69,49.13,50.59,113.75,1084.29,24.69,34.13,35.59,109.3520585,3.87
2024-04-25 01:00:00,DC_3,22.35,53.4,50.71,93.43,878.56,23.35,38.4,35.71,87.22654419,6.64
2024-04-25 03:30:00,DC_3,23.58,46.73,46.28,78.05,775.54,23.58,31.73,31.28,73.72591907,5.54
2024-04-25 06:00:00,DC_3,23.04,52.45,50.58,67.6,671.7,23.04,37.45,35.58,64.17793397,5.06
2024-04-25 08:30:00,DC_3,24.06,48.94,41.97,82.3,699.07,24.06,33.94,30.0,80.01144034,2.78
2024-04-25 11:00:00,DC_3,20.77,55.34,62.25,144.89,839.1,23.27,40.34,47.25,133.3793014,7.94
2024-04-25 13:30:00,DC_3,28.33,62.75,48.78,114.96,1030.61,28.33,47.75,33.78,109.9627089,4.35
2024-04-25 16:00:00,DC_3,20.74,71.33,62.21,220.19,1262.6,23.24,56.33,47.21,205.1702677,6.82
2024-04-25 18:30:00,DC_3,21.57,67.61,65.62,186.44,1275.53,23.07,52.61,50.62,175.9268467,5.64
2024-04-25 21:00:00,DC_3,21.49,63.47,58.5,164.21,1258.72,23.49,48.47,43.5,154.4285827,5.96
2024-04-25 23:30:00,DC_3,22.55,62.25,57.99,141.82,1218.16,23.05,47.25,42.99,135.6971841,4.32
2024-04-26 02:00:00,DC_3,23.03,54.83,50.04,102.93,923.2,23.03,39.83,35.04,98.07088378,4.72
2024-04-26 04:30:00,DC_3,16.06,55.68,51.02,99.12,697.24,18.56,40.68,36.02,93.12692171,6.05
2024-04-26 07:00:00,DC_3,23.29,49.34,43.33,63.26,703.25,23.29,34.34,30.0,58.85560947,6.96
2024-04-26 09:30:00,DC_3,22.54,50.5,52.94,67.51,698.28,23.04,35.5,37.94,64.10317556,5.05
2024-04-26 12:00:00,DC_3,24.09,61.83,52.59,120.38,954.42,24.09,46.83,37.59,115.8325964,3.78
2024-04-26 14:30:00,DC_3,20.94,72.09,65.76,236.96,1425.47,23.44,57.09,50.76,222.9914193,5.89
2024-04-26 17:00:00,DC_3,24.86,66.71,60.47,207.07,1464.86,24.86,51.71,45.47,201.2013979,2.83
2024-04-26 19:30:00,DC_3,21.82,67.06,57.26,210.74,1373.86,23.32,52.06,42.26,201.2218969,4.52
2024-04-26 22:00:00,DC_3,24.48,69.68,59.28,175.04,1294.22,24.48,54.68,44.28,169.0984107,3.39
2024-04-27 00:30:00,DC_3,26.99,44.01,41.03,76.73,822.13,26.99,36.01,30.0,74.70642012,2.64
2024-04-27 03:00:00,DC_3,23.3,43.57,40.84,58.02,583.84,23.3,30.0,30.0,58.01736301,0.0
2024-04-27 05:30:00,DC_3,23.67,57.2,38.03,55.23,593.65,23.67,42.2,30.0,50.86485677,7.9
2024-04-27 08:00:00,DC_3,28.65,42.21,35.11,43.73,553.3,28.65,34.21,30.0,42.93410687,1.82
2024-04-27 10:30:00,DC_3,22.4,51.26,50.39,79.09,638.03,23.4,36.26,35.39,74.06675432,6.35
2024-04-27 13:00:00,DC_3,23.39,54.99,51.26,92.96,877.92,23.39,39.99,36.26,88.6552738,4.63
2024-04-27 15:30:00,DC_3,23.58,62.72,53.51,150.29,1048.47,23.58,47.72,38.51,144.1567392,4.08
2024-04-27 18:00:00,DC_3,28.56,55.9,47.48,135.82,1006.59,28.56,40.9,32.48,131.6332787,3.08
2024-04-27 20:30:00,DC_3,20.68,60.18,44.14,109.5,916.65,23.18,45.18,30.0,101.8452132,6.99
2024-04-27 23:00:00,DC_3,22.74,59.55,53.45,109.04,966.43,23.24,44.55,38.45,105.5643704,3.19
2024-04-28 01:30:00,DC_3,24.06,52.08,49.57,76.65,755.45,24.06,37.08,34.57,72.77345818,5.06
2024-04-28 04:00:00,DC_3,24.78,37.05,44.51,66.0,675.03,24.78,30.0,30.0,65.11085055,1.35
2024-04-28 06:30:00,DC_3,22.42,49.1,45.14,63.16,595.97,23.42,34.1,30.14,60.013365,4.98
2024-04-28 09:00:00,DC_3,23.68,53.31,43.98,57.25,660.3,23.68,38.31,30.0,55.70390051,2.7
2024-04-28 11:30:00,DC_3,24.92,51.74,53.05,83.6,733.0,24.92,36.74,38.05,78.57114325,6.02
2024-04-28 14:00:00,DC_3,21.6,64.7,52.91,164.53,937.44,23.1,49.7,37.91,154.46949,6.11
2024-04-28 16:30:00,DC_3,23.56,52.79,56.12,91.9,844.24,23.56,37.79,41.12,88.83418493,3.34
2024-04-28 19:00:00,DC_3,26.88,60.42,52.49,88.15,899.91,26.88,45.42,37.49,83.32330571,5.48
2024-04-28 21:30:00,DC_3,23.03,51.76,59.99,122.51,999.0,23.03,36.76,44.99,118.8217358,3.01
2024-04-29 00:00:00,DC_3,22.3,54.95,54.61,136.77,1107.3,23.3,39.95,39.61,131.2586169,4.03
2024-04-29 02:30:00,DC_3,21.9,52.24,49.97,85.7,861.4,23.4,37.24,34.97,79.82976607,6.85
2024-04-29 05:00:00,DC_3,21.46,61.42,48.72,70.68,687.25,23.46,46.42,33.72,65.58817251,7.2
2024-04-29 07:30:00,DC_3,22.21,51.98,49.16,57.19,652.19,23.21,36.98,34.16,52.0928462,8.91
2024-04-29 10:00:00,DC_3,23.59,52.15,49.15,85.14,775.72,23.59,37.15,34.15,82.10536071,3.56
2024-04-29 12:30:00,DC_3,28.73,51.27,50.3,101.73,1012.69,28.73,43.27,35.3,101.7144372,0.02
2024-04-29 15:00:00,DC_3,21.54,69.28,68.82,159.02,1315.26,23.04,54.28,53.82,147.4835492,7.25
2024-04-29 17:30:00,DC_3,23.93,69.0,64.41,201.5,1531.32,23.93,54.0,49.41,194.388052,3.53
2024-04-29 20:00:00,DC_3,22.85,62.51,66.14,208.17,1319.17,22.85,54.51,51.14,203.8511138,2.07
2024-04-29 22:30:00,DC_3,22.12,57.25,58.8,151.65,1156.84,23.12,42.25,43.8,143.8331002,5.15
2024-04-30 01:00:00,DC_3,23.07,62.53,49.87,97.9,907.8,23.07,47.53,34.87,93.89496465,4.09
2024-04-30 03:30:00,DC_3,22.03,59.89,50.75,90.55,759.74,23.03,44.89,35.75,84.09344506,7.13
2024-04-30 06:00:00,DC_3,28.45,51.63,34.13,44.03,656.33,28.45,36.63,30.0,42.7508069,2.91
2024-04-30 08:30:00,DC_3,24.48,54.29,49.98,56.32,620.31,24.48,39.29,34.98,51.87814602,7.89
2024-04-30 11:00:00,DC_3,20.68,56.24,53.66,90.5,784.43,23.18,41.24,38.66,81.80558641,9.61
2024-04-30 13:30:00,DC_3,21.04,55.8,52.16,191.67,1110.4,23.04,40.8,37.16,179.6074531,6.29
2024-04-30 16:00:00,DC_3,22.94,79.87,67.1,216.73,1469.32,23.44,64.87,52.1,209.6580568,3.26
2024-04-30 18:30:00,DC_3,23.14,68.02,60.74,195.41,1200.57,23.14,53.02,45.74,189.669803,2.94
2024-04-30 21:00:00,DC_3,24.68,62.23,57.2,172.75,1372.02,24.68,47.23,42.2,166.0948201,3.85
2024-04-30 23:30:00,DC_3,20.29,74.11,60.88,232.22,1528.66,22.79,59.11,45.88,216.4118406,6.81
2024-05-01 02:00:00,DC_3,23.67,58.94,46.87,104.49,997.16,23.67,43.94,31.87,100.7288728,3.6
2024-05-01 04:30:00,DC_3,23.85,53.55,52.15,65.14,661.45,23.85,38.55,37.15,60.05241436,7.81
2024-05-01 07:00:00,DC_3,23.5,48.97,53.3,65.16,694.77,23.5,33.97,38.3,62.33492903,4.34
2024-05-01 09:30:00,DC_3,21.85,64.41,42.65,76.88,667.71,23.35,49.41,30.0,72.07259282,6.25
2024-05-01 12:00:00,DC_3,21.24,66.65,48.86,122.64,913.27,23.24,51.65,33.86,113.5359882,7.42
2024-05-01 14:30:00,DC_3,22.53,63.4,56.54,143.2,1038.7,23.03,48.4,41.54,138.7369811,3.12
2024-05-01 17:00:00,DC_3,24.13,67.41,63.66,184.32,1384.33,24.13,52.41,48.66,178.1534228,3.35
2024-05-01 19:30:00,DC_3,21.66,76.06,70.22,188.07,1292.22,23.16,61.06,55.22,176.2692113,6.27
2024-05-01 22:00:00,DC_3,20.68,67.06,58.78,198.89,1212.19,23.18,52.06,43.78,185.6206929,6.67
2024-05-02 00:30:00,DC_3,22.26,55.74,49.38,87.67,933.2,23.26,40.74,34.38,82.50419104,5.89
2024-05-02 03:00:00,DC_3,22.02,54.63,48.07,97.53,832.88,23.02,39.63,33.07,93.72727184,3.9
2024-05-02 05:30:00,DC_3,22.57,44.16,48.54,42.95,584.63,23.07,30.0,33.54,39.4830622,8.07
2024-05-02 08:00:00,DC_3,21.87,45.93,48.18,66.14,641.34,23.37,30.93,33.18,61.93159361,6.36
2024-05-02 10:30:00,DC_3,25.26,45.38,50.56,53.04,774.88,25.26,30.38,35.56,51.70810211,2.51
2024-05-02 13:00:00,DC_3,21.9,55.67,59.97,126.12,1026.18,23.4,40.67,44.97,119.1714156,5.51
2024-05-02 15:30:00,DC_3,22.5,71.88,66.6,208.87,1384.28,23.5,56.88,51.6,198.9612599,4.74
2024-05-02 18:00:00,DC_3,24.02,73.38,62.95,209.08,1527.87,24.02,58.38,47.95,201.3460897,3.7
2024-05-02 20:30:00,DC_3,24.53,53.68,61.53,166.16,1281.65,24.53,38.68,46.53,163.1658344,1.8
2024-05-02 23:00:00,DC_3,23.61,56.39,50.53,143.16,1355.65,23.61,41.39,35.53,135.9289263,5.05
2024-05-03 01:30:00,DC_3,18.47,67.51,61.29,151.23,990.8,20.97,52.51,46.29,136.1175705,9.99
2024-05-03 04:00:00,DC_3,20.84,58.48,47.9,88.04,832.16,23.34,43.48,32.9,79.75045283,9.42
2024-05-03 06:30:00,DC_3,25.07,46.83,40.57,57.44,689.73,25.07,31.83,30.0,55.34707801,3.64
2024-05-03 09:00:00,DC_3,22.57,53.77,53.28,108.75,922.1,23.07,38.77,38.28,102.9618893,5.32
2024-05-03 11:30:00,DC_3,22.59,53.53,47.44,105.24,824.85,23.09,38.53,32.44,100.3821252,4.62
2024-05-03 14:00:00,DC_3,20.67,56.32,64.0,161.72,1111.28,23.17,41.32,49.0,149.2530147,7.71
2024-05-03 16:30:00,DC_3,27.49,75.22,55.13,188.46,1425.8,27.49,60.22,40.13,181.2477959,3.83
2024-05-03 19:00:00,DC_3,22.74,74.11,65.58,304.76,1714.04,23.24,59.11,50.58,296.9714722,2.56
2024-05-03 21:30:00,DC_3,23.32,53.49,50.875,163.31,1266.31,23.32,38.49,42.15,158.5747421,2.9
2024-05-04 00:00:00,DC_3,16.38,67.44,59.12,130.02,850.64,18.88,52.44,44.12,119.0496575,8.44
2024-05-04 02:30:00,DC_3,22.24,58.57,48.87,74.04,729.76,23.24,43.57,33.87,70.82943964,4.34
2024-05-04 05:00:00,DC_3,22.77,55.42,43.35,46.91,643.3,23.27,40.42,30.0,43.33042565,7.63
2024-05-04 07:30:00,DC_3,22.01,45.3,45.58,60.35,527.57,23.01,30.3,30.58,56.83267832,5.83
2024-05-04 10:00:00,DC_3,23.7,52.52,54.14,74.77,699.86,23.7,37.52,39.14,70.05082452,6.31
2024-05-04 12:30:00,DC_3,23.77,51.03,43.64,113.09,858.27,23.77,36.03,30.0,108.9812782,3.63
2024-05-04 15:00:00,DC_3,21.81,62.86,55.26,127.09,875.53,23.31,47.86,40.26,118.7308972,6.58
2024-05-04 17:30:00,DC_3,23.07,54.81,53.08,119.49,923.48,23.07,46.81,38.08,114.4714794,4.2
2024-05-04 20:00:00,DC_3,22.21,59.38,61.06,109.52,1059.44,23.21,44.38,46.06,103.2227906,5.75
2024-05-04 22:30:00,DC_3,23.56,53.59,50.34,75.81,855.85,23.56,38.59,35.34,72.42372096,4.47
2024-05-05 01:00:00,DC_3,24.4,47.46,41.18,83.72,781.52,24.4,32.46,30.0,80.61509671,3.71
2024-05-05 03:30:00,DC_3,23.12,44.98,46.13,55.87,636.12,23.12,30.0,31.13,50.81928435,9.04
2024-05-05 06:00:00,DC_3,22.82,48.26,42.11,50.21,608.68,23.32,33.26,30.0,47.29229872,5.81
2024-05-05 08:30:00,DC_3,24.9,46.58,42.6,37.26,561.54,24.9,38.58,30.0,35.64870103,4.32
2024-05-05 11:00:00,DC_3,21.68,53.35,45.59,72.64,604.63,23.18,38.35,30.59,67.07121408,7.67
2024-05-05 13:30:00,DC_3,21.75,56.025000000000006,52.84,101.55,795.27,23.25,42.12,37.84,95.28643219,6.17
2024-05-05 16:00:00,DC_3,22.82,59.6,56.38,148.35,1015.79,23.32,44.6,41.38,142.3736005,4.03
2024-05-05 18:30:00,DC_3,24.39,50.58,54.38,85.76,929.99,24.39,35.58,39.38,81.84789703,4.56
2024-05-05 21:00:00,DC_3,25.13,59.14,53.63,114.01,978.5,25.13,44.14,38.63,109.4870362,3.97
2024-05-05 23:30:00,DC_3,17.33,61.71,57.18,94.18,831.58,19.83,46.71,42.18,86.86412909,7.77
2024-05-06 02:00:00,DC_3,23.87,45.47,45.09,70.54,750.55,23.87,30.47,30.09,66.96032345,5.07
2024-05-06 04:30:00,DC_3,23.87,50.71,48.07,61.77,711.88,23.87,35.71,33.07,58.21324593,5.76
2024-05-06 07:00:00,DC_3,21.81,54.46,47.46,48.37,599.03,23.31,39.46,32.46,45.24435379,6.46
2024-05-06 09:30:00,DC_3,22.4,49.9,48.78,74.41,748.55,23.4,34.9,33.78,71.41990185,4.02
2024-05-06 12:00:00,DC_3,20.61,60.73,52.97,142.11,826.01,23.11,45.73,37.97,132.0335197,7.09
2024-05-06 14:30:00,DC_3,21.96,57.21,58.14,153.25,1146.61,23.46,42.21,43.14,147.50936,3.75
2024-05-06 17:00:00,DC_3,27.76,67.15,58.28,217.53,1522.32,27.76,52.15,43.28,211.6299185,2.71
2024-05-06 19:30:00,DC_3,24.3,69.51,56.56,180.79,1383.66,24.3,54.51,41.56,175.4720615,2.94
2024-05-06 22:00:00,DC_3,22.37,72.62,57.3,155.37,1090.83,23.37,57.62,42.3,149.1546949,4.0
2024-05-07 00:30:00,DC_3,24.14,61.24,56.11,150.11,1210.25,24.14,46.24,41.11,147.3103913,1.87
2024-05-07 03:00:00,DC_3,22.08,48.73,49.24,67.14,720.16,23.08,33.73,34.24,63.67115975,5.17
2024-05-07 05:30:00,DC_3,21.98,57.34,45.5,68.83,697.94,23.48,42.34,30.5,63.61092025,7.58
2024-05-07 08:00:00,DC_3,21.88,49.94,52.39,76.71,616.18,23.38,34.94,37.39,71.33977283,7.0
2024-05-07 10:30:00,DC_3,21.77,55.0,56.83,104.81,836.83,23.27,40.0,41.83,97.89906812,6.59
2024-05-07 13:00:00,DC_3,17.43,67.24,65.11,210.43,1016.21,19.93,52.24,50.11,194.7013959,7.47
2024-05-07 15:30:00,DC_3,24.28,56.025000000000006,62.12,194.67,1370.13,24.28,53.44,47.12,189.5324294,2.64
2024-05-07 18:00:00,DC_3,28.54,63.12,54.78,194.94,1518.62,28.54,63.12,54.78,194.9388323,0.0
2024-05-07 20:30:00,DC_3,23.07,60.65,56.96,186.36,1322.42,23.07,45.65,41.96,180.1921519,3.31
2024-05-07 23:00:00,DC_3,22.54,55.03,55.67,126.07,1078.06,23.04,40.03,40.67,121.0212559,4.0
2024-05-08 01:30:00,DC_3,24.07,55.96,45.75,80.5,881.22,24.07,40.96,30.75,75.1224778,6.68
2024-05-08 04:00:00,DC_3,21.93,55.91,49.19,67.15,626.11,23.43,40.91,34.19,62.86638329,6.38
2024-05-08 06:30:00,DC_3,22.06,50.71,45.65,58.91,583.91,23.06,35.71,30.65,54.62672279,7.27
2024-05-08 09:00:00,DC_3,23.2,46.96,48.48,65.9,660.23,23.2,31.96,33.48,61.51643864,6.65
2024-05-08 11:30:00,DC_3,27.36,62.96,45.48,123.85,991.04,27.36,47.96,30.48,118.9002229,4.0
2024-05-08 14:00:00,DC_3,22.59,58.16,58.08,128.87,1057.18,23.09,43.16,43.08,124.6114561,3.3
2024-05-08 16:30:00,DC_3,23.25,63.39,63.34,185.26,1359.03,23.25,48.39,48.34,179.99767,2.84
2024-05-08 19:00:00,DC_3,23.18,74.74,62.04,240.16,1554.8,23.18,59.74,47.04,234.3977307,2.4
2024-05-08 21:30:00,DC_3,18.21,72.29,67.99,267.2,1420.55,20.71,57.29,52.99,248.1211965,7.14
2024-05-09 00:00:00,DC_3,24.3,58.11,45.69,110.94,1052.18,24.3,43.11,30.69,106.1437292,4.32
2024-05-09 02:30:00,DC_3,21.85,58.62,46.44,97.44,886.71,23.35,43.62,31.44,91.11201415,6.49
2024-05-09 05:00:00,DC_3,26.88,35.06,38.55,53.82,619.53,26.88,35.06,38.55,53.82,0.0
2024-05-09 07:30:00,DC_3,21.96,55.11,54.96,82.43,735.07,23.46,40.11,39.96,75.93613151,7.88
2024-05-09 10:00:00,DC_3,22.45,56.83,52.5,76.2,704.16,23.45,41.83,37.5,70.2851346,7.76
2024-05-09 12:30:00,DC_3,23.65,58.14,61.1,140.12,1002.17,23.65,43.14,46.1,135.5542467,3.26
2024-05-09 15:00:00,DC_3,23.3,60.32,56.0,159.66,1134.98,23.3,45.32,41.0,153.3018244,3.98
2024-05-09 17:30:00,DC_3,21.83,67.21,61.95,296.08,1622.35,23.33,52.21,46.95,285.262707,3.65
2024-05-09 20:00:00,DC_3,16.09,77.01,86.18,289.51,1429.98,18.59,62.01,71.18,267.2293012,7.7
2024-05-09 22:30:00,DC_3,24.84,60.2,51.97,119.91,1115.78,24.84,45.2,36.97,114.8834334,4.19
2024-05-10 01:00:00,DC_3,22.38,51.26,51.16,115.13,1016.45,23.38,36.26,36.16,110.0985141,4.37
2024-05-10 03:30:00,DC_3,21.63,50.44,48.18,81.66,655.36,23.13,35.44,33.18,77.35011028,5.28
2024-05-10 06:00:00,DC_3,22.63,50.63,37.33,70.67,656.19,23.13,35.63,30.0,67.48948799,4.5
2024-05-10 08:30:00,DC_3,21.49,52.46,44.27,72.4,583.25,23.49,37.46,30.0,65.21144934,9.93
2024-05-10 11:00:00,DC_3,24.82,52.02,47.63,80.02,858.63,24.82,37.02,32.63,77.47523997,3.18
2024-05-10 13:30:00,DC_3,20.46,55.74,56.74,143.91,1040.84,22.96,40.74,41.74,131.8568917,8.38
2024-05-10 16:00:00,DC_3,23.45,74.22,64.21,198.2,1375.06,23.45,59.22,49.21,194.4347732,1.9
2024-05-10 18:30:00,DC_3,27.61,62.61,52.31,162.64,1444.95,27.61,47.61,37.31,157.6675468,3.06
2024-05-10 21:00:00,DC_3,22.62,62.96,66.83,172.95,1219.35,23.12,47.96,51.83,167.1605746,3.35
2024-05-10 23:30:00,DC_3,22.51,58.68,55.48,109.53,1041.68,22.51,43.68,40.48,105.2961127,3.87
2024-05-11 02:00:00,DC_3,22.61,52.21,44.53,69.24,772.38,23.11,37.21,30.0,65.80820564,4.96
2024-05-11 04:30:00,DC_3,23.56,50.73,40.71,72.0,712.61,23.56,35.73,30.0,69.19797508,3.89
2024-05-11 07:00:00,DC_3,23.12,48.49,44.15,67.52,669.44,23.12,33.49,30.0,63.29913037,6.25
2024-05-11 09:30:00,DC_3,23.67,47.17,41.9,55.36,620.04,23.67,32.17,30.0,53.73417611,2.94
2024-05-11 12:00:00,DC_3,22.46,57.89,52.85,83.81,743.47,22.46,57.89,52.85,83.81,0.0
2024-05-11 14:30:00,DC_3,23.79,54.3,53.79,122.07,901.73,23.79,46.3,38.79,119.0424755,2.48
2024-05-11 17:00:00,DC_3,22.34,57.2,55.06,139.45,978.99,23.34,42.2,40.06,133.977652,3.92
2024-05-11 19:30:00,DC_3,24.49,56.17,53.34,120.05,990.48,24.49,41.17,38.34,116.7884981,2.72
2024-05-11 22:00:00,DC_3,22.99,59.24,52.76,112.89,1010.4,23.49,44.24,37.76,106.1733927,5.95
2024-05-12 00:30:00,DC_3,26.13,49.42,44.92,71.53,775.53,26.13,34.42,30.0,68.58381428,4.12
2024-05-12 03:00:00,DC_3,23.11,43.82,49.16,64.92,696.12,23.11,30.0,34.16,61.40751804,5.41
2024-05-12 05:30:00,DC_3,20.94,50.05,52.88,71.68,665.97,23.44,35.05,37.88,66.02794776,7.89
2024-05-12 08:00:00,DC_3,23.37,46.93,37.76,55.23,595.06,23.37,31.93,30.0,52.55539902,4.84
2024-05-12 10:30:00,DC_3,20.96,62.14,49.07,113.45,876.73,23.46,47.14,34.07,104.2828373,8.08
2024-05-12 13:00:00,DC_3,21.01,54.21,58.19,116.75,814.91,23.01,39.21,43.19,110.4590484,5.39
2024-05-12 15:30:00,DC_3,24.21,56.52,52.75,155.89,973.68,24.21,41.52,37.75,151.9916915,2.5
2024-05-12 18:00:00,DC_3,23.1,66.4,61.35,144.14,1063.45,23.1,51.4,46.35,137.9366266,4.3
2024-05-12 20:30:00,DC_3,21.07,67.43,56.24,148.47,1016.06,23.07,52.43,41.24,137.1173016,7.65
2024-05-12 23:00:00,DC_3,23.4,51.41,47.72,111.74,908.99,23.4,36.41,32.72,107.2583764,4.01
2024-05-13 01:30:00,DC_3,24.71,55.08,46.75,102.13,968.31,24.71,40.08,31.75,97.25606725,4.77
2024-05-13 04:00:00,DC_3,24.91,46.46,43.78,75.94,817.22,24.91,31.46,30.0,71.81028467,5.44
2024-05-13 06:30:00,DC_3,23.89,53.38,44.58,76.68,697.82,23.89,38.38,30.0,73.30409613,4.4
2024-05-13 09:00:00,DC_3,27.67,47.05,47.46,54.67,630.79,27.67,47.05,32.46,52.75576512,3.5
2024-05-13 11:30:00,DC_3,24.72,57.82,48.91,114.98,947.07,24.72,42.82,33.91,110.890955,3.56
2024-05-13 14:00:00,DC_3,23.5,68.29,54.71,133.47,1064.07,23.5,53.29,39.71,128.4766053,3.74
2024-05-13 16:30:00,DC_3,24.77,72.08,61.62,202.33,1316.87,24.77,57.08,46.62,196.2637637,3.0
2024-05-13 19:00:00,DC_3,20.97,62.4,62.16,259.77,1419.48,23.47,54.4,47.16,246.6496035,5.05
2024-05-13 21:30:00,DC_3,23.68,68.83,55.0,153.91,1290.22,23.68,53.83,40.0,149.261389,3.02
2024-05-14 00:00:00,DC_3,16.9,74.29,67.64,183.41,1087.89,19.4,59.29,52.64,168.24745,8.27
2024-05-14 02:30:00,DC_3,22.03,51.4,52.15,87.1,875.04,23.03,36.4,37.15,82.0612159,5.79
2024-05-14 05:00:00,DC_3,24.08,47.13,44.17,54.11,673.47,24.08,32.13,30.0,51.74062981,4.38
2024-05-14 07:30:00,DC_3,24.02,53.8,45.75,52.89,636.46,24.02,38.8,30.75,49.40447259,6.59
2024-05-14 10:00:00,DC_3,22.83,49.88,54.84,84.9,762.02,23.33,34.88,39.84,81.07379515,4.51
2024-05-14 12:30:00,DC_3,22.68,59.36,57.03,152.34,1055.25,23.18,44.36,42.03,147.5279294,3.16
2024-05-14 15:00:00,DC_3,18.4,71.88,74.71,222.05,1343.63,20.9,56.88,59.71,205.6745251,7.37
2024-05-14 17:30:00,DC_3,23.57,70.85,63.28,197.25,1544.59,23.57,55.85,48.28,193.3795431,1.96
2024-05-14 20:00:00,DC_3,22.49,68.67,46.24,196.81,1466.02,23.49,53.67,31.24,190.2577155,3.33
2024-05-14 22:30:00,DC_3,24.11,61.48,63.66,206.63,1590.36,24.11,46.48,48.66,202.1686579,2.16
2024-05-15 01:00:00,DC_3,22.89,56.84,44.37,80.31,853.74,23.39,41.84,30.0,74.94067861,6.69
2024-05-15 03:30:00,DC_3,22.67,47.6,45.73,52.68,630.06,23.17,32.6,30.73,48.6668381,7.62
2024-05-15 06:00:00,DC_3,22.58,50.55,47.17,57.95,569.28,23.08,35.55,32.17,55.77781055,3.75
2024-05-15 08:30:00,DC_3,22.89,48.8,44.37,52.98,600.79,23.39,33.8,30.0,49.33365888,6.88
2024-05-15 11:00:00,DC_3,22.25,53.82,56.4,102.51,860.44,23.25,38.82,41.4,94.73562996,7.58
2024-05-15 13:30:00,DC_3,23.97,51.08,51.42,99.68,949.49,23.97,36.08,36.42,96.83640866,2.85
2024-05-15 16:00:00,DC_3,23.6,67.61,64.32,185.96,1323.51,23.6,52.61,49.32,178.5062176,4.01
2024-05-15 18:30:00,DC_3,22.95,77.23,68.05,256.6,1621.75,23.45,62.23,53.05,248.4800992,3.16
2024-05-15 21:00:00,DC_3,23.25,66.36,58.05,158.36,1330.87,23.25,51.36,43.05,153.3438824,3.17
2024-05-15 23:30:00,DC_3,23.19,58.97,55.15,85.82,1118.32,23.19,43.97,40.15,82.3072457,4.09
2024-05-16 02:00:00,DC_3,23.39,46.69,49.54,94.28,845.91,23.39,31.69,34.54,89.9634126,4.58
2024-05-16 04:30:00,DC_3,24.68,50.28,45.93,59.47,634.26,24.68,35.28,30.93,54.87516436,7.73
2024-05-16 07:00:00,DC_3,23.5,49.76,49.92,60.37,620.69,23.5,34.76,34.92,57.19727526,5.26
2024-05-16 09:30:00,DC_3,21.96,48.67,44.29,62.47,636.94,23.46,33.67,30.0,56.66636832,9.29
2024-05-16 12:00:00,DC_3,22.43,56.48,46.98,126.38,888.05,23.43,41.48,31.98,120.1193197,4.95
2024-05-16 14:30:00,DC_3,22.89,65.81,58.71,181.3,1218.93,23.39,50.81,43.71,174.5795789,3.71
2024-05-16 17:00:00,DC_3,21.25,66.87,64.64,210.3,1251.3,23.25,51.87,49.64,198.4893693,5.62
2024-05-16 19:30:00,DC_3,25.04,60.18,65.89,222.62,1464.49,25.04,60.18,65.89,222.62,0.0
2024-05-16 22:00:00,DC_3,22.86,61.53,59.62,157.05,1131.99,23.36,46.53,44.62,151.2588407,3.69
2024-05-17 00:30:00,DC_3,23.69,53.17,48.59,106.73,969.44,23.69,38.17,33.59,103.7610402,2.78
2024-05-17 03:00:00,DC_3,24.63,47.93,36.5,72.73,798.96,24.63,32.93,30.0,69.63747199,4.25
2024-05-17 05:30:00,DC_3,21.3,58.99,57.61,94.73,778.89,23.3,43.99,42.61,86.30582853,8.89
2024-05-17 08:00:00,DC_3,20.49,54.97,43.26,82.27,602.43,22.99,46.97,30.0,74.39139461,9.58
2024-05-17 10:30:00,DC_3,24.06,50.57,47.42,64.68,770.75,24.06,35.57,32.42,61.00263801,5.69
2024-05-17 13:00:00,DC_3,21.7,58.4,54.48,118.93,1043.12,23.2,43.4,39.48,113.0612149,4.93
2024-05-17 15:30:00,DC_3,23.06,68.39,61.62,201.06,1362.37,23.06,53.39,46.62,196.1982178,2.42
2024-05-17 18:00:00,DC_3,21.08,69.14,71.75,238.94,1539.45,23.08,54.14,56.75,223.7658237,6.35
2024-05-17 20:30:00,DC_3,22.74,66.2,58.82,185.55,1335.22,23.24,51.2,43.82,179.4105557,3.31
2024-05-17 23:00:00,DC_3,22.71,58.61,60.38,172.77,1293.75,23.21,43.61,45.38,167.0972812,3.28
2024-05-18 01:30:00,DC_3,28.13,38.45,41.73,71.11,770.94,28.13,38.45,30.0,68.03066843,4.33
2024-05-18 04:00:00,DC_3,17.91,57.75,55.45,76.83,606.44,20.41,42.75,40.45,69.24084791,9.88
2024-05-18 06:30:00,DC_3,22.73,51.53,44.64,67.47,570.18,23.23,36.53,30.0,63.31974763,6.15
2024-05-18 09:00:00,DC_3,22.54,50.98,52.17,66.03,576.66,23.04,35.98,37.17,60.6262372,8.18
2024-05-18 11:30:00,DC_3,24.04,56.7,48.52,83.6,769.63,24.04,41.7,33.52,78.45832802,6.15
2024-05-18 14:00:00,DC_3,23.14,59.8,48.34,103.95,809.75,23.14,44.8,33.34,99.47548099,4.3
2024-05-18 16:30:00,DC_3,21.95,57.98,52.9,135.02,981.18,23.45,42.98,37.9,128.5106644,4.82
2024-05-18 19:00:00,DC_3,28.24,53.46,50.54,101.16,923.83,28.24,45.46,35.54,98.93893233,2.2
2024-05-18 21:30:00,DC_3,22.35,59.32,47.14,85.07,893.74,23.35,44.32,32.14,81.8811703,3.75
2024-05-19 00:00:00,DC_3,22.05,55.39,41.47,102.99,874.4,23.05,40.39,30.0,98.9922311,3.88
2024-05-19 02:30:00,DC_3,22.22,56.83,60.17,114.07,973.96,23.22,41.83,45.17,107.5883731,5.68
2024-05-19 05:00:00,DC_3,22.39,47.39,51.64,68.6,564.16,23.39,32.39,36.64,64.25058461,6.34
2024-05-19 07:30:00,DC_3,23.41,52.97,48.43,52.9,586.12,23.41,37.97,33.43,50.02161866,5.44
2024-05-19 10:00:00,DC_3,22.96,49.03,48.32,70.21,638.73,23.46,34.03,33.32,66.45609973,5.35
2024-05-19 12:30:00,DC_3,21.58,58.3,51.71,109.15,791.75,23.08,43.3,36.71,102.4481809,6.14
2024-05-19 15:00:00,DC_3,21.99,56.73,57.15,126.8,898.75,23.49,41.73,42.15,119.6792017,5.62
2024-05-19 17:30:00,DC_3,24.41,57.94,47.16,127.16,977.65,24.41,42.94,32.16,121.524636,4.43
2024-05-19 20:00:00,DC_3,22.03,64.28,62.26,140.17,1069.96,23.03,49.28,47.26,131.1714051,6.42
2024-05-19 22:30:00,DC_3,21.91,58.54,55.28,121.64,997.61,23.41,43.54,40.28,114.5519613,5.83
2024-05-20 01:00:00,DC_3,23.17,56.025000000000006,55.05,119.66,1008.44,23.17,41.44,40.05,116.1511447,2.93
2024-05-20 03:30:00,DC_3,21.61,54.72,53.48,71.18,729.61,23.11,39.72,38.48,66.82132109,6.12
2024-05-20 06:00:00,DC_3,25.2,46.88,46.23,67.33,671.05,25.2,31.88,31.23,64.65733301,3.97
2024-05-20 08:30:00,DC_3,24.19,46.24,52.13,54.86,628.49,24.19,31.24,37.13,51.65956423,5.83
2024-05-20 11:00:00,DC_3,22.78,55.4,51.78,99.22,770.98,23.28,40.4,36.78,93.56088825,5.7
2024-05-20 13:30:00,DC_3,22.28,56.52,51.14,159.74,1191.24,23.28,41.52,36.14,152.285092,4.67
2024-05-20 16:00:00,DC_3,21.51,71.54,60.61,220.32,1381.95,23.01,56.54,45.61,207.4618831,5.84
2024-05-20 18:30:00,DC_3,23.27,57.48,59.37,162.05,1224.33,23.27,42.48,44.37,158.3079419,2.31
2024-05-20 21:00:00,DC_3,23.29,68.0,67.09,186.47,1357.21,23.29,53.0,52.09,181.2449704,2.8
2024-05-20 23:30:00,DC_3,24.37,64.66,54.32,122.9,1176.16,24.37,49.66,39.32,118.3673956,3.69
2024-05-21 02:00:00,DC_3,23.77,46.79,42.29,83.53,863.17,23.77,31.79,30.0,81.48142887,2.45
2024-05-21 04:30:00,DC_3,24.48,45.65,37.34,61.63,690.13,24.48,30.65,30.0,59.78572687,2.99
2024-05-21 07:00:00,DC_3,22.84,49.62,45.46,73.29,642.27,23.34,34.62,30.46,69.8372489,4.71
2024-05-21 09:30:00,DC_3,23.56,51.81,43.38,69.92,617.84,23.56,36.81,30.0,65.60876368,6.17
2024-05-21 12:00:00,DC_3,24.22,59.25,52.31,108.24,878.41,24.22,44.25,37.31,102.8920618,4.94
2024-05-21 14:30:00,DC_3,23.19,71.11,49.37,198.16,1188.68,23.19,56.11,34.37,193.6001335,2.3
2024-05-21 17:00:00,DC_3,24.05,65.88,60.25,245.39,1471.62,24.05,50.88,45.25,239.5118931,2.4
2024-05-21 19:30:00,DC_3,21.59,63.31,61.89,213.0,1505.88,23.09,48.31,46.89,201.892905,5.21
2024-05-21 22:00:00,DC_3,23.31,59.94,54.35,128.55,1134.72,23.31,44.94,39.35,124.1562422,3.42
2024-05-22 00:30:00,DC_3,22.47,59.9,65.21,140.15,1091.85,23.47,44.9,50.21,134.854615,3.78
2024-05-22 03:00:00,DC_3,23.11,55.3,47.43,85.99,743.67,23.11,40.3,32.43,81.40131791,5.34
2024-05-22 05:30:00,DC_3,25.04,45.87,40.14,51.62,655.37,25.04,30.87,30.0,51.30591515,0.61
2024-05-22 08:00:00,DC_3,22.34,51.82,51.94,67.3,657.32,23.34,36.82,36.94,62.72401278,6.8
2024-05-22 10:30:00,DC_3,26.52,50.99,50.33,82.99,759.61,26.52,35.99,35.33,78.63588658,5.25
2024-05-22 13:00:00,DC_3,28.11,58.99,46.55,134.92,1101.86,28.11,43.99,31.55,131.3286165,2.66
2024-05-22 15:30:00,DC_3,20.52,67.69,64.04,212.24,1282.38,23.02,52.69,49.04,195.5214645,7.88
2024-05-22 18:00:00,DC_3,23.94,73.36,57.33,242.22,1567.31,23.94,58.36,42.33,237.3766278,2.0
2024-05-22 20:30:00,DC_3,21.48,63.18,64.1,195.81,1253.94,23.48,48.18,49.1,184.0410045,6.01
2024-05-22 23:00:00,DC_3,23.78,66.77,48.73,153.02,1192.5,23.78,51.77,33.73,148.1671952,3.17
2024-05-23 01:30:00,DC_3,23.36,52.06,47.37,73.54,911.91,23.36,37.06,32.37,70.13896151,4.62
2024-05-23 04:00:00,DC_3,21.6,52.09,44.55,66.66,622.1,23.1,37.09,30.0,61.42608967,7.85
2024-05-23 06:30:00,DC_3,23.06,49.8,45.29,43.99,605.12,23.06,34.8,30.29,40.46908773,8.0
2024-05-23 09:00:00,DC_3,24.13,48.48,46.16,59.46,672.26,24.13,33.48,31.16,56.23715379,5.42
2024-05-23 11:30:00,DC_3,23.43,62.59,51.53,100.98,810.91,23.43,47.59,36.53,94.14512924,6.77
2024-05-23 14:00:00,DC_3,24.02,62.57,62.71,132.51,1020.99,24.02,47.57,47.71,127.0102822,4.15
2024-05-23 16:30:00,DC_3,26.99,73.17,56.0,217.88,1409.8,26.99,58.17,41.0,210.6793378,3.3
2024-05-23 19:00:00,DC_3,21.64,63.73,53.36,211.32,1257.08,23.14,48.73,38.36,201.6133746,4.59
2024-05-23 21:30:00,DC_3,22.4,63.13,50.76,144.58,1090.72,23.4,48.13,35.76,138.5068792,4.2
2024-05-24 00:00:00,DC_3,21.93,61.12,52.29,116.77,923.47,23.43,46.12,37.29,108.9259637,6.72
2024-05-24 02:30:00,DC_3,22.24,50.96,51.61,74.27,830.48,23.24,35.96,36.61,69.72637405,6.12
2024-05-24 05:00:00,DC_3,21.97,56.7,45.6,52.85,599.06,23.47,41.7,30.6,47.1574282,10.77
2024-05-24 07:30:00,DC_3,23.33,48.64,42.51,58.32,647.98,23.33,33.64,30.0,55.32428167,5.14
2024-05-24 10:00:00,DC_3,22.15,56.24,48.73,81.38,657.91,23.15,41.24,33.73,74.23814035,8.78
2024-05-24 12:30:00,DC_3,23.34,57.93,49.77,110.03,932.86,23.34,42.93,34.77,105.5394583,4.08
2024-05-24 15:00:00,DC_3,27.94,54.83,57.2,154.63,1245.56,27.94,46.83,42.2,151.851123,1.8
2024-05-24 17:30:00,DC_3,22.55,71.31,64.1,202.47,1419.58,23.05,56.31,49.1,194.4060427,3.98
2024-05-24 20:00:00,DC_3,24.74,62.88,51.52,180.81,1341.84,24.74,47.88,36.52,175.1552963,3.13
2024-05-24 22:30:00,DC_3,22.75,63.14,51.93,155.28,1144.69,23.25,48.14,36.93,148.7446732,4.21
2024-05-25 01:00:00,DC_3,22.89,58.17,46.77,90.92,793.75,23.39,43.17,31.77,86.90666801,4.41
2024-05-25 03:30:00,DC_3,17.62,56.1,47.54,69.28,683.07,20.12,41.1,32.54,61.57768677,11.12
2024-05-25 06:00:00,DC_3,22.26,49.04,39.25,53.57,573.25,23.26,34.04,30.0,49.83082708,6.98
2024-05-25 08:30:00,DC_3,22.2,46.3,43.82,64.75,597.77,23.2,31.3,30.0,63.0070691,2.69
2024-05-25 11:00:00,DC_3,23.42,54.07,45.65,78.2,718.49,23.42,39.07,30.65,76.23111272,2.52
2024-05-25 13:30:00,DC_3,24.2,56.025000000000006,49.43,120.25,851.54,24.2,39.68,34.43,115.5874982,3.88
2024-05-25 16:00:00,DC_3,24.14,63.17,56.02,145.37,1002.38,24.14,48.17,41.02,140.1464252,3.59
2024-05-25 18:30:00,DC_3,24.73,60.57,48.52,117.59,1017.2,24.73,45.57,33.52,112.1429462,4.63
2024-05-25 21:00:00,DC_3,22.82,60.83,57.27,127.51,1017.35,23.32,45.83,42.27,121.5387867,4.68
2024-05-25 23:30:00,DC_3,22.02,59.07,56.33,96.65,892.47,23.02,44.07,41.33,88.81073173,8.11
2024-05-26 02:00:00,DC_3,23.57,47.8,48.7,67.06,704.63,23.57,32.8,33.7,64.12793458,4.37
2024-05-26 04:30:00,DC_3,23.91,43.34,49.3,57.37,613.65,23.91,30.0,34.3,54.09445079,5.71
2024-05-26 07:00:00,DC_3,21.75,54.63,48.13,61.74,616.73,23.25,39.63,33.13,56.09395003,9.14
2024-05-26 09:30:00,DC_3,24.15,43.21,48.38,62.9,584.08,24.15,30.0,33.38,60.21080916,4.28
2024-05-26 12:00:00,DC_3,17.21,67.47,50.875,135.55,721.1,19.71,52.47,44.4,121.9076544,10.06
2024-05-26 14:30:00,DC_3,22.44,57.87,50.2,103.81,761.21,23.44,42.87,35.2,97.20194393,6.37
2024-05-26 17:00:00,DC_3,22.67,69.86,55.3,147.8,1054.5,23.17,54.86,40.3,140.4695707,4.96
2024-05-26 19:30:00,DC_3,21.52,63.74,68.84,159.74,1072.96,23.02,48.74,53.84,149.6693734,6.3
2024-05-26 22:00:00,DC_3,22.54,61.04,53.57,104.79,912.02,23.04,46.04,38.57,97.94619899,6.53
2024-05-27 00:30:00,DC_3,21.62,62.93,54.4,126.68,1017.47,23.12,47.93,39.4,118.361158,6.57
2024-05-27 03:00:00,DC_3,16.94,59.46,51.61,93.5,772.57,19.44,44.46,36.61,83.85330197,10.32
2024-05-27 05:30:00,DC_3,24.5,44.37,42.96,46.45,646.91,24.5,30.0,30.0,43.98825232,5.3
2024-05-27 08:00:00,DC_3,23.97,43.72,47.91,50.05,599.44,23.97,30.0,32.91,48.95425278,2.19
2024-05-27 10:30:00,DC_3,17.69,62.74,64.37,152.66,869.48,20.19,47.74,49.37,138.5492074,9.24
2024-05-27 13:00:00,DC_3,23.12,58.84,56.11,104.59,889.75,23.12,43.84,41.11,100.5049503,3.91
2024-05-27 15:30:00,DC_3,23.03,61.31,60.7,171.37,1180.56,23.03,61.31,60.7,171.3651636,0.0
2024-05-27 18:00:00,DC_3,21.67,73.08,68.63,244.7,1522.13,23.17,58.08,53.63,231.1554922,5.54
2024-05-27 20:30:00,DC_3,21.76,66.84,65.32,171.49,1364.18,23.26,51.84,50.32,161.9927358,5.54
2024-05-27 23:00:00,DC_3,21.41,61.07,56.51,153.73,1079.26,23.41,46.07,41.51,144.7911599,5.81
2024-05-28 01:30:00,DC_3,23.98,55.82,50.31,90.13,921.97,23.98,40.82,35.31,85.49890522,5.14
2024-05-28 04:00:00,DC_3,23.01,47.71,45.33,74.35,764.22,23.01,32.71,30.33,70.57067549,5.08
2024-05-28 06:30:00,DC_3,25.65,43.48,32.54,44.61,600.73,25.65,30.0,30.0,43.78613545,1.85
2024-05-28 09:00:00,DC_3,23.3,48.93,50.13,71.38,681.92,23.3,33.93,35.13,68.38471574,4.2
2024-05-28 11:30:00,DC_3,21.98,60.15,53.72,114.87,965.43,23.48,45.15,38.72,110.1877518,4.08
2024-05-28 14:00:00,DC_3,23.5,57.9,56.96,129.51,910.9,23.5,42.9,41.96,122.68481,5.27
2024-05-28 16:30:00,DC_3,17.45,81.48,82.12,373.39,1734.13,19.95,66.48,67.12,345.1417562,7.57
2024-05-28 19:00:00,DC_3,25.28,63.97,56.21,169.82,1340.09,25.28,48.97,41.21,165.4222251,2.59
2024-05-28 21:30:00,DC_3,22.81,58.0,49.34,146.18,1231.37,23.31,43.0,34.34,139.8035235,4.36
2024-05-29 00:00:00,DC_3,23.45,54.62,42.09,100.75,946.75,23.45,39.62,30.0,96.58642142,4.13
2024-05-29 02:30:00,DC_3,22.98,53.52,56.68,102.03,879.42,23.48,38.52,41.68,97.83347539,4.11
2024-05-29 05:00:00,DC_3,24.34,49.07,40.78,51.57,641.95,24.34,34.07,30.0,49.64963225,3.72
2024-05-29 07:30:00,DC_3,24.61,51.25,39.98,61.54,641.69,24.61,36.25,30.0,58.82955514,4.4
2024-05-29 10:00:00,DC_3,22.21,61.35,46.83,77.89,742.88,23.21,46.35,31.83,73.01034331,6.26
2024-05-29 12:30:00,DC_3,24.28,57.42,50.11,134.1,890.0,24.28,42.42,35.11,128.8896755,3.89
2024-05-29 15:00:00,DC_3,17.08,79.82,66.4,256.51,1190.15,19.58,64.82,51.4,237.2440974,7.51
2024-05-29 17:30:00,DC_3,21.61,64.91,59.21,230.73,1412.58,23.11,49.91,44.21,220.1258296,4.6
2024-05-29 20:00:00,DC_3,17.15,83.07,68.65,320.84,1424.58,19.65,68.07,53.65,296.9004083,7.46
2024-05-29 22:30:00,DC_3,23.99,66.27,59.74,119.1,1131.67,23.99,51.27,44.74,113.484434,4.72
2024-05-30 01:00:00,DC_3,23.59,49.37,50.0,88.26,937.91,23.59,34.37,35.0,86.58281701,1.9
2024-05-30 03:30:00,DC_3,22.35,61.42,47.22,88.42,808.3,23.35,46.42,32.22,83.58219439,5.47
2024-05-30 06:00:00,DC_3,22.89,48.56,50.875,46.93,612.59,23.39,33.56,30.0,44.73297291,4.68
2024-05-30 08:30:00,DC_3,22.8,49.96,45.2,60.65,592.13,23.3,34.96,30.2,56.00982536,7.65
2024-05-30 11:00:00,DC_3,24.21,60.7,44.29,98.13,789.97,24.21,45.7,30.0,94.51738109,3.68
2024-05-30 13:30:00,DC_3,22.98,60.35,54.62,139.43,1029.4,23.48,45.35,39.62,134.8123051,3.31
2024-05-30 16:00:00,DC_3,22.88,76.53,74.79,269.53,1654.94,23.38,61.53,59.79,262.4270196,2.64
2024-05-30 18:30:00,DC_3,22.62,59.47,60.17,248.01,1483.45,23.12,44.47,45.17,241.7579359,2.52
2024-05-30 21:00:00,DC_3,23.2,68.47,61.0,154.63,1419.37,23.2,53.47,46.0,150.6137078,2.6
2024-05-30 23:30:00,DC_3,21.84,61.28,56.15,116.72,1042.91,23.34,46.28,41.15,109.3452452,6.32
2024-05-31 02:00:00,DC_3,18.44,61.13,51.51,118.69,849.08,20.94,46.13,36.51,108.6660677,8.45
2024-05-31 04:30:00,DC_3,24.16,52.2,42.59,60.57,621.19,24.16,37.2,30.0,59.26683152,2.15
2024-05-31 07:00:00,DC_3,23.09,49.34,48.01,59.89,588.97,23.09,34.34,33.01,57.5953626,3.83
2024-05-31 09:30:00,DC_3,22.97,57.13,51.62,77.18,763.5,23.47,42.13,36.62,73.32355607,5.0
2024-05-31 12:00:00,DC_3,22.77,54.38,49.07,108.66,893.59,23.27,39.38,34.07,104.9327521,3.43
2024-05-31 14:30:00,DC_3,22.52,67.6,57.19,151.75,1111.36,23.02,52.6,42.19,145.5707493,4.07
2024-05-31 17:00:00,DC_3,28.98,66.32,60.25,172.33,1434.84,28.98,58.32,45.25,168.1955524,2.4
2024-05-31 19:30:00,DC_3,21.38,70.82,61.38,207.22,1319.66,23.38,55.82,46.38,196.4657467,5.19
2024-05-31 22:00:00,DC_3,24.68,52.34,51.93,133.24,1156.49,24.68,37.34,36.93,129.5910386,2.74
2024-06-01 00:30:00,DC_3,23.04,50.6,55.93,76.0,772.52,23.04,35.6,40.93,70.64845999,7.04
2024-06-01 03:00:00,DC_3,23.08,43.83,44.91,48.33,624.4,23.08,30.0,30.0,46.75325722,3.26
2024-06-01 05:30:00,DC_3,27.66,40.67,44.14,49.52,625.36,27.66,30.0,30.0,47.23270543,4.62
2024-06-01 08:00:00,DC_3,23.91,53.81,48.57,61.48,650.07,23.91,38.81,33.57,56.88125766,7.48
2024-06-01 10:30:00,DC_3,24.86,51.37,45.33,60.67,684.55,24.86,36.37,30.33,56.84207078,6.31
2024-06-01 13:00:00,DC_3,23.58,60.31,60.87,105.07,856.12,23.58,45.31,45.87,101.078254,3.8
2024-06-01 15:30:00,DC_3,23.25,59.3,59.34,98.69,984.18,23.25,44.3,44.34,92.61739971,6.15
2024-06-01 18:00:00,DC_3,23.37,69.02,54.63,129.49,1077.12,23.37,54.02,39.63,124.4209583,3.91
2024-06-01 20:30:00,DC_3,22.69,65.17,60.99,161.54,1171.59,23.19,50.17,45.99,155.2120583,3.92
2024-06-01 23:00:00,DC_3,28.46,54.64,52.8,83.36,898.39,28.46,54.64,52.8,83.36,0.0
2024-06-02 01:30:00,DC_3,23.59,48.61,49.02,66.88,764.02,23.59,33.61,34.02,63.34754055,5.28
2024-06-02 04:00:00,DC_3,22.28,63.29,44.3,59.98,633.2,23.28,48.29,30.0,54.18572159,9.66
2024-06-02 06:30:00,DC_3,24.65,40.42,43.56,44.44,566.26,24.65,30.0,30.0,42.94616626,3.36
2024-06-02 09:00:00,DC_3,23.2,57.56,54.28,89.52,868.41,23.2,42.56,39.28,84.63505182,5.46
2024-06-02 11:30:00,DC_3,22.1,55.75,50.46,79.28,662.82,23.1,40.75,35.46,72.25510895,8.86
2024-06-02 14:00:00,DC_3,21.42,60.67,61.33,120.83,874.28,23.42,45.67,46.33,113.2777461,6.25
2024-06-02 16:30:00,DC_3,23.49,63.34,54.53,135.95,1008.24,23.49,48.34,39.53,131.1616544,3.52
2024-06-02 19:00:00,DC_3,22.27,66.65,58.59,118.25,1002.12,23.27,51.65,43.59,113.7889025,3.77
2024-06-02 21:30:00,DC_3,22.56,59.19,58.2,140.9,1113.5,23.06,44.19,43.2,137.1199739,2.68
2024-06-03 00:00:00,DC_3,22.37,58.04,45.84,99.48,1025.24,23.37,43.04,30.84,94.75907056,4.75
2024-06-03 02:30:00,DC_3,22.14,47.26,51.51,78.6,798.13,23.14,32.26,36.51,74.72633669,4.93
2024-06-03 05:00:00,DC_3,21.19,63.48,55.91,70.87,599.54,23.19,48.48,40.91,63.87103215,9.88
2024-06-03 07:30:00,DC_3,17.47,66.44,52.79,85.36,621.03,19.97,51.44,37.79,76.42522725,10.47
2024-06-03 10:00:00,DC_3,21.34,53.36,56.97,89.67,794.57,23.34,38.36,41.97,83.21277559,7.2
2024-06-03 12:30:00,DC_3,22.96,71.66,56.23,116.4,974.42,23.46,56.66,41.23,108.3223257,6.94
2024-06-03 15:00:00,DC_3,22.31,62.86,57.61,188.68,1230.45,23.31,47.86,42.61,181.5161345,3.8
2024-06-03 17:30:00,DC_3,22.56,66.81,65.19,222.14,1407.95,23.06,51.81,50.19,213.1273196,4.06
2024-06-03 20:00:00,DC_3,24.46,61.65,53.57,172.65,1324.59,24.46,46.65,38.57,167.2733283,3.11
2024-06-03 22:30:00,DC_3,18.11,75.08,62.8,197.23,1212.81,20.61,60.08,47.8,183.7375547,6.84
2024-06-04 01:00:00,DC_3,23.44,56.025000000000006,51.27,86.73,882.5,23.44,38.05,36.27,82.16269624,5.27
2024-06-04 03:30:00,DC_3,23.35,47.14,44.45,64.09,692.77,23.35,32.14,30.0,61.16846756,4.56
2024-06-04 06:00:00,DC_3,21.76,58.42,47.49,65.81,605.43,23.26,43.42,32.49,59.87858261,9.01
2024-06-04 08:30:00,DC_3,20.88,60.34,53.23,79.3,663.39,23.38,45.34,38.23,72.23243993,8.91
2024-06-04 11:00:00,DC_3,23.28,62.72,50.37,96.09,774.21,23.28,47.72,35.37,91.21379336,5.07
2024-06-04 13:30:00,DC_3,21.39,67.17,58.69,142.42,1056.51,23.39,52.17,43.69,134.2860292,5.71
2024-06-04 16:00:00,DC_3,21.72,78.45,70.19,246.77,1488.63,23.22,63.45,55.19,234.5324483,4.96
2024-06-04 18:30:00,DC_3,24.28,69.64,58.56,137.39,1269.65,24.28,54.64,43.56,132.2142914,3.77
2024-06-04 21:00:00,DC_3,24.52,69.69,58.23,190.46,1393.74,24.52,54.69,43.23,185.4294237,2.64
2024-06-04 23:30:00,DC_3,28.86,56.96,55.35,102.07,959.49,28.86,41.96,40.35,97.70749686,4.27
2024-06-05 02:00:00,DC_3,22.59,59.9,47.04,101.57,923.86,23.09,44.9,32.04,98.37972369,3.14
2024-06-05 04:30:00,DC_3,16.41,63.84,58.79,100.76,670.15,18.91,48.84,43.79,91.46603417,9.22
2024-06-05 07:00:00,DC_3,23.03,50.99,53.72,63.5,614.43,23.03,35.99,38.72,61.21058401,3.61
2024-06-05 09:30:00,DC_3,21.0,63.58,56.42,84.58,641.03,23.5,48.58,41.42,75.99976373,10.14
2024-06-05 12:00:00,DC_3,21.99,59.34,51.19,100.81,872.05,23.49,44.34,36.19,93.96368896,6.79
2024-06-05 14:30:00,DC_3,22.2,66.58,60.5,158.76,1170.92,23.2,51.58,45.5,151.1340541,4.8
2024-06-05 17:00:00,DC_3,23.25,70.26,67.62,273.13,1575.44,23.25,55.26,52.62,266.2240327,2.53
2024-06-05 19:30:00,DC_3,21.55,71.61,66.07,243.46,1399.29,23.05,56.61,51.07,229.4433234,5.76
2024-06-05 22:00:00,DC_3,21.45,73.09,62.4,126.97,1193.46,23.45,58.09,47.4,118.3526187,6.79
2024-06-06 00:30:00,DC_3,22.31,64.57,57.63,127.04,1081.06,23.31,49.57,42.63,119.7965675,5.7
2024-06-06 03:00:00,DC_3,21.55,61.76,60.13,104.58,863.21,23.05,46.76,45.13,98.91012776,5.42
2024-06-06 05:30:00,DC_3,22.69,52.6,47.64,80.43,726.03,23.19,37.6,32.64,74.46692825,7.41
2024-06-06 08:00:00,DC_3,24.08,50.31,41.53,61.1,621.74,24.08,35.31,30.0,57.14093684,6.48
2024-06-06 10:30:00,DC_3,22.1,61.37,54.11,112.72,839.43,23.1,46.37,39.11,105.312245,6.57
2024-06-06 13:00:00,DC_3,23.82,63.51,51.69,111.78,1036.53,23.82,48.51,36.69,107.1916782,4.1
2024-06-06 15:30:00,DC_3,23.64,68.95,61.73,219.07,1406.15,23.64,53.95,46.73,212.6089218,2.95
2024-06-06 18:00:00,DC_3,21.45,74.58,65.02,202.52,1393.01,23.45,59.58,50.02,190.5752007,5.9
2024-06-06 20:30:00,DC_3,21.27,72.45,68.21,200.05,1283.83,23.27,57.45,53.21,188.9238192,5.56
2024-06-06 23:00:00,DC_3,20.7,65.06,60.44,137.92,1178.31,23.2,50.06,45.44,127.9674394,7.22
2024-06-07 01:30:00,DC_3,23.27,54.2,56.94,85.84,839.25,23.27,39.2,41.94,82.30798338,4.11
2024-06-07 04:00:00,DC_3,23.1,48.94,46.51,52.36,688.54,23.1,33.94,31.51,48.72028859,6.95
2024-06-07 06:30:00,DC_3,21.82,56.44,48.59,69.96,570.35,23.32,41.44,33.59,64.07361972,8.41
2024-06-07 09:00:00,DC_3,20.73,55.49,57.23,90.52,752.36,23.23,40.49,42.23,81.8037597,9.63
2024-06-07 11:30:00,DC_3,23.82,54.57,46.28,106.3,860.11,23.82,39.57,31.28,101.8210002,4.21
2024-06-07 14:00:00,DC_3,22.89,63.69,56.81,132.76,975.83,23.39,48.69,41.81,126.8203247,4.47
2024-06-07 16:30:00,DC_3,23.7,74.67,68.69,208.91,1367.27,23.7,59.67,53.69,203.8901084,2.4
2024-06-07 19:00:00,DC_3,22.71,71.14,63.06,274.9,1566.88,23.21,56.14,48.06,267.178491,2.81
2024-06-07 21:30:00,DC_3,22.18,65.31,64.11,188.55,1358.88,23.18,50.31,49.11,178.6634266,5.24
2024-06-08 00:00:00,DC_3,22.58,50.65,64.31,101.54,889.11,23.08,35.65,49.31,97.05787856,4.41
2024-06-08 02:30:00,DC_3,24.29,50.78,43.73,75.91,776.74,24.29,35.78,30.0,73.36852839,3.35
2024-06-08 05:00:00,DC_3,21.43,58.89,50.42,80.93,655.36,23.43,43.89,35.42,76.11185361,5.95
2024-06-08 07:30:00,DC_3,23.15,54.7,45.05,56.14,594.28,23.15,39.7,30.05,53.04908766,5.51
2024-06-08 10:00:00,DC_3,23.23,52.63,40.53,64.92,601.93,23.23,37.63,30.0,61.52311219,5.23
2024-06-08 12:30:00,DC_3,27.45,56.91,49.65,95.39,915.75,27.45,56.91,49.65,95.39,0.0
2024-06-08 15:00:00,DC_3,23.2,52.86,60.75,111.23,967.6,23.2,37.86,45.75,106.230072,4.5
2024-06-08 17:30:00,DC_3,23.66,62.68,57.46,137.55,972.89,23.66,47.68,42.46,132.2909657,3.82
2024-06-08 20:00:00,DC_3,23.0,62.18,57.08,114.24,1004.6,23.5,47.18,42.08,107.1515446,6.2
2024-06-08 22:30:00,DC_3,23.37,52.35,51.66,88.15,890.16,23.37,37.35,36.66,84.99115209,3.58
2024-06-09 01:00:00,DC_3,27.71,60.75,50.36,93.47,1100.81,27.71,45.75,35.36,89.75524297,3.97
2024-06-09 03:30:00,DC_3,22.25,57.37,49.3,68.31,643.85,23.25,42.37,34.3,62.37852305,8.68
2024-06-09 06:00:00,DC_3,24.56,48.46,43.45,63.56,653.28,24.56,33.46,30.0,61.57637133,3.12
2024-06-09 08:30:00,DC_3,21.99,54.02,50.875,54.42,579.67,23.49,39.02,32.36,48.53988734,10.81
2024-06-09 11:00:00,DC_3,24.5,53.35,45.16,89.0,715.22,24.5,38.35,30.16,85.79372253,3.6
2024-06-09 13:30:00,DC_3,24.83,60.33,40.52,89.94,823.05,24.83,45.33,30.0,87.58238718,2.62
2024-06-09 16:00:00,DC_3,24.93,60.86,54.26,107.63,936.18,24.93,45.86,39.26,101.208099,5.97
2024-06-09 18:30:00,DC_3,17.92,72.37,65.29,163.15,966.22,20.42,57.37,50.29,150.2862929,7.88
2024-06-09 21:00:00,DC_3,26.75,47.26,47.91,103.7,953.85,26.75,39.26,32.91,100.8305104,2.77
2024-06-09 23:30:00,DC_3,23.87,54.48,50.9,91.35,928.22,23.87,39.48,35.9,87.28845941,4.45
2024-06-10 02:00:00,DC_3,21.2,60.81,53.93,100.02,825.47,23.2,45.81,38.93,92.46020101,7.56
2024-06-10 04:30:00,DC_3,16.17,72.58,63.97,140.52,903.71,18.67,57.58,48.97,129.0783663,8.14
2024-06-10 07:00:00,DC_3,22.16,56.71,62.47,125.5,985.6,23.16,41.71,47.47,117.5432752,6.34
2024-06-10 09:30:00,DC_3,23.1,52.23,52.71,68.95,705.14,23.1,37.23,37.71,64.79014377,6.03
2024-06-10 12:00:00,DC_3,23.64,66.56,53.01,158.7,1187.75,23.64,51.56,38.01,153.9207048,3.01
2024-06-10 14:30:00,DC_3,21.83,69.99,57.76,170.78,1127.97,23.33,54.99,42.76,162.5701272,4.81
2024-06-10 17:00:00,DC_3,23.71,63.53,69.66,207.24,1394.92,23.71,48.53,54.66,201.214075,2.91
2024-06-10 19:30:00,DC_3,23.17,79.17,58.98,226.31,1436.93,23.17,64.17,43.98,219.0357313,3.21
2024-06-10 22:00:00,DC_3,23.03,56.39,50.875,150.5,1145.05,23.03,41.39,44.74,146.3318729,2.77
2024-06-11 00:30:00,DC_3,23.35,59.06,57.42,99.55,959.59,23.35,44.06,42.42,93.98297499,5.59
2024-06-11 03:00:00,DC_3,24.96,50.16,48.92,80.57,866.75,24.96,35.16,33.92,76.9819725,4.45
2024-06-11 05:30:00,DC_3,23.32,62.35,38.9,83.47,765.17,23.32,47.35,30.0,78.76618227,5.64
2024-06-11 08:00:00,DC_3,23.77,58.11,41.95,58.71,673.39,23.77,43.11,30.0,55.52755034,5.42
2024-06-11 10:30:00,DC_3,21.55,63.78,52.04,76.52,752.74,23.05,48.78,37.04,70.24064498,8.21
2024-06-11 13:00:00,DC_3,23.34,58.55,60.62,159.22,1139.29,23.34,43.55,45.62,155.9644212,2.04
2024-06-11 15:30:00,DC_3,23.3,69.45,59.16,152.94,1187.0,23.3,54.45,44.16,147.5168791,3.55
2024-06-11 18:00:00,DC_3,26.88,69.05,65.61,237.7,1489.73,26.88,54.05,50.61,230.6993746,2.95
2024-06-11 20:30:00,DC_3,22.07,56.09,67.11,161.15,1180.07,23.07,41.09,52.11,154.7011687,4.0
2024-06-11 23:00:00,DC_3,22.19,65.49,63.25,161.96,1140.63,23.19,50.49,48.25,153.5380891,5.2
2024-06-12 01:30:00,DC_3,24.33,53.31,43.63,77.3,925.42,24.33,38.31,30.0,73.05943138,5.49
2024-06-12 04:00:00,DC_3,24.15,46.94,51.15,70.69,767.18,24.15,31.94,36.15,68.33295212,3.33
2024-06-12 06:30:00,DC_3,27.12,52.41,44.45,51.86,700.56,27.12,52.41,44.45,51.86,0.0
2024-06-12 09:00:00,DC_3,23.08,55.2,44.89,82.26,652.64,23.08,40.2,30.0,78.6656074,4.37
2024-06-12 11:30:00,DC_3,21.93,60.86,56.81,141.76,996.88,23.43,45.86,41.81,134.5623026,5.08
2024-06-12 14:00:00,DC_3,23.89,59.0,59.31,135.05,1073.31,23.89,44.0,44.31,130.6639787,3.25
2024-06-12 16:30:00,DC_3,22.76,68.74,57.98,253.88,1412.29,23.26,53.74,42.98,246.1177773,3.06
2024-06-12 19:00:00,DC_3,23.16,72.19,59.42,201.17,1295.89,23.16,57.19,44.42,192.727015,4.2
2024-06-12 21:30:00,DC_3,21.61,58.75,59.7,162.13,1189.79,23.11,43.75,44.7,155.8574055,3.87
2024-06-13 00:00:00,DC_3,23.97,65.06,50.27,107.6,1024.63,23.97,50.06,35.27,103.0360067,4.24
2024-06-13 02:30:00,DC_3,24.0,49.8,46.9,68.31,767.76,24.0,34.8,31.9,62.69745029,8.22
2024-06-13 05:00:00,DC_3,18.21,56.59,54.09,78.65,626.73,20.71,41.59,39.09,71.39264291,9.23
2024-06-13 07:30:00,DC_3,22.35,43.59,52.97,52.37,578.83,23.35,30.0,37.97,48.02790404,8.29
2024-06-13 10:00:00,DC_3,22.69,58.9,57.8,107.16,815.98,23.19,43.9,42.8,103.0919478,3.8
2024-06-13 12:30:00,DC_3,23.84,64.21,60.08,124.8,1106.71,23.84,49.21,45.08,119.4013884,4.33
2024-06-13 15:00:00,DC_3,23.64,71.82,62.32,194.5,1218.99,23.64,56.82,47.32,187.1049132,3.8
2024-06-13 17:30:00,DC_3,21.85,78.17,67.48,222.23,1391.11,23.35,63.17,52.48,210.8202427,5.13
2024-06-13 20:00:00,DC_3,16.79,79.62,63.97,224.22,1255.57,19.29,64.62,48.97,206.8646704,7.74
2024-06-13 22:30:00,DC_3,23.52,66.91,64.9,220.65,1590.25,23.52,58.91,49.9,216.490965,1.88
2024-06-14 01:00:00,DC_3,21.55,65.62,59.94,130.69,991.39,23.05,50.62,44.94,122.1934722,6.5
2024-06-14 03:30:00,DC_3,21.1,64.33,57.79,107.49,873.29,23.1,49.33,42.79,98.71280889,8.17
2024-06-14 06:00:00,DC_3,23.12,57.65,50.01,58.88,578.73,23.12,42.65,35.01,54.99975529,6.59
2024-06-14 08:30:00,DC_3,25.11,47.48,35.85,53.85,657.53,25.11,32.48,30.0,52.59574557,2.33
2024-06-14 11:00:00,DC_3,22.6,63.11,54.43,93.13,887.72,23.1,48.11,39.43,88.82170744,4.63
2024-06-14 13:30:00,DC_3,22.64,75.09,61.45,178.51,1225.68,23.14,60.09,46.45,169.9649331,4.79
2024-06-14 16:00:00,DC_3,22.39,72.29,65.63,211.96,1386.68,23.39,57.29,50.63,202.6097212,4.41
2024-06-14 18:30:00,DC_3,23.84,62.63,59.92,161.29,1282.89,23.84,47.63,44.92,156.5824151,2.92
2024-06-14 21:00:00,DC_3,24.27,69.25,66.11,198.65,1447.09,24.27,54.25,51.11,190.5509381,4.08
2024-06-14 23:30:00,DC_3,22.75,59.28,57.33,100.7,955.8,22.75,44.28,42.33,97.09958567,3.58
2024-06-15 02:00:00,DC_3,22.34,49.47,56.08,82.12,768.15,23.34,34.47,41.08,76.32979239,7.05
2024-06-15 04:30:00,DC_3,24.47,47.19,44.32,66.88,677.34,24.47,32.19,30.0,63.04691839,5.73
2024-06-15 07:00:00,DC_3,22.95,56.75,38.71,63.91,651.34,23.45,41.75,30.0,59.75253372,6.51
2024-06-15 09:30:00,DC_3,23.44,56.67,50.83,70.75,612.5,23.44,41.67,35.83,67.05036194,5.23
2024-06-15 12:00:00,DC_3,21.64,58.34,52.96,98.0,732.32,23.14,43.34,37.96,93.10889086,4.99
2024-06-15 14:30:00,DC_3,20.81,69.16,61.61,175.96,1032.27,23.31,54.16,46.61,163.1854421,7.26
2024-06-15 17:00:00,DC_3,22.28,70.12,53.32,160.98,1036.43,23.28,55.12,38.32,154.9146425,3.77
2024-06-15 19:30:00,DC_3,22.52,56.025000000000006,58.51,136.17,1044.63,23.02,48.63,43.51,129.5187513,4.88
2024-06-15 22:00:00,DC_3,21.89,62.21,59.23,112.85,972.64,21.89,62.21,59.23,112.8479363,0.0
2024-06-16 00:30:00,DC_3,22.38,58.96,44.53,87.14,863.65,23.38,43.96,30.0,81.67844092,6.27
2024-06-16 03:00:00,DC_3,23.18,51.12,45.36,66.22,623.03,23.18,36.12,30.36,63.68292496,3.83
2024-06-16 05:30:00,DC_3,23.49,56.025000000000006,45.01,51.13,580.75,23.49,38.41,30.01,45.85908567,10.31
2024-06-16 08:00:00,DC_3,24.11,45.11,44.73,50.78,564.88,24.11,30.11,30.0,46.80749431,7.82
2024-06-16 10:30:00,DC_3,22.86,54.54,55.12,88.64,669.19,23.36,39.54,40.12,84.29703318,4.9
2024-06-16 13:00:00,DC_3,26.3,54.62,48.17,78.17,822.53,26.3,39.62,33.17,73.51342958,5.96
2024-06-16 15:30:00,DC_3,23.07,61.11,48.79,108.15,836.6,23.07,46.11,33.79,102.1628795,5.54
2024-06-16 18:00:00,DC_3,24.33,73.63,56.48,146.97,1113.27,24.33,58.63,41.48,141.669683,3.61
2024-06-16 20:30:00,DC_3,23.32,60.01,53.16,102.55,975.87,23.32,45.01,38.16,101.803284,0.73
2024-06-16 23:00:00,DC_3,22.77,60.34,59.29,113.89,1065.28,23.27,45.34,44.29,107.8503124,5.3
2024-06-17 01:30:00,DC_3,21.62,60.27,61.02,121.64,921.06,23.12,45.27,46.02,113.2163666,6.93
2024-06-17 04:00:00,DC_3,23.09,45.2,48.83,79.42,776.79,23.09,30.2,33.83,74.46764859,6.24
2024-06-17 06:30:00,DC_3,21.07,51.25,46.39,76.8,656.16,23.07,36.25,31.39,71.71410515,6.62
2024-06-17 09:00:00,DC_3,21.63,55.88,44.71,75.08,635.79,23.13,40.88,30.0,70.22726188,6.46
2024-06-17 11:30:00,DC_3,21.93,61.97,55.19,117.98,855.88,23.43,46.97,40.19,109.4850398,7.2
2024-06-17 14:00:00,DC_3,27.57,56.58,47.37,101.97,947.06,27.57,41.58,32.37,99.78110222,2.15
2024-06-17 16:30:00,DC_3,20.4,75.08,69.15,250.33,1501.93,22.9,60.08,54.15,233.1385566,6.87
2024-06-17 19:00:00,DC_3,22.11,78.77,65.83,229.27,1464.55,23.11,63.77,50.83,218.5914661,4.66
2024-06-17 21:30:00,DC_3,25.69,54.19,56.5,158.8,1379.17,25.69,39.19,41.5,154.9520145,2.42
2024-06-18 00:00:00,DC_3,22.19,56.33,59.18,129.05,1013.11,23.19,41.33,44.18,122.1241673,5.37
2024-06-18 02:30:00,DC_3,22.38,50.7,50.89,106.95,968.8,23.38,35.7,35.89,100.5382305,6.0
2024-06-18 05:00:00,DC_3,22.34,45.96,47.47,66.34,633.54,23.34,30.96,32.47,61.53336213,7.25
2024-06-18 07:30:00,DC_3,24.56,54.27,45.52,50.83,649.56,24.56,39.27,30.52,45.24307698,10.99
2024-06-18 10:00:00,DC_3,20.84,62.13,56.45,101.46,864.62,23.34,47.13,41.45,93.41606846,7.93
2024-06-18 12:30:00,DC_3,23.89,61.79,47.46,125.31,992.82,23.89,46.79,32.46,121.5267215,3.02
2024-06-18 15:00:00,DC_3,23.35,67.76,62.23,166.26,1205.32,23.35,52.76,47.23,159.898608,3.83
2024-06-18 17:30:00,DC_3,23.59,67.35,66.94,243.06,1508.71,23.59,52.35,51.94,237.2326546,2.4
2024-06-18 20:00:00,DC_3,20.71,68.01,55.48,192.03,1384.71,23.21,53.01,40.48,178.3700579,7.11
2024-06-18 22:30:00,DC_3,23.78,64.14,55.19,170.5,1243.92,23.78,49.14,40.19,166.0210922,2.63
2024-06-19 01:00:00,DC_3,24.09,62.36,60.33,135.55,1210.35,24.09,47.36,45.33,131.6923644,2.85
2024-06-19 03:30:00,DC_3,21.34,63.2,54.99,74.32,722.02,23.34,48.2,39.99,68.72911819,7.52
2024-06-19 06:00:00,DC_3,24.13,53.2,51.8,71.14,864.75,24.13,38.2,36.8,67.80220266,4.69
2024-06-19 08:30:00,DC_3,23.76,52.18,47.41,64.78,647.77,23.76,37.18,32.41,59.20189158,8.61
2024-06-19 11:00:00,DC_3,21.39,60.65,58.05,94.71,814.74,23.39,45.65,43.05,87.99407535,7.09
2024-06-19 13:30:00,DC_3,23.98,62.3,58.91,142.2,1022.51,23.98,47.3,43.91,136.9139559,3.72
2024-06-19 16:00:00,DC_3,22.73,69.3,63.76,230.35,1302.77,22.73,54.3,48.76,223.605154,2.93
2024-06-19 18:30:00,DC_3,23.31,64.29,63.59,204.7,1326.45,23.31,49.29,48.59,198.9478016,2.81
2024-06-19 21:00:00,DC_3,21.65,66.22,64.44,189.48,1268.3,23.15,51.22,49.44,180.2380652,4.88
2024-06-19 23:30:00,DC_3,22.51,64.73,55.13,99.78,997.54,23.01,49.73,40.13,94.85179726,4.94
2024-06-20 02:00:00,DC_3,22.33,64.27,50.61,95.49,927.79,23.33,49.27,35.61,89.05663985,6.74
2024-06-20 04:30:00,DC_3,22.88,56.88,50.37,76.32,753.04,23.38,41.88,35.37,70.4707832,7.66
2024-06-20 07:00:00,DC_3,24.1,56.27,43.75,55.57,657.61,24.1,41.27,30.0,52.05896795,6.32
2024-06-20 09:30:00,DC_3,22.54,60.65,50.63,71.15,676.05,23.04,45.65,35.63,66.53899461,6.48
2024-06-20 12:00:00,DC_3,21.05,58.46,57.76,110.37,920.03,23.05,43.46,42.76,101.4240723,8.11
2024-06-20 14:30:00,DC_3,22.43,63.52,56.34,135.44,1092.83,23.43,48.52,41.34,128.3757561,5.22
2024-06-20 17:00:00,DC_3,24.05,68.13,74.19,208.4,1436.37,24.05,53.13,59.19,203.8396914,2.19
2024-06-20 19:30:00,DC_3,22.56,64.68,66.01,227.72,1491.83,23.06,49.68,51.01,221.6770738,2.65
2024-06-20 22:00:00,DC_3,22.3,74.46,71.02,192.71,1300.15,23.3,59.46,56.02,183.1435474,4.96
2024-06-21 00:30:00,DC_3,23.18,56.78,60.47,113.0,1025.41,23.18,41.78,45.47,107.6079385,4.77
2024-06-21 03:00:00,DC_3,23.64,43.15,48.98,82.54,791.43,23.64,30.0,33.98,78.1893678,5.27
2024-06-21 05:30:00,DC_3,24.13,49.44,34.64,54.04,574.01,24.13,34.44,30.0,51.19352552,5.27
2024-06-21 08:00:00,DC_3,23.1,49.46,50.65,66.75,770.15,23.1,34.46,35.65,63.24404122,5.25
2024-06-21 10:30:00,DC_3,24.09,53.21,61.68,118.12,1000.47,24.09,38.21,46.68,113.7556577,3.69
2024-06-21 13:00:00,DC_3,22.09,68.51,47.86,129.7,961.33,23.09,53.51,32.86,124.4323214,4.06
2024-06-21 15:30:00,DC_3,23.32,70.72,68.26,202.22,1296.43,23.32,55.72,53.26,196.2533738,2.95
2024-06-21 18:00:00,DC_3,22.28,67.51,60.68,179.66,1493.55,23.28,52.51,45.68,170.5544726,5.07
2024-06-21 20:30:00,DC_3,22.59,79.44,62.24,209.39,1389.36,23.09,64.44,47.24,200.1530648,4.41
2024-06-21 23:00:00,DC_3,23.16,57.4,62.22,140.42,1200.3,23.16,42.4,47.22,135.9211539,3.2
2024-06-22 01:30:00,DC_3,22.2,61.25,51.28,91.16,987.18,23.2,46.25,36.28,84.60634963,7.19
2024-06-22 04:00:00,DC_3,21.92,57.26,42.62,68.03,621.41,23.42,42.26,30.0,61.56478618,9.5
2024-06-22 06:30:00,DC_3,22.58,48.91,48.58,63.8,652.26,23.08,33.91,33.58,59.59699091,6.59
2024-06-22 09:00:00,DC_3,22.74,50.21,44.7,70.14,595.73,23.24,35.21,30.0,65.44121018,6.7
2024-06-22 11:30:00,DC_3,23.14,46.92,52.39,89.42,749.48,23.14,31.92,37.39,86.23817316,3.56
2024-06-22 14:00:00,DC_3,22.64,60.24,52.67,100.79,851.01,23.14,45.24,37.67,95.06299484,5.68
2024-06-22 16:30:00,DC_3,22.39,63.27,62.08,130.41,990.5,23.39,48.27,47.08,124.2546333,4.72
2024-06-22 19:00:00,DC_3,23.93,70.02,56.29,138.02,1194.2,23.93,55.02,41.29,132.5096965,3.99
2024-06-22 21:30:00,DC_3,23.22,58.84,51.5,107.52,993.17,23.22,43.84,36.5,103.135528,4.08
2024-06-23 00:00:00,DC_3,22.01,55.08,54.4,107.61,982.88,23.01,40.08,39.4,101.111543,6.04
2024-06-23 02:30:00,DC_3,23.95,53.21,38.6,61.31,739.44,23.95,38.21,30.0,59.43485863,3.06
2024-06-23 05:00:00,DC_3,16.12,62.21,60.12,98.28,669.63,18.62,47.21,45.12,90.11001856,8.31
2024-06-23 07:30:00,DC_3,27.81,52.84,43.89,82.39,788.97,27.81,37.84,30.0,80.67107482,2.09
2024-06-23 10:00:00,DC_3,21.65,55.46,46.88,84.64,680.05,23.15,40.46,31.88,77.63213804,8.28
2024-06-23 12:30:00,DC_3,22.31,45.39,44.85,84.66,727.38,23.31,30.39,30.0,80.85696196,4.49
2024-06-23 15:00:00,DC_3,22.91,61.44,53.8,116.28,856.52,23.41,46.44,38.8,112.1245887,3.57
2024-06-23 17:30:00,DC_3,22.18,60.34,55.58,110.25,953.98,23.18,45.34,40.58,104.8491069,4.9
2024-06-23 20:00:00,DC_3,23.03,63.2,56.84,131.52,1103.97,23.03,48.2,41.84,125.4118045,4.64
2024-06-23 22:30:00,DC_3,23.08,54.82,49.05,101.19,855.84,23.08,39.82,34.05,98.14686234,3.01
2024-06-24 01:00:00,DC_3,22.16,70.86,58.26,154.34,1094.3,23.16,55.86,43.26,145.8226388,5.52
2024-06-24 03:30:00,DC_3,25.3,47.94,48.56,66.5,751.8,25.3,32.94,33.56,62.07394039,6.66
2024-06-24 06:00:00,DC_3,20.26,63.64,51.63,76.83,671.23,22.76,48.64,36.63,69.05575201,10.12
2024-06-24 08:30:00,DC_3,23.09,58.52,33.2,62.06,605.32,23.09,43.52,30.0,59.77471761,3.68
2024-06-24 11:00:00,DC_3,22.15,65.52,60.48,133.71,927.46,23.15,50.52,45.48,125.6513001,6.03
2024-06-24 13:30:00,DC_3,21.74,66.06,57.41,128.34,935.36,23.24,51.06,42.41,119.7527182,6.69
2024-06-24 16:00:00,DC_3,24.19,68.88,64.16,264.34,1560.7,24.19,53.88,49.16,258.9668881,2.03
2024-06-24 18:30:00,DC_3,22.52,68.65,66.11,219.84,1388.88,23.02,53.65,51.11,214.3424748,2.5
2024-06-24 21:00:00,DC_3,21.28,69.18,62.13,197.74,1343.42,23.28,54.18,47.13,187.0467801,5.41
2024-06-24 23:30:00,DC_3,23.32,64.77,65.51,173.64,1371.89,23.32,49.77,50.51,169.500581,2.38
2024-06-25 02:00:00,DC_3,27.97,52.0,39.35,55.14,721.42,27.97,37.0,30.0,52.39848968,4.97
2024-06-25 04:30:00,DC_3,23.48,46.57,38.92,57.91,651.82,23.48,31.57,30.0,56.10723355,3.11
2024-06-25 07:00:00,DC_3,22.5,53.27,58.18,77.58,712.68,23.0,38.27,43.18,71.95406723,7.25
2024-06-25 09:30:00,DC_3,24.95,38.61,39.84,44.82,600.83,24.95,30.0,30.0,41.69097508,6.98
2024-06-25 12:00:00,DC_3,23.78,62.21,55.17,107.78,959.87,23.78,47.21,40.17,103.6689798,3.81
2024-06-25 14:30:00,DC_3,23.26,62.75,59.26,152.6,1104.5,23.26,47.75,44.26,146.941384,3.71
2024-06-25 17:00:00,DC_3,24.4,60.7,59.66,186.57,1453.24,24.4,45.7,44.66,181.2126154,2.87
2024-06-25 19:30:00,DC_3,22.37,72.02,65.26,199.02,1354.89,23.37,57.02,50.26,190.0761312,4.49
2024-06-25 22:00:00,DC_3,25.09,59.61,51.54,147.47,1191.12,25.09,44.61,36.54,143.3690505,2.78
2024-06-26 00:30:00,DC_3,23.14,56.8,51.14,104.17,943.28,23.14,41.8,36.14,100.2718288,3.74
2024-06-26 03:00:00,DC_3,23.2,49.56,52.98,90.24,800.31,23.2,34.56,37.98,86.62898678,4.0
2024-06-26 05:30:00,DC_3,24.07,48.51,48.67,57.73,624.32,24.07,33.51,33.67,54.31182589,5.92
2024-06-26 08:00:00,DC_3,20.78,51.12,54.95,75.6,652.27,23.28,36.12,39.95,68.34395562,9.6
2024-06-26 10:30:00,DC_3,24.0,50.93,54.7,103.67,854.18,24.0,35.93,39.7,100.7894703,2.78
2024-06-26 13:00:00,DC_3,22.23,71.21,69.19,172.62,1163.27,23.23,56.21,54.19,162.9357958,5.61
2024-06-26 15:30:00,DC_3,24.16,65.61,66.65,229.71,1437.78,24.16,50.61,51.65,223.4156693,2.74
2024-06-26 18:00:00,DC_3,23.02,78.82,70.64,256.6,1701.81,23.02,63.82,55.64,250.6215041,2.33
2024-06-26 20:30:00,DC_3,23.95,65.43,64.09,196.32,1411.05,23.95,50.43,49.09,189.5769256,3.43
2024-06-26 23:00:00,DC_3,22.24,66.24,65.38,191.9,1419.59,23.24,51.24,50.38,183.3944425,4.43
2024-06-27 01:30:00,DC_3,23.25,54.82,37.64,103.14,868.89,23.25,39.82,30.0,99.1361986,3.88
2024-06-27 04:00:00,DC_3,27.73,45.14,43.12,52.87,670.24,27.73,37.14,30.0,52.65439717,0.41
2024-06-27 06:30:00,DC_3,21.13,53.73,44.74,53.36,548.68,23.13,38.73,30.0,48.42002477,9.26
2024-06-27 09:00:00,DC_3,24.17,45.84,44.68,65.75,658.61,24.17,30.84,30.0,63.81857267,2.94
2024-06-27 11:30:00,DC_3,22.99,57.89,57.0,116.69,869.14,23.49,42.89,42.0,110.2347854,5.53
2024-06-27 14:00:00,DC_3,23.82,62.08,60.35,154.24,1092.64,23.82,47.08,45.35,149.6674784,2.96
2024-06-27 16:30:00,DC_3,23.09,67.1,52.63,170.65,1339.76,23.09,59.1,37.63,168.0074599,1.55
2024-06-27 19:00:00,DC_3,24.32,70.46,64.28,189.63,1316.7,24.32,55.46,49.28,185.6584739,2.09
2024-06-27 21:30:00,DC_3,23.78,60.99,58.0,185.62,1310.49,23.78,45.99,43.0,181.7123463,2.11
2024-06-28 00:00:00,DC_3,22.63,60.92,62.02,124.68,1055.66,23.13,45.92,47.02,118.8734172,4.66
2024-06-28 02:30:00,DC_3,27.68,51.39,40.73,53.94,802.55,27.68,51.39,40.73,53.93753455,0.0
2024-06-28 05:00:00,DC_3,23.54,57.11,49.49,49.48,668.89,23.54,42.11,34.49,44.91954263,9.22
2024-06-28 07:30:00,DC_3,23.25,54.77,48.69,69.72,658.07,23.25,39.77,33.69,65.71546916,5.74
2024-06-28 10:00:00,DC_3,26.34,58.15,53.15,76.21,756.8,26.34,43.15,38.15,71.22485985,6.54
2024-06-28 12:30:00,DC_3,25.26,55.75,46.28,93.55,880.2,25.26,40.75,31.28,88.55493484,5.34
2024-06-28 15:00:00,DC_3,22.51,70.47,54.87,212.38,1361.01,23.01,55.47,39.87,204.5590504,3.68
2024-06-28 17:30:00,DC_3,17.65,81.43,75.87,293.97,1544.05,20.15,66.43,60.87,272.5831271,7.28
2024-06-28 20:00:00,DC_3,24.09,66.2,61.04,207.59,1446.09,24.09,51.2,46.04,203.1016146,2.16
2024-06-28 22:30:00,DC_3,23.75,62.9,50.54,167.22,1186.02,23.75,47.9,35.54,162.0696179,3.08
2024-06-29 01:00:00,DC_3,23.23,49.18,47.98,75.36,817.54,23.23,34.18,32.98,70.19319433,6.86
2024-06-29 03:30:00,DC_3,23.85,58.45,47.25,65.71,671.21,23.85,43.45,32.25,62.60265199,4.73
2024-06-29 06:00:00,DC_3,21.31,57.57,50.59,86.64,699.18,23.31,42.57,35.59,79.77171631,7.93
2024-06-29 08:30:00,DC_3,23.25,47.81,46.96,57.28,559.82,23.25,32.81,31.96,54.24491452,5.3
2024-06-29 11:00:00,DC_3,21.01,60.08,52.48,89.36,696.32,23.01,45.08,37.48,81.60458139,8.68
2024-06-29 13:30:00,DC_3,24.45,56.2,51.46,103.18,813.78,24.45,41.2,36.46,98.91868453,4.13
2024-06-29 16:00:00,DC_3,22.2,63.17,55.17,124.98,901.96,23.2,48.17,40.17,117.9252091,5.64
2024-06-29 18:30:00,DC_3,23.72,63.61,56.94,144.18,1075.6,23.72,48.61,41.94,139.6670954,3.13
2024-06-29 21:00:00,DC_3,23.87,60.0,57.63,114.44,1030.28,23.87,45.0,42.63,108.3998752,5.28
2024-06-29 23:30:00,DC_3,23.11,54.78,50.875,110.37,854.32,23.11,39.78,34.49,106.4780855,3.53
2024-06-30 02:00:00,DC_3,28.81,39.88,47.25,55.7,665.46,28.81,39.88,32.25,53.74034006,3.52
2024-06-30 04:30:00,DC_3,24.03,42.58,48.28,55.36,611.84,24.03,30.0,33.28,51.81431437,6.4
2024-06-30 07:00:00,DC_3,24.63,50.85,50.69,66.05,657.81,24.63,35.85,35.69,62.6733376,5.11
2024-06-30 09:30:00,DC_3,20.96,51.41,47.64,73.87,657.96,23.46,36.41,32.64,67.63034165,8.45
2024-06-30 12:00:00,DC_3,22.7,61.11,58.05,96.03,684.36,23.2,46.11,43.05,91.68261634,4.53
2024-06-30 14:30:00,DC_3,22.06,66.55,59.46,103.7,813.25,23.06,51.55,44.46,97.74902431,5.74
2024-06-30 17:00:00,DC_3,22.89,56.49,57.23,111.56,925.25,23.39,41.49,42.23,106.0072611,4.98
2024-06-30 19:30:00,DC_3,21.4,65.55,52.19,133.67,1038.72,23.4,50.55,37.19,126.5345707,5.34
2024-06-30 22:00:00,DC_3,20.71,62.68,56.9,89.92,826.34,23.21,47.68,41.9,81.75470312,9.08
2024-07-01 00:30:00,DC_3,22.69,63.28,59.52,121.05,999.12,23.19,48.28,44.52,115.2163264,4.82
2024-07-01 03:00:00,DC_3,24.11,43.53,44.97,70.55,738.77,24.11,30.0,30.0,67.38353345,4.49
2024-07-01 05:30:00,DC_3,23.19,47.79,45.71,65.56,673.35,23.19,32.79,30.71,62.47992777,4.7
2024-07-01 08:00:00,DC_3,23.67,48.88,45.08,58.67,626.5,23.67,33.88,30.08,54.85918724,6.5
2024-07-01 10:30:00,DC_3,26.77,54.43,53.66,123.31,946.95,26.77,39.43,38.66,120.3096263,2.43
2024-07-01 13:00:00,DC_3,25.43,63.3,47.5,128.69,966.29,25.43,48.3,32.5,125.0118583,2.86
2024-07-01 15:30:00,DC_3,21.69,67.33,69.96,188.3,1264.03,21.69,67.33,69.96,188.3,0.0
2024-07-01 18:00:00,DC_3,21.37,80.15,50.875,346.68,1816.29,23.37,65.15,64.73,329.9136889,4.84
2024-07-01 20:30:00,DC_3,23.79,74.16,60.03,196.3,1480.09,23.79,59.16,45.03,189.2827239,3.57
2024-07-01 23:00:00,DC_3,25.48,54.68,58.87,122.31,1113.81,25.48,39.68,43.87,116.6015176,4.67
2024-07-02 01:30:00,DC_3,22.52,50.9,51.73,90.55,887.64,22.52,35.9,36.73,85.62876925,5.43
2024-07-02 04:00:00,DC_3,21.93,56.03,48.39,86.94,774.33,23.43,41.03,33.39,80.84070827,7.02
2024-07-02 06:30:00,DC_3,22.24,42.63,46.65,51.85,570.94,23.24,30.0,31.65,47.80313147,7.8
2024-07-02 09:00:00,DC_3,23.46,47.15,46.18,58.85,607.71,23.46,32.15,31.18,54.03584822,8.18
2024-07-02 11:30:00,DC_3,24.91,57.9,55.34,104.15,853.08,24.91,42.9,40.34,99.93850835,4.04
2024-07-02 14:00:00,DC_3,18.19,76.54,66.86,198.84,1140.65,20.69,61.54,51.86,184.3106913,7.31
2024-07-02 16:30:00,DC_3,17.86,77.4,74.47,309.24,1522.17,20.36,62.4,59.47,287.0340573,7.18
2024-07-02 19:00:00,DC_3,23.94,67.73,63.41,193.78,1376.08,23.94,52.73,48.41,188.181661,2.89
2024-07-02 21:30:00,DC_3,24.04,66.95,56.89,154.1,1218.19,24.04,51.95,41.89,149.9711337,2.68
2024-07-03 00:00:00,DC_3,27.65,57.3,55.9,118.86,1039.48,27.65,42.3,40.9,114.3337703,3.81
2024-07-03 02:30:00,DC_3,24.72,56.1,51.24,62.78,843.71,24.72,41.1,36.24,57.81120236,7.91
2024-07-03 05:00:00,DC_3,22.97,59.69,48.85,76.22,705.09,23.47,44.69,33.85,71.83319545,5.76
2024-07-03 07:30:00,DC_3,26.79,50.19,47.54,61.91,646.34,26.79,42.19,32.54,59.09915998,4.54
2024-07-03 10:00:00,DC_3,21.74,69.51,61.87,139.98,968.49,23.24,54.51,46.87,130.194454,6.99
2024-07-03 12:30:00,DC_3,21.79,68.4,58.92,149.26,1001.51,23.29,53.4,43.92,140.7838312,5.68
2024-07-03 15:00:00,DC_3,21.61,72.84,67.18,216.95,1292.01,23.11,57.84,52.18,204.6598793,5.66
2024-07-03 17:30:00,DC_3,22.67,68.51,71.39,234.02,1546.33,23.17,53.51,56.39,226.9890922,3.0
2024-07-03 20:00:00,DC_3,20.57,84.82,67.62,262.8,1578.62,23.07,69.82,52.62,243.8700749,7.2
2024-07-03 22:30:00,DC_3,18.06,78.06,69.38,215.09,1218.43,20.56,63.06,54.38,198.1770996,7.86
2024-07-04 01:00:00,DC_3,23.97,61.1,51.84,97.7,950.53,23.97,46.1,36.84,94.49201459,3.28
2024-07-04 03:30:00,DC_3,21.7,59.35,56.2,97.81,776.74,23.2,44.35,41.2,91.67966224,6.27
2024-07-04 06:00:00,DC_3,21.94,56.84,52.23,57.91,551.94,23.44,41.84,37.23,53.16286427,8.2
2024-07-04 08:30:00,DC_3,23.27,39.81,51.62,60.9,593.25,23.27,30.0,36.62,57.80796966,5.08
2024-07-04 11:00:00,DC_3,22.88,50.32,45.14,103.7,844.1,23.38,35.32,30.14,98.53840765,4.98
2024-07-04 13:30:00,DC_3,25.92,62.47,53.16,133.7,1072.52,25.92,47.47,38.16,130.0286043,2.75
2024-07-04 16:00:00,DC_3,21.85,68.25,65.89,206.61,1422.24,23.35,53.25,50.89,195.4108737,5.42
2024-07-04 18:30:00,DC_3,22.59,66.12,58.48,176.2,1320.11,23.09,51.12,43.48,167.8521381,4.74
2024-07-04 21:00:00,DC_3,23.47,72.47,65.62,191.37,1371.4,23.47,57.47,50.62,183.9043521,3.9
2024-07-04 23:30:00,DC_3,20.3,63.37,65.75,151.93,1028.9,22.8,48.37,50.75,141.5710531,6.82
2024-07-05 02:00:00,DC_3,24.0,52.71,51.23,66.16,755.84,24.0,37.71,36.23,63.11311078,4.61
2024-07-05 04:30:00,DC_3,23.33,42.99,51.88,68.62,682.26,23.33,30.0,36.88,65.48243626,4.57
2024-07-05 07:00:00,DC_3,23.69,50.36,44.76,51.97,589.12,23.69,35.36,30.0,50.26155244,3.29
2024-07-05 09:30:00,DC_3,22.84,50.66,45.46,67.59,702.55,23.34,35.66,30.46,64.90776783,3.97
2024-07-05 12:00:00,DC_3,22.66,65.91,56.32,127.32,957.43,23.16,50.91,41.32,121.5710641,4.52
2024-07-05 14:30:00,DC_3,23.82,62.36,56.06,141.28,1146.88,23.82,47.36,41.06,134.9395368,4.49
2024-07-05 17:00:00,DC_3,22.91,66.32,68.48,206.16,1502.36,23.41,51.32,53.48,201.4181443,2.3
2024-07-05 19:30:00,DC_3,23.36,73.49,61.81,196.18,1515.95,23.36,58.49,46.81,192.6549148,1.8
2024-07-05 22:00:00,DC_3,21.36,70.71,60.71,175.26,1200.61,21.36,70.71,60.71,175.26,0.0
2024-07-06 00:30:00,DC_3,21.5,59.66,47.58,72.08,736.67,23.5,44.66,32.58,66.01618041,8.41
2024-07-06 03:00:00,DC_3,25.56,49.41,41.89,66.2,712.05,25.56,34.41,30.0,63.35526801,4.3
2024-07-06 05:30:00,DC_3,22.32,54.6,47.33,80.45,654.65,23.32,39.6,32.33,75.71240292,5.89
2024-07-06 08:00:00,DC_3,24.44,49.95,57.24,54.81,584.89,24.44,34.95,42.24,50.4883307,7.88
2024-07-06 10:30:00,DC_3,23.43,52.56,50.875,68.78,651.71,23.43,37.56,42.84,63.89705249,7.1
2024-07-06 13:00:00,DC_3,21.73,53.47,57.06,108.16,770.65,23.23,38.47,42.06,101.806296,5.87
2024-07-06 15:30:00,DC_3,22.73,57.47,63.65,116.47,956.34,23.23,42.47,48.65,111.9289436,3.9
2024-07-06 18:00:00,DC_3,21.03,62.71,62.35,154.36,1065.84,23.03,47.71,47.35,144.6081954,6.32
2024-07-06 20:30:00,DC_3,23.94,61.47,63.22,125.71,1021.28,23.94,46.47,48.22,120.3150533,4.29
2024-07-06 23:00:00,DC_3,23.84,59.57,52.38,98.0,887.12,23.84,44.57,37.38,93.96434515,4.12
2024-07-07 01:30:00,DC_3,21.67,56.54,57.17,69.7,794.95,23.17,41.54,42.17,65.0319347,6.7
2024-07-07 04:00:00,DC_3,22.08,58.67,50.87,63.81,617.35,23.08,43.67,35.87,59.9857992,5.99
2024-07-07 06:30:00,DC_3,23.04,40.73,50.875,51.08,590.4,23.04,30.0,30.0,46.4918646,8.98
2024-07-07 09:00:00,DC_3,24.58,42.34,47.58,44.92,534.8,24.58,30.0,32.58,42.02802934,6.44
2024-07-07 11:30:00,DC_3,22.29,64.77,57.07,93.4,780.98,23.29,49.77,42.07,84.94771412,9.05
2024-07-07 14:00:00,DC_3,24.92,53.24,61.01,102.85,874.8,24.92,38.24,46.01,96.49272202,6.18
2024-07-07 16:30:00,DC_3,23.08,68.71,63.44,149.54,1040.11,23.08,53.71,48.44,142.7152423,4.56
2024-07-07 19:00:00,DC_3,24.06,60.95,55.0,124.53,1092.78,24.06,45.95,40.0,119.8815552,3.73
2024-07-07 21:30:00,DC_3,23.45,56.93,52.34,132.94,1072.29,23.45,41.93,37.34,127.9991035,3.72
2024-07-08 00:00:00,DC_3,21.23,60.75,63.36,121.0,1096.08,23.23,45.75,48.36,111.7732843,7.63
2024-07-08 02:30:00,DC_3,22.68,62.96,54.15,103.96,878.78,23.18,47.96,39.15,98.10533975,5.63
2024-07-08 05:00:00,DC_3,22.69,54.52,52.56,62.95,667.43,23.19,39.52,37.56,59.25177566,5.87
2024-07-08 07:30:00,DC_3,27.21,52.21,44.58,58.65,717.11,27.21,37.21,30.0,54.26226125,7.48
2024-07-08 10:00:00,DC_3,24.19,49.95,54.45,87.66,839.79,24.19,34.95,39.45,83.94448857,4.24
2024-07-08 12:30:00,DC_3,23.09,62.45,65.13,130.38,991.09,23.09,47.45,50.13,124.1858217,4.75
2024-07-08 15:00:00,DC_3,22.85,65.29,64.2,181.15,1191.93,23.35,50.29,49.2,174.6445033,3.59
2024-07-08 17:30:00,DC_3,23.57,79.06,67.73,231.49,1517.03,23.57,64.06,52.73,224.6457637,2.96
2024-07-08 20:00:00,DC_3,21.9,71.37,58.87,188.44,1342.98,23.4,56.37,43.87,180.4178669,4.26
2024-07-08 22:30:00,DC_3,22.55,64.13,55.85,146.36,1123.28,23.05,49.13,40.85,139.2952698,4.83
2024-07-09 01:00:00,DC_3,25.66,49.94,52.0,91.54,999.85,25.66,34.94,37.0,89.02032087,2.75
2024-07-09 03:30:00,DC_3,22.21,59.84,51.45,82.97,742.11,23.21,44.84,36.45,77.77486498,6.26
2024-07-09 06:00:00,DC_3,21.9,52.95,44.57,56.34,583.12,23.4,37.95,30.0,53.12437547,5.71
2024-07-09 08:30:00,DC_3,23.64,49.71,46.6,66.35,626.82,23.64,34.71,31.6,61.97711196,6.59
2024-07-09 11:00:00,DC_3,24.87,62.33,53.72,131.35,1011.54,24.87,47.33,38.72,127.5917846,2.86
2024-07-09 13:30:00,DC_3,25.46,56.3,55.56,114.66,983.78,25.46,41.3,40.56,110.9353854,3.25
2024-07-09 16:00:00,DC_3,22.76,68.04,64.1,198.96,1336.33,23.26,53.04,49.1,193.1053441,2.94
2024-07-09 18:30:00,DC_3,20.95,69.17,67.15,225.1,1398.62,22.45,69.17,52.15,217.1687485,3.52
2024-07-09 21:00:00,DC_3,21.35,71.96,50.875,215.49,1349.66,23.35,56.96,43.66,203.4490925,5.59
2024-07-09 23:30:00,DC_3,24.13,60.7,55.79,148.24,1193.86,24.13,45.7,40.79,141.2834963,4.69
2024-07-10 02:00:00,DC_3,16.12,67.74,55.32,123.63,908.09,18.62,52.74,40.32,112.7659563,8.79
2024-07-10 04:30:00,DC_3,24.81,44.56,44.22,65.11,657.91,24.81,30.0,30.0,60.49962546,7.08
2024-07-10 07:00:00,DC_3,24.33,59.39,46.11,61.44,635.65,24.33,44.39,31.11,55.8515888,9.1
2024-07-10 09:30:00,DC_3,23.37,47.96,54.07,80.12,728.02,23.37,32.96,39.07,78.08443741,2.54
2024-07-10 12:00:00,DC_3,20.28,71.54,59.18,146.7,925.42,22.78,56.54,44.18,133.4690751,9.02
2024-07-10 14:30:00,DC_3,21.78,62.53,50.875,183.78,1245.85,23.28,47.53,39.0,175.2435635,4.64
2024-07-10 17:00:00,DC_3,24.35,54.63,60.02,188.82,1347.86,24.35,39.63,45.02,187.0839549,0.92
2024-07-10 19:30:00,DC_3,26.91,63.74,60.55,147.74,1328.02,26.91,48.74,45.55,140.9582107,4.59
2024-07-10 22:00:00,DC_3,21.79,67.79,66.28,144.62,1203.17,23.29,52.79,51.28,135.2473298,6.48
2024-07-11 00:30:00,DC_3,23.37,60.72,45.71,112.96,1009.77,23.37,45.72,30.71,109.2638899,3.27
2024-07-11 03:00:00,DC_3,23.24,56.43,54.42,85.0,833.43,23.24,41.43,39.42,79.40036726,6.59
2024-07-11 05:30:00,DC_3,21.73,50.85,47.77,73.89,678.39,23.23,35.85,32.77,69.99678233,5.27
2024-07-11 08:00:00,DC_3,25.27,52.37,49.18,76.46,760.28,25.27,37.37,34.18,71.99496829,5.84
2024-07-11 10:30:00,DC_3,19.11,59.38,62.93,89.01,654.86,21.61,44.38,47.93,80.53854681,9.52
2024-07-11 13:00:00,DC_3,23.95,64.87,61.2,150.89,1083.27,23.95,49.87,46.2,145.6078667,3.5
2024-07-11 15:30:00,DC_3,21.68,75.62,67.31,169.25,1225.52,23.18,60.62,52.31,160.4117183,5.22
2024-07-11 18:00:00,DC_3,23.01,76.45,66.21,194.96,1438.88,23.01,61.45,51.21,188.6190042,3.25
2024-07-11 20:30:00,DC_3,16.62,78.31,70.2,271.91,1483.67,19.12,63.31,55.2,254.1849502,6.52
2024-07-11 23:00:00,DC_3,22.44,56.04,48.95,141.63,1143.56,23.44,41.04,33.95,136.2789581,3.78
2024-07-12 01:30:00,DC_3,22.61,65.35,54.81,128.25,1034.89,23.11,50.35,39.81,122.8430455,4.22
2024-07-12 04:00:00,DC_3,21.44,57.86,50.71,87.66,745.15,23.44,42.86,35.71,79.44970331,9.37
2024-07-12 06:30:00,DC_3,23.13,56.0,44.76,62.4,568.29,23.13,41.0,30.0,58.49980151,6.25
2024-07-12 09:00:00,DC_3,22.41,57.95,47.47,80.34,705.11,23.41,42.95,32.47,75.2505186,6.33
2024-07-12 11:30:00,DC_3,24.63,56.0,54.75,111.07,987.89,24.63,41.0,39.75,106.5362849,4.08
2024-07-12 14:00:00,DC_3,25.38,54.24,53.52,133.68,1110.48,25.38,39.24,38.52,130.5234797,2.36
2024-07-12 16:30:00,DC_3,18.01,79.92,76.97,259.67,1348.66,20.51,64.92,61.97,240.794244,7.27
2024-07-12 19:00:00,DC_3,21.44,63.74,69.77,175.73,1290.2,23.44,48.74,54.77,165.8320347,5.63
2024-07-12 21:30:00,DC_3,21.5,63.94,63.61,170.1,1282.98,23.0,48.94,48.61,161.9799059,4.77
2024-07-13 00:00:00,DC_3,23.7,55.54,58.46,120.83,1054.78,23.7,40.54,43.46,116.3059367,3.74
2024-07-13 02:30:00,DC_3,23.98,49.55,45.05,71.09,678.99,23.98,34.55,30.05,66.95649595,5.81
2024-07-13 05:00:00,DC_3,22.52,51.2,47.49,56.5,636.05,23.02,36.2,32.49,53.34797519,5.58
2024-07-13 07:30:00,DC_3,20.05,55.97,46.9,60.37,545.06,22.55,40.97,31.9,53.72412179,11.01
2024-07-13 10:00:00,DC_3,23.56,54.24,54.47,65.43,600.17,23.56,39.24,39.47,60.28339494,7.87
2024-07-13 12:30:00,DC_3,24.05,55.76,53.78,103.33,885.75,24.05,40.76,38.78,101.6938301,1.58
2024-07-13 15:00:00,DC_3,22.12,62.75,53.09,141.08,907.51,23.12,47.75,38.09,133.6335211,5.28
2024-07-13 17:30:00,DC_3,25.16,57.08,47.24,110.98,1004.35,25.16,42.08,32.24,105.6694501,4.79
2024-07-13 20:00:00,DC_3,25.17,59.7,53.33,115.8,1058.66,25.17,44.7,38.33,109.7023624,5.27
2024-07-13 22:30:00,DC_3,21.7,60.68,54.67,108.26,891.92,23.2,45.68,39.67,99.8088692,7.81
2024-07-14 01:00:00,DC_3,23.68,58.24,48.81,70.2,801.87,23.68,43.24,33.81,64.33144489,8.36
2024-07-14 03:30:00,DC_3,23.02,53.79,47.67,57.22,608.08,23.02,38.79,32.67,54.49904456,4.76
2024-07-14 06:00:00,DC_3,23.83,56.025000000000006,40.25,57.25,581.86,23.83,41.21,30.0,53.70476995,6.19
2024-07-14 08:30:00,DC_3,17.6,65.56,51.75,73.78,580.69,20.1,50.56,36.75,65.79277898,10.83
2024-07-14 11:00:00,DC_3,20.86,66.13,50.47,84.24,688.33,23.36,51.13,35.47,75.16999314,10.77
2024-07-14 13:30:00,DC_3,16.28,71.0,65.09,140.34,853.14,18.78,56.0,50.09,127.1710605,9.38
2024-07-14 16:00:00,DC_3,23.55,61.31,63.69,144.55,1115.52,23.55,46.31,48.69,138.6146864,4.11
2024-07-14 18:30:00,DC_3,23.63,58.03,50.37,100.44,912.26,23.63,43.03,35.37,95.82121326,4.6
2024-07-14 21:00:00,DC_3,22.58,65.59,45.6,94.64,952.29,23.08,50.59,30.6,90.16636936,4.73
2024-07-14 23:30:00,DC_3,23.74,49.76,45.49,75.79,901.74,23.74,34.76,30.49,74.61137686,1.56
2024-07-15 02:00:00,DC_3,22.99,65.87,47.35,104.39,989.38,23.49,50.87,32.35,99.57954354,4.61
2024-07-15 04:30:00,DC_3,22.21,53.46,50.54,57.95,645.84,23.21,38.46,35.54,51.63376634,10.9
2024-07-15 07:00:00,DC_3,27.24,41.44,43.4,54.78,664.89,27.24,30.0,30.0,52.32262178,4.49
2024-07-15 09:30:00,DC_3,23.74,56.83,53.4,60.71,689.86,23.74,41.83,38.4,58.7955085,3.15
2024-07-15 12:00:00,DC_3,21.95,63.03,62.66,124.41,864.64,23.45,48.03,47.66,118.3090015,4.9
2024-07-15 14:30:00,DC_3,20.51,70.99,63.0,155.2,992.47,23.01,55.99,48.0,141.7499996,8.67
2024-07-15 17:00:00,DC_3,21.19,78.73,70.28,245.22,1410.52,23.19,63.73,55.28,228.3578718,6.88
2024-07-15 19:30:00,DC_3,23.04,78.71,76.53,223.06,1490.1,23.04,63.71,61.53,215.6439602,3.32
2024-07-15 22:00:00,DC_3,22.59,64.52,50.875,148.25,1225.99,23.09,49.52,39.14,142.9516485,3.57
2024-07-16 00:30:00,DC_3,23.01,56.85,55.31,124.64,1043.37,23.01,41.85,40.31,119.0284844,4.5
2024-07-16 03:00:00,DC_3,23.44,60.83,51.37,101.19,951.34,23.44,45.83,36.37,97.57869446,3.57
2024-07-16 05:30:00,DC_3,23.97,52.06,45.5,55.58,551.55,23.97,37.06,30.5,51.22048903,7.84
2024-07-16 08:00:00,DC_3,21.72,60.36,48.54,71.99,590.72,23.22,45.36,33.54,65.72734501,8.7
2024-07-16 10:30:00,DC_3,22.92,62.03,53.23,94.01,793.57,23.42,47.03,38.23,88.59200234,5.76
2024-07-16 13:00:00,DC_3,28.83,59.41,63.45,114.34,1018.58,28.83,59.41,48.45,112.3112702,1.77
2024-07-16 15:30:00,DC_3,21.37,75.67,66.05,251.44,1616.57,23.37,60.67,51.05,238.9774925,4.96
2024-07-16 18:00:00,DC_3,20.5,78.1,69.24,264.42,1453.05,23.0,63.1,54.24,244.7630007,7.43
2024-07-16 20:30:00,DC_3,24.17,67.86,68.18,180.53,1335.44,24.17,52.86,53.18,173.0910138,4.12
2024-07-16 23:00:00,DC_3,24.52,60.58,54.98,109.49,1029.76,24.52,45.58,39.98,105.3731878,3.76
2024-07-17 01:30:00,DC_3,22.27,58.21,53.19,77.5,893.78,23.27,43.21,38.19,72.4785134,6.48
2024-07-17 04:00:00,DC_3,24.28,58.91,54.54,84.76,852.68,24.28,43.91,39.54,80.88947512,4.57
2024-07-17 06:30:00,DC_3,23.78,49.91,50.91,52.06,574.49,23.78,34.91,35.91,48.28392718,7.25
2024-07-17 09:00:00,DC_3,22.76,54.69,45.07,54.56,639.22,23.26,39.69,30.07,50.27179477,7.86
2024-07-17 11:30:00,DC_3,22.25,59.63,54.26,107.4,874.85,23.25,44.63,39.26,101.1147046,5.85
2024-07-17 14:00:00,DC_3,20.55,77.62,59.8,182.46,1114.66,23.05,62.62,44.8,168.3303754,7.74
2024-07-17 16:30:00,DC_3,22.02,73.76,64.19,274.05,1507.01,23.02,58.76,49.19,261.5834504,4.55
2024-07-17 19:00:00,DC_3,23.18,64.25,62.97,199.01,1489.79,23.18,49.25,47.97,195.0739852,1.98
2024-07-17 21:30:00,DC_3,23.59,71.45,71.07,178.12,1343.98,23.59,56.45,56.07,170.8332911,4.09
2024-07-18 00:00:00,DC_3,21.3,67.12,57.24,118.75,1016.8,23.3,52.12,42.24,110.224323,7.18
2024-07-18 02:30:00,DC_3,21.44,57.94,46.16,86.15,767.5,23.44,42.94,31.16,80.14237389,6.97
2024-07-18 05:00:00,DC_3,22.51,50.69,50.52,77.39,685.05,23.01,35.69,35.52,73.30776149,5.27
2024-07-18 07:30:00,DC_3,22.76,57.95,51.55,60.17,622.49,23.26,42.95,36.55,53.21215379,11.56
2024-07-18 10:00:00,DC_3,20.94,59.63,51.58,86.9,690.01,23.44,44.63,36.58,80.86967099,6.94
2024-07-18 12:30:00,DC_3,24.58,68.41,62.38,166.65,1283.67,24.58,53.41,47.38,158.3985222,4.95
2024-07-18 15:00:00,DC_3,24.61,73.66,57.53,175.44,1252.83,24.61,58.66,42.53,170.0231722,3.09
2024-07-18 17:30:00,DC_3,22.31,69.62,68.05,252.41,1504.46,23.31,54.62,53.05,242.1389328,4.07
2024-07-18 20:00:00,DC_3,22.78,68.68,55.55,176.46,1371.33,23.28,53.68,40.55,169.6595997,3.85
2024-07-18 22:30:00,DC_3,21.38,62.81,56.48,173.8,1204.87,23.38,47.81,41.48,164.6215466,5.28
2024-07-19 01:00:00,DC_3,24.1,54.31,55.51,102.58,1003.5,24.1,39.31,40.51,96.72562358,5.71
2024-07-19 03:30:00,DC_3,24.83,49.65,48.63,77.3,816.31,24.83,34.65,33.63,74.36090585,3.8
2024-07-19 06:00:00,DC_3,19.53,57.02,48.83,74.59,616.66,22.03,42.02,33.83,67.32390665,9.74
2024-07-19 08:30:00,DC_3,16.84,59.01,61.23,79.23,611.63,19.34,44.01,46.23,69.82066385,11.88
2024-07-19 11:00:00,DC_3,19.68,63.43,52.33,111.01,827.19,22.18,48.43,37.33,102.1688566,7.96
2024-07-19 13:30:00,DC_3,25.22,57.5,59.92,114.45,1003.93,25.22,42.5,44.92,110.3955395,3.54
2024-07-19 16:00:00,DC_3,21.03,70.68,73.22,252.29,1452.43,23.03,55.68,58.22,236.5714806,6.23
2024-07-19 18:30:00,DC_3,22.9,75.74,68.94,266.75,1649.87,23.4,60.74,53.94,259.3225632,2.78
2024-07-19 21:00:00,DC_3,22.76,68.72,66.15,159.16,1300.49,23.26,53.72,51.15,153.4518377,3.59
2024-07-19 23:30:00,DC_3,20.55,64.18,64.94,135.62,1035.06,23.05,49.18,49.94,123.2077166,9.15
2024-07-20 02:00:00,DC_3,21.34,59.28,48.57,75.07,704.14,23.34,44.28,33.57,68.68458405,8.51
2024-07-20 04:30:00,DC_3,22.87,44.93,43.1,68.45,717.92,23.37,30.0,30.0,64.25851366,6.12
2024-07-20 07:00:00,DC_3,22.24,50.13,54.81,57.39,603.13,23.24,35.13,39.81,52.00086663,9.39
2024-07-20 09:30:00,DC_3,24.3,58.82,56.1,100.68,940.13,24.3,43.82,41.1,93.57711468,7.05
2024-07-20 12:00:00,DC_3,21.65,69.16,55.37,94.59,742.62,23.15,54.16,40.37,88.6888357,6.24
2024-07-20 14:30:00,DC_3,21.76,59.34,61.08,106.66,836.22,23.26,44.34,46.08,99.70886359,6.52
2024-07-20 17:00:00,DC_3,16.82,67.17,62.55,159.07,948.62,19.32,52.17,47.55,147.1785938,7.48
2024-07-20 19:30:00,DC_3,24.12,57.33,46.99,110.7,888.09,24.12,42.33,31.99,105.1321582,5.03
2024-07-20 22:00:00,DC_3,20.95,52.6,53.45,154.69,1037.86,23.45,37.6,38.45,144.9944339,6.27
2024-07-21 00:30:00,DC_3,21.74,53.9,58.91,96.42,838.98,23.24,38.9,43.91,91.22976493,5.38
2024-07-21 03:00:00,DC_3,21.1,67.49,58.87,111.41,1004.21,23.1,52.49,43.87,104.691804,6.03
2024-07-21 05:30:00,DC_3,22.85,56.025000000000006,43.0,102.95,930.82,23.35,39.65,30.0,96.96360384,5.81
2024-07-21 08:00:00,DC_3,22.19,53.57,50.41,63.66,646.98,23.19,38.57,35.41,60.23384002,5.38
2024-07-21 10:30:00,DC_3,21.83,62.63,54.85,74.64,577.49,23.33,47.63,39.85,68.17447797,8.66
2024-07-21 13:00:00,DC_3,22.6,60.78,57.59,122.04,873.52,23.1,45.78,42.59,114.5162346,6.16
2024-07-21 15:30:00,DC_3,23.15,55.1,51.33,147.71,998.33,23.15,40.1,36.33,142.6758534,3.41
2024-07-21 18:00:00,DC_3,23.93,63.34,52.5,101.05,984.71,23.93,48.34,37.5,96.51970484,4.48
2024-07-21 20:30:00,DC_3,24.4,59.05,47.68,105.76,978.06,24.4,44.05,32.68,101.7342114,3.81
2024-07-21 23:00:00,DC_3,21.83,57.94,56.39,102.56,968.71,23.33,42.94,41.39,95.65702641,6.73
2024-07-22 01:30:00,DC_3,23.48,55.56,44.41,89.18,866.7,23.48,40.56,30.0,85.69854791,3.9
2024-07-22 04:00:00,DC_3,23.32,52.2,42.07,48.39,672.69,23.32,37.2,30.0,45.82925451,5.29
2024-07-22 06:30:00,DC_3,18.29,58.19,60.45,74.72,573.56,20.79,43.19,45.45,67.42516805,9.76
2024-07-22 09:00:00,DC_3,23.76,46.02,55.96,74.49,787.25,23.76,31.02,40.96,70.42305401,5.46
2024-07-22 11:30:00,DC_3,23.86,61.35,49.46,108.37,942.06,23.86,46.35,34.46,104.3992963,3.66
2024-07-22 14:00:00,DC_3,26.92,72.55,57.73,209.08,1452.76,26.92,57.55,42.73,203.6167637,2.61
2024-07-22 16:30:00,DC_3,23.13,74.18,64.31,194.17,1446.88,23.13,59.18,49.31,187.2902198,3.54
2024-07-22 19:00:00,DC_3,23.56,68.13,64.81,165.99,1279.27,23.56,53.13,49.81,161.1814199,2.9
2024-07-22 21:30:00,DC_3,22.24,67.87,60.41,171.62,1237.22,23.24,52.87,45.41,163.6219483,4.66
2024-07-23 00:00:00,DC_3,21.0,61.54,59.41,122.36,1124.37,23.0,46.54,44.41,112.8478654,7.77
2024-07-23 02:30:00,DC_3,21.96,63.11,54.16,92.18,849.1,23.46,48.11,39.16,86.61184951,6.04
2024-07-23 05:00:00,DC_3,22.78,47.54,46.54,63.44,633.79,23.28,32.54,31.54,59.11932149,6.81
2024-07-23 07:30:00,DC_3,21.96,59.44,50.54,73.87,626.38,23.46,44.44,35.54,69.56488266,5.83
2024-07-23 10:00:00,DC_3,23.67,56.52,51.45,83.48,764.55,23.67,41.52,36.45,78.34635507,6.15
2024-07-23 12:30:00,DC_3,23.65,55.58,58.24,122.61,954.77,23.65,40.58,43.24,116.5142188,4.97
2024-07-23 15:00:00,DC_3,22.54,69.38,72.99,252.85,1489.84,23.04,54.38,57.99,243.7671354,3.59
2024-07-23 17:30:00,DC_3,24.65,70.76,66.89,216.36,1532.41,24.65,55.76,51.89,210.0890224,2.9
2024-07-23 20:00:00,DC_3,20.52,87.82,69.63,331.43,1726.1,23.02,72.82,54.63,308.8126153,6.82
2024-07-23 22:30:00,DC_3,22.77,63.77,50.875,146.76,1246.0,23.27,48.77,55.32,141.9627437,3.27
2024-07-24 01:00:00,DC_3,22.93,61.14,58.15,117.98,977.65,23.43,46.14,43.15,112.1693793,4.93
2024-07-24 03:30:00,DC_3,22.1,58.6,50.48,69.61,701.41,23.1,43.6,35.48,64.476496,7.37
2024-07-24 06:00:00,DC_3,24.64,39.4,48.36,58.6,609.7,24.64,30.0,33.36,54.53164082,6.94
2024-07-24 08:30:00,DC_3,22.56,49.91,52.94,69.54,714.17,23.06,34.91,37.94,66.15267682,4.87
2024-07-24 11:00:00,DC_3,23.89,60.38,51.09,102.24,911.17,23.89,45.38,36.09,97.19530565,4.93
2024-07-24 13:30:00,DC_3,23.19,65.59,59.67,156.02,1142.5,23.19,50.59,44.67,152.8479516,2.03
2024-07-24 16:00:00,DC_3,23.34,70.79,64.8,219.07,1381.03,23.34,55.79,49.8,212.0926144,3.19
2024-07-24 18:30:00,DC_3,24.04,67.96,62.25,213.48,1419.44,24.04,52.96,47.25,207.054259,3.01
2024-07-24 21:00:00,DC_3,18.43,74.39,50.875,213.0,1291.5,20.93,59.39,52.47,196.5149827,7.74
2024-07-24 23:30:00,DC_3,25.54,56.48,53.03,129.0,1220.72,25.54,41.48,38.03,124.7270047,3.31
2024-07-25 02:00:00,DC_3,23.55,60.11,51.98,89.36,841.45,23.55,45.11,36.98,84.65675031,5.26
2024-07-25 04:30:00,DC_3,16.16,64.34,60.12,90.18,609.65,18.66,49.34,45.12,81.4105465,9.72
2024-07-25 07:00:00,DC_3,21.96,56.96,51.25,62.51,584.44,23.46,41.96,36.25,58.18544897,6.92
2024-07-25 09:30:00,DC_3,20.67,68.0,50.32,77.69,669.57,23.17,53.0,35.32,71.33641236,8.18
2024-07-25 12:00:00,DC_3,27.04,56.65,51.67,107.02,937.48,27.04,41.65,36.67,103.0840822,3.68
2024-07-25 14:30:00,DC_3,22.95,61.14,60.69,106.12,1000.97,23.45,46.14,45.69,100.2987981,5.49
2024-07-25 17:00:00,DC_3,23.19,75.26,61.45,255.97,1542.49,23.19,60.26,46.45,247.4191618,3.34
2024-07-25 19:30:00,DC_3,22.63,63.96,63.9,182.76,1391.34,23.13,48.96,48.9,175.7396222,3.84
2024-07-25 22:00:00,DC_3,22.18,68.59,75.79,256.72,1638.1,23.18,53.59,60.79,245.8752993,4.22
2024-07-26 00:30:00,DC_3,23.04,55.72,50.44,103.71,899.03,23.04,40.72,35.44,100.0790159,3.5
2024-07-26 03:00:00,DC_3,20.88,57.7,56.15,105.63,802.15,23.38,42.7,41.15,97.84267273,7.37
2024-07-26 05:30:00,DC_3,20.22,56.9,52.04,72.1,592.75,22.72,41.9,37.04,63.66453226,11.7
2024-07-26 08:00:00,DC_3,23.39,54.68,44.89,69.76,709.58,23.39,39.68,30.0,65.05747037,6.74
2024-07-26 10:30:00,DC_3,24.09,48.93,52.5,96.83,790.99,24.09,33.93,37.5,93.39000631,3.55
2024-07-26 13:00:00,DC_3,20.92,68.5,64.77,190.59,1146.3,23.42,53.5,49.77,177.3432407,6.95
2024-07-26 15:30:00,DC_3,22.34,74.55,64.77,193.91,1324.66,23.34,59.55,49.77,186.3527894,3.9
2024-07-26 18:00:00,DC_3,20.2,86.83,75.82,314.8,1661.73,22.7,71.83,60.82,292.1207351,7.2
2024-07-26 20:30:00,DC_3,22.86,60.1,61.62,208.84,1333.14,23.36,45.1,46.62,202.8316449,2.88
2024-07-26 23:00:00,DC_3,27.08,52.42,53.64,116.01,1110.98,27.08,44.42,38.64,111.5181665,3.87
2024-07-27 01:30:00,DC_3,23.61,55.09,53.55,100.52,852.05,23.61,40.09,38.55,94.81471427,5.68
2024-07-27 04:00:00,DC_3,22.38,52.78,49.51,73.67,644.65,23.38,37.78,34.51,70.15163478,4.78
2024-07-27 06:30:00,DC_3,23.61,56.025000000000006,52.61,76.95,879.77,23.61,42.18,37.61,73.71718762,4.2
2024-01-01 01:30:00,DC_4,22.58,41.4,42.68,44.08,658.92,22.58,41.4,42.68,44.08,0.0
2024-01-01 04:00:00,DC_4,21.95,45.2,42.38,39.62,502.83,23.45,45.2,30.0,39.46547871,0.39
2024-01-01 06:30:00,DC_4,22.02,45.52,42.08,25.68,430.19,23.02,37.52,30.0,23.20049462,9.66
2024-01-01 09:00:00,DC_4,24.41,38.25,37.77,34.41,446.72,24.41,38.25,37.77,34.40760926,0.01
2024-01-01 11:30:00,DC_4,24.86,42.28,39.65,37.52,569.94,24.86,42.28,39.65,37.51960631,0.0
2024-01-01 14:00:00,DC_4,22.8,50.03,51.26,57.67,715.56,22.8,50.03,51.26,57.67,0.0
2024-01-01 16:30:00,DC_4,23.7,62.8,50.53,114.04,1057.32,23.7,62.8,50.53,114.0367209,0.0
2024-01-01 19:00:00,DC_4,22.38,63.43,54.02,95.02,901.0,22.38,55.43,39.02,91.99430764,3.18
2024-01-01 21:30:00,DC_4,21.41,49.02,48.54,57.82,842.3,21.41,49.02,33.54,57.72580133,0.16
2024-01-02 00:00:00,DC_4,23.85,47.48,46.45,46.54,739.02,23.85,47.48,46.45,46.54,0.0
2024-01-02 02:30:00,DC_4,25.22,42.33,46.53,41.14,606.65,25.22,42.33,46.53,41.14,0.0
2024-01-02 05:00:00,DC_4,23.08,42.99,41.21,29.51,472.77,23.08,42.99,30.0,29.42523713,0.29
2024-01-02 07:30:00,DC_4,22.05,46.65,40.33,24.29,450.18,22.55,38.65,30.0,23.21826468,4.41
2024-01-02 10:00:00,DC_4,19.07,49.12,48.87,37.39,446.28,21.07,34.12,33.87,33.49270409,10.42
2024-01-02 12:30:00,DC_4,25.18,57.83,47.6,107.21,984.42,25.18,57.83,47.6,107.208985,0.0
2024-01-02 15:00:00,DC_4,22.9,54.3,47.72,65.95,749.41,22.9,54.3,47.72,65.95,0.0
2024-01-02 17:30:00,DC_4,22.33,65.49,51.07,114.09,1066.21,23.33,65.49,36.07,112.3132056,1.56
2024-01-02 20:00:00,DC_4,21.95,58.67,47.75,90.66,908.23,23.45,58.67,32.75,88.83420867,2.01
2024-01-02 22:30:00,DC_4,23.35,48.68,56.59,72.51,962.64,23.35,48.68,56.59,72.50599888,0.01
2024-01-03 01:00:00,DC_4,22.68,45.5,47.44,48.85,678.65,22.68,45.5,47.44,48.84796976,0.0
2024-01-03 03:30:00,DC_4,16.42,53.39,43.77,50.58,507.65,18.92,38.39,30.0,45.7895394,9.47
2024-01-03 06:00:00,DC_4,22.54,38.47,41.7,20.64,379.46,22.54,38.47,41.7,20.63967378,0.0
2024-01-03 08:30:00,DC_4,21.9,50.03,42.08,32.44,436.0,21.9,35.03,30.0,29.99136134,7.55
2024-01-03 11:00:00,DC_4,22.84,64.07,52.31,78.64,843.39,23.34,56.07,37.31,76.18913,3.12
2024-01-03 13:30:00,DC_4,23.02,54.83,43.49,48.88,604.89,23.02,54.83,30.0,47.40307723,3.02
2024-01-03 16:00:00,DC_4,22.51,58.81,54.74,89.66,944.15,23.01,58.81,39.74,86.50217649,3.52
2024-01-03 18:30:00,DC_4,24.09,55.31,49.25,92.27,1022.01,24.09,55.31,49.25,92.27,0.0
2024-01-03 21:00:00,DC_4,22.4,54.33,49.05,81.24,836.5,23.4,54.33,34.05,78.78013223,3.03
2024-01-03 23:30:00,DC_4,28.84,51.45,51.24,46.82,775.47,28.84,51.45,51.24,46.81505835,0.01
2024-01-04 02:00:00,DC_4,24.46,45.51,45.46,39.34,628.15,24.46,45.51,45.46,39.33931013,0.0
2024-01-04 04:30:00,DC_4,22.81,42.32,32.4,16.24,406.48,22.81,42.32,32.4,16.23914618,0.01
2024-01-04 07:00:00,DC_4,17.89,53.11,41.43,45.15,466.68,20.39,38.11,30.0,41.91322387,7.17
2024-01-04 09:30:00,DC_4,25.02,32.06,32.76,33.73,496.4,25.02,32.06,32.76,33.73,0.0
2024-01-04 12:00:00,DC_4,25.64,46.56,40.82,43.85,656.86,25.64,46.56,40.82,43.85,0.0
2024-01-04 14:30:00,DC_4,23.18,54.73,54.41,63.89,831.48,23.18,54.73,39.41,61.92082765,3.08
2024-01-04 17:00:00,DC_4,28.11,59.3,53.66,97.6,1048.27,28.11,59.3,53.66,97.6,0.0
2024-01-04 19:30:00,DC_4,23.89,60.7,52.13,105.43,923.67,23.89,60.7,52.13,105.427013,0.0
2024-01-04 22:00:00,DC_4,23.27,53.43,49.96,66.91,810.38,23.27,53.43,49.96,66.90515365,0.01
2024-01-05 00:30:00,DC_4,23.9,48.34,49.78,49.27,759.24,23.9,48.34,49.78,49.27,0.0
2024-01-05 03:00:00,DC_4,26.05,44.02,29.29,22.64,473.63,26.05,44.02,29.29,22.64,0.0
2024-01-05 05:30:00,DC_4,22.63,41.43,35.94,24.88,394.87,23.13,41.43,30.0,23.19165643,6.79
2024-01-05 08:00:00,DC_4,27.82,40.79,31.87,20.46,421.75,27.82,40.79,31.87,20.45644529,0.02
2024-01-05 10:30:00,DC_4,22.55,48.15,35.5,49.16,587.8,23.05,48.15,30.0,45.98503111,6.46
2024-01-05 13:00:00,DC_4,22.28,57.44,53.53,91.74,823.0,22.28,49.44,38.53,88.81417468,3.19
2024-01-05 15:30:00,DC_4,21.16,53.35,60.36,113.16,955.04,22.16,53.35,45.36,110.3585578,2.48
2024-01-05 18:00:00,DC_4,24.1,59.3,50.72,99.32,1023.64,24.1,59.3,50.72,99.31531954,0.0
2024-01-05 20:30:00,DC_4,22.79,62.97,53.07,92.25,930.49,23.29,62.97,38.07,90.62004068,1.77
2024-01-05 23:00:00,DC_4,23.66,59.84,51.2,76.02,972.75,23.66,59.84,51.2,76.02,0.0
2024-01-06 01:30:00,DC_4,21.82,54.36,40.96,41.21,522.89,21.82,39.36,30.0,37.4526437,9.12
2024-01-06 04:00:00,DC_4,17.4,47.92,42.42,44.73,448.51,19.9,32.92,30.0,40.98226966,8.38
2024-01-06 06:30:00,DC_4,22.27,39.97,45.05,36.75,449.59,22.77,39.97,30.05,35.62298927,3.07
2024-01-06 09:00:00,DC_4,27.21,44.76,34.62,19.71,446.54,27.21,44.76,34.62,19.71,0.0
2024-01-06 11:30:00,DC_4,24.57,37.72,34.86,25.09,489.0,24.57,37.72,34.86,25.09,0.0
2024-01-06 14:00:00,DC_4,23.24,53.07,50.34,44.54,598.75,23.24,53.07,35.34,43.67410802,1.94
2024-01-06 16:30:00,DC_4,23.18,49.93,49.61,61.99,691.97,23.18,49.93,49.61,61.99,0.0
2024-01-06 19:00:00,DC_4,22.83,61.36,54.99,84.97,859.36,22.83,53.36,39.99,82.42259414,3.0
2024-01-06 21:30:00,DC_4,23.25,45.85,43.03,46.0,638.25,23.25,45.85,43.03,46.0,0.0
2024-01-07 00:00:00,DC_4,23.39,44.1,46.69,35.39,656.12,23.39,44.1,46.69,35.39,0.0
2024-01-07 02:30:00,DC_4,23.92,46.8,40.79,27.05,616.96,23.92,46.8,40.79,27.04653649,0.01
2024-01-07 05:00:00,DC_4,22.83,43.02,40.77,21.54,395.8,22.83,43.02,40.77,21.54,0.0
2024-01-07 07:30:00,DC_4,20.44,48.84,36.03,37.6,443.4,20.44,48.84,36.03,37.5980786,0.01
2024-01-07 10:00:00,DC_4,23.31,43.67,45.48,29.06,468.2,23.31,43.67,30.48,27.98043415,3.71
2024-01-07 12:30:00,DC_4,23.1,55.739999999999995,47.34,42.39,529.5,23.1,41.8,47.34,42.39,0.0
2024-01-07 15:00:00,DC_4,23.11,49.73,47.89,63.89,688.39,23.11,49.73,32.89,61.57983288,3.62
2024-01-07 17:30:00,DC_4,21.78,57.5,48.5,55.67,632.82,23.28,49.5,33.5,52.75042716,5.24
2024-01-07 20:00:00,DC_4,22.81,49.9,44.4,44.55,641.18,23.31,49.9,30.0,44.00368,1.23
2024-01-07 22:30:00,DC_4,22.08,52.2,47.2,61.81,677.62,23.08,52.2,32.2,59.51477965,3.71
2024-01-08 01:00:00,DC_4,23.05,53.46,49.49,54.14,713.54,23.05,53.46,34.49,52.39678547,3.22
2024-01-08 03:30:00,DC_4,21.09,44.0,47.38,41.97,528.91,22.59,44.0,32.38,39.45857257,5.98
2024-01-08 06:00:00,DC_4,25.4,35.68,34.51,19.57,359.46,25.4,35.68,34.51,19.57,0.0
2024-01-08 08:30:00,DC_4,20.97,46.62,48.02,33.0,426.48,22.97,38.62,33.02,29.39789109,10.92
2024-01-08 11:00:00,DC_4,23.11,49.58,42.69,35.2,539.68,23.11,49.58,30.0,32.24509545,8.39
2024-01-08 13:30:00,DC_4,23.59,53.3,43.79,81.69,821.97,23.59,53.3,43.79,81.68658102,0.0
2024-01-08 16:00:00,DC_4,24.41,58.72,54.21,77.52,850.13,24.41,58.72,54.21,77.52,0.0
2024-01-08 18:30:00,DC_4,22.02,59.67,55.14,74.89,933.47,23.02,59.67,40.14,72.60286011,3.05
2024-01-08 21:00:00,DC_4,22.85,56.31,58.12,87.99,928.99,22.85,56.31,43.12,85.46148918,2.87
2024-01-08 23:30:00,DC_4,23.94,49.45,48.17,62.84,818.37,23.94,49.45,48.17,62.83839721,0.0
2024-01-09 02:00:00,DC_4,21.51,54.61,46.64,50.23,648.08,23.01,46.61,31.64,45.12018402,10.17
2024-01-09 04:30:00,DC_4,27.77,35.12,27.38,19.6,456.33,27.77,35.12,27.38,19.59670959,0.02
2024-01-09 07:00:00,DC_4,24.28,36.43,30.72,17.14,407.85,24.28,36.43,30.72,17.13518241,0.03
2024-01-09 09:30:00,DC_4,22.08,46.06,46.02,33.73,494.13,22.08,38.06,31.02,32.81021315,2.73
2024-01-09 12:00:00,DC_4,25.53,45.41,50.06,57.36,675.74,25.53,45.41,50.06,57.36,0.0
2024-01-09 14:30:00,DC_4,23.0,60.55,49.55,73.87,793.33,23.0,52.55,34.55,70.51521243,4.54
2024-01-09 17:00:00,DC_4,22.49,61.11,59.51,146.15,1194.26,22.49,61.11,59.51,146.15,0.0
2024-01-09 19:30:00,DC_4,24.91,52.46,61.15,121.15,1211.45,24.91,52.46,61.15,121.15,0.0
2024-01-09 22:00:00,DC_4,22.84,50.39,46.58,73.7,815.89,22.84,50.39,46.58,73.69714476,0.0
2024-01-10 00:30:00,DC_4,22.42,49.21,43.11,51.46,672.78,22.92,49.21,30.0,48.84003301,5.09
2024-01-10 03:00:00,DC_4,23.41,50.57,47.13,62.51,716.63,23.41,50.57,47.13,62.51,0.0
2024-01-10 05:30:00,DC_4,22.22,44.76,40.96,29.6,521.6,23.22,44.76,30.0,27.96838024,5.51
2024-01-10 08:00:00,DC_4,20.14,48.34,42.98,29.98,441.79,21.64,33.34,30.0,28.6326936,4.49
2024-01-10 10:30:00,DC_4,25.46,47.85,36.23,37.98,559.26,25.46,47.85,36.23,37.98,0.0
2024-01-10 13:00:00,DC_4,22.64,52.88,51.12,62.61,721.22,23.14,52.88,36.12,60.88506414,2.76
2024-01-10 15:30:00,DC_4,22.6,55.739999999999995,55.89,99.1,952.43,23.1,61.28,40.89,95.74126634,3.39
2024-01-10 18:00:00,DC_4,17.85,69.07,50.9,137.67,1016.59,20.35,54.07,50.95,127.8279437,7.15
2024-01-10 20:30:00,DC_4,24.09,48.71,53.63,68.27,908.99,24.09,48.71,53.63,68.27,0.0
2024-01-10 23:00:00,DC_4,23.5,45.76,56.43,70.24,813.0,23.5,45.76,56.43,70.23849763,0.0
2024-01-11 01:30:00,DC_4,23.57,48.9,39.81,46.91,697.46,23.57,48.9,39.81,46.90715388,0.01
2024-01-11 04:00:00,DC_4,22.75,45.12,37.76,15.56,433.12,22.75,45.12,37.76,15.56,0.0
2024-01-11 06:30:00,DC_4,21.71,37.05,42.38,20.38,361.81,22.71,37.05,30.0,18.83693626,7.57
2024-01-11 09:00:00,DC_4,22.79,39.34,35.56,24.97,442.26,22.79,39.34,35.56,24.97,0.0
2024-01-11 11:30:00,DC_4,22.46,55.739999999999995,48.43,59.27,647.2,22.46,46.75,48.43,59.26736992,0.0
2024-01-11 14:00:00,DC_4,23.38,61.06,49.36,52.31,701.48,23.38,53.06,34.36,49.75262631,4.89
2024-01-11 16:30:00,DC_4,22.41,61.13,59.29,101.03,1045.09,22.41,61.13,44.29,98.74750596,2.26
2024-01-11 19:00:00,DC_4,24.19,63.05,54.31,97.26,1078.64,24.19,63.05,54.31,97.25810629,0.0
2024-01-11 21:30:00,DC_4,22.68,54.19,53.24,89.42,891.03,22.68,54.19,53.24,89.41824818,0.0
2024-01-12 00:00:00,DC_4,23.13,43.16,43.25,40.46,702.2,23.13,43.16,43.25,40.45656187,0.01
2024-01-12 02:30:00,DC_4,25.16,46.8,32.81,33.84,547.97,25.16,46.8,32.81,33.84,0.0
2024-01-12 05:00:00,DC_4,23.44,43.86,37.92,32.9,497.4,23.44,43.86,30.0,32.86856486,0.1
2024-01-12 07:30:00,DC_4,21.65,54.73,42.51,32.98,509.48,22.15,39.73,30.0,31.18826373,5.43
2024-01-12 10:00:00,DC_4,24.3,45.69,46.12,43.91,641.52,24.3,45.69,46.12,43.91,0.0
2024-01-12 12:30:00,DC_4,23.77,54.6,47.6,56.37,713.7,23.77,54.6,32.6,55.31781957,1.87
2024-01-12 15:00:00,DC_4,25.15,55.13,49.31,87.81,895.46,25.15,55.13,49.31,87.81,0.0
2024-01-12 17:30:00,DC_4,24.83,61.63,56.79,138.13,1187.81,24.83,61.63,56.79,138.1265349,0.0
2024-01-12 20:00:00,DC_4,21.86,57.51,49.24,83.88,968.37,22.36,57.51,34.24,80.28520228,4.29
2024-01-12 22:30:00,DC_4,21.47,59.16,52.99,85.26,816.31,21.47,59.16,52.99,85.2574116,0.0
2024-01-13 01:00:00,DC_4,23.73,42.97,38.15,29.16,478.3,23.73,42.97,38.15,29.16,0.0
2024-01-13 03:30:00,DC_4,23.27,45.63,37.58,31.06,420.6,23.27,45.63,30.0,28.84426287,7.13
2024-01-13 06:00:00,DC_4,24.19,39.51,39.97,22.47,420.65,24.19,39.51,39.97,22.46847959,0.01
2024-01-13 08:30:00,DC_4,24.35,32.82,36.4,20.54,411.12,24.35,32.82,36.4,20.54,0.0
2024-01-13 11:00:00,DC_4,24.01,43.39,36.95,36.99,492.65,24.01,43.39,36.95,36.99,0.0
2024-01-13 13:30:00,DC_4,25.13,44.01,40.48,43.76,566.9,25.13,44.01,40.48,43.76,0.0
2024-01-13 16:00:00,DC_4,23.58,58.2,47.68,61.04,708.66,23.58,58.2,47.68,61.04,0.0
2024-01-13 18:30:00,DC_4,27.0,43.15,39.62,34.21,641.65,27.0,43.15,39.62,34.21,0.0
2024-01-13 21:00:00,DC_4,22.03,58.43,47.41,59.4,746.48,23.03,50.43,32.41,55.28951349,6.92
2024-01-13 23:30:00,DC_4,22.48,48.95,43.5,40.29,596.79,23.48,48.95,30.0,39.60996028,1.69
2024-01-14 02:00:00,DC_4,23.52,36.22,38.69,20.04,453.83,23.52,36.22,38.69,20.03923371,0.0
2024-01-14 04:30:00,DC_4,23.01,47.27,35.96,23.07,449.42,23.01,47.27,35.96,23.06533399,0.02
2024-01-14 07:00:00,DC_4,24.19,37.7,28.89,21.1,373.84,24.19,37.7,28.89,21.09534406,0.02
2024-01-14 09:30:00,DC_4,23.98,50.48,42.52,35.46,465.68,23.98,50.48,42.52,35.46,0.0
2024-01-14 12:00:00,DC_4,22.1,54.17,45.32,46.22,558.57,23.1,46.17,30.32,43.93362143,4.95
2024-01-14 14:30:00,DC_4,24.83,46.57,40.1,32.64,534.42,24.83,46.57,40.1,32.63612306,0.01
2024-01-14 17:00:00,DC_4,24.73,44.69,46.13,41.32,650.57,24.73,44.69,46.13,41.32,0.0
2024-01-14 19:30:00,DC_4,24.86,45.91,40.76,60.78,700.08,24.86,45.91,40.76,60.77575742,0.01
2024-01-14 22:00:00,DC_4,21.69,51.32,49.89,55.52,790.56,22.69,51.32,34.89,53.53778544,3.57
2024-01-15 00:30:00,DC_4,21.38,53.88,57.52,74.37,795.45,22.88,53.88,42.52,71.40230715,3.99
2024-01-15 03:00:00,DC_4,21.97,52.24,43.03,26.87,522.65,22.97,44.24,30.0,24.28190252,9.63
2024-01-15 05:30:00,DC_4,21.6,38.91,36.72,26.15,396.75,23.1,38.91,30.0,25.62990305,1.99
2024-01-15 08:00:00,DC_4,23.34,43.89,35.75,24.08,460.45,23.34,43.89,30.0,23.66846887,1.71
2024-01-15 10:30:00,DC_4,23.65,43.2,30.42,32.05,516.12,23.65,43.2,30.42,32.04818115,0.01
2024-01-15 13:00:00,DC_4,23.55,56.02,52.81,58.84,699.33,23.55,56.02,37.81,56.69035854,3.65
2024-01-15 15:30:00,DC_4,21.78,60.93,62.01,107.01,984.56,23.28,60.93,47.01,103.164405,3.59
2024-01-15 18:00:00,DC_4,22.56,60.52,65.97,123.31,1166.6,22.56,60.52,65.97,123.31,0.0
2024-01-15 20:30:00,DC_4,24.37,54.75,50.85,86.67,996.44,24.37,54.75,50.85,86.66692399,0.0
2024-01-15 23:00:00,DC_4,23.01,48.35,54.02,52.31,800.22,23.01,48.35,54.02,52.30921523,0.0
2024-01-16 01:30:00,DC_4,22.07,54.75,37.42,50.47,649.67,22.57,46.75,30.0,48.22303913,4.45
2024-01-16 04:00:00,DC_4,25.05,37.86,29.57,25.38,434.9,25.05,37.86,29.57,25.37649962,0.01
2024-01-16 06:30:00,DC_4,22.66,37.61,38.72,27.76,440.01,22.66,37.61,38.72,27.75965403,0.0
2024-01-16 09:00:00,DC_4,23.2,46.53,44.26,38.3,576.11,23.2,46.53,44.26,38.29853146,0.0
2024-01-16 11:30:00,DC_4,22.52,51.98,43.31,46.93,599.76,22.52,43.98,30.0,45.3798731,3.3
2024-01-16 14:00:00,DC_4,24.82,42.45,38.66,48.25,675.21,24.82,42.45,38.66,48.25,0.0
2024-01-16 16:30:00,DC_4,26.54,50.64,48.32,77.85,914.96,26.54,50.64,48.32,77.85,0.0
2024-01-16 19:00:00,DC_4,27.61,61.51,51.77,88.93,1034.39,27.61,61.51,51.77,88.92633465,0.0
2024-01-16 21:30:00,DC_4,27.36,47.19,51.58,62.39,876.79,27.36,47.19,51.58,62.39,0.0
2024-01-17 00:00:00,DC_4,23.91,54.67,49.6,63.0,708.31,23.91,54.67,49.6,63.0,0.0
2024-01-17 02:30:00,DC_4,24.18,42.1,38.38,35.39,526.25,24.18,42.1,38.38,35.39,0.0
2024-01-17 05:00:00,DC_4,20.94,47.16,37.65,38.63,498.95,22.44,39.16,30.0,36.51524422,5.47
2024-01-17 07:30:00,DC_4,28.53,39.46,27.24,24.33,437.98,28.53,39.46,27.24,24.33,0.0
2024-01-17 10:00:00,DC_4,21.82,56.43,40.37,44.01,542.91,22.32,41.43,30.0,42.41780927,3.62
2024-01-17 12:30:00,DC_4,22.05,61.88,47.03,62.83,684.48,22.55,46.88,32.03,59.26471083,5.67
2024-01-17 15:00:00,DC_4,23.77,57.94,49.44,88.25,904.09,23.77,57.94,34.44,87.25816159,1.12
2024-01-17 17:30:00,DC_4,23.1,58.28,56.95,105.48,1046.78,23.1,58.28,56.95,105.48,0.0
2024-01-17 20:00:00,DC_4,25.09,52.84,51.46,106.69,1033.04,25.09,52.84,51.46,106.689054,0.0
2024-01-17 22:30:00,DC_4,23.11,53.95,48.85,70.13,850.1,23.11,53.95,48.85,70.12741643,0.0
2024-01-18 01:00:00,DC_4,23.68,49.67,44.44,62.87,687.46,23.68,49.67,44.44,62.87,0.0
2024-01-18 03:30:00,DC_4,23.04,41.41,38.69,32.37,552.62,23.04,41.41,38.69,32.36649101,0.01
2024-01-18 06:00:00,DC_4,21.9,48.01,46.25,42.51,575.32,23.4,48.01,31.25,41.22491722,3.02
2024-01-18 08:30:00,DC_4,21.59,42.97,35.48,27.59,398.42,22.09,34.97,30.0,26.20716369,5.01
2024-01-18 11:00:00,DC_4,22.9,45.73,36.92,50.82,631.54,22.9,45.73,30.0,49.00562159,3.57
2024-01-18 13:30:00,DC_4,22.59,54.82,50.64,59.51,682.7,22.59,46.82,35.64,57.74299259,2.97
2024-01-18 16:00:00,DC_4,22.19,64.49,63.19,119.11,976.1,22.69,56.49,48.19,114.4637888,3.9
2024-01-18 18:30:00,DC_4,23.4,58.98,53.32,103.75,947.43,23.4,58.98,53.32,103.75,0.0
2024-01-18 21:00:00,DC_4,22.14,49.29,48.29,83.67,878.99,22.14,49.29,48.29,83.67,0.0
2024-01-18 23:30:00,DC_4,22.98,58.94,56.86,107.9,1114.99,22.98,58.94,56.86,107.8988663,0.0
2024-01-19 02:00:00,DC_4,21.94,47.78,42.9,42.94,634.4,22.94,47.78,30.0,41.28143673,3.86
2024-01-19 04:30:00,DC_4,24.99,44.53,33.65,25.34,500.13,24.99,44.53,33.65,25.34,0.0
2024-01-19 07:00:00,DC_4,25.46,37.96,34.89,22.61,405.28,25.46,37.96,34.89,22.61,0.0
2024-01-19 09:30:00,DC_4,21.27,53.7,43.51,40.92,479.43,22.27,38.7,30.0,37.59960081,8.11
2024-01-19 12:00:00,DC_4,22.63,51.51,42.9,48.81,571.28,22.63,43.51,30.0,47.24866428,3.2
2024-01-19 14:30:00,DC_4,21.49,54.92,57.52,71.57,800.28,22.99,54.92,42.52,69.05851916,3.51
2024-01-19 17:00:00,DC_4,22.68,61.04,54.31,119.91,1093.56,22.68,61.04,54.31,119.91,0.0
2024-01-19 19:30:00,DC_4,22.78,55.28,56.05,98.91,925.36,22.78,55.28,56.05,98.91,0.0
2024-01-19 22:00:00,DC_4,23.08,53.79,50.29,66.24,909.15,23.08,53.79,50.29,66.24,0.0
2024-01-20 00:30:00,DC_4,21.61,52.35,43.48,55.74,619.41,22.61,44.35,30.0,53.2922096,4.39
2024-01-20 03:00:00,DC_4,22.61,42.22,39.17,22.19,462.08,22.61,42.22,39.17,22.19,0.0
2024-01-20 05:30:00,DC_4,22.8,48.62,38.03,27.5,355.84,23.3,40.62,30.0,25.72691124,6.45
2024-01-20 08:00:00,DC_4,22.58,43.95,34.65,19.05,366.9,23.08,35.95,30.0,18.92978368,0.63
2024-01-20 10:30:00,DC_4,21.26,45.52,43.97,41.71,501.85,21.76,37.52,30.0,39.57479614,5.12
2024-01-20 13:00:00,DC_4,22.61,41.35,43.22,51.8,581.33,22.61,41.35,43.22,51.79994276,0.0
2024-01-20 15:30:00,DC_4,23.24,52.31,44.38,57.87,653.26,23.24,52.31,30.0,56.21730259,2.86
2024-01-20 18:00:00,DC_4,25.58,43.49,40.35,54.24,736.27,25.58,43.49,40.35,54.24,0.0
2024-01-20 20:30:00,DC_4,24.35,47.99,44.36,56.02,715.43,24.35,47.99,44.36,56.02,0.0
2024-01-20 23:00:00,DC_4,26.06,45.22,41.11,34.1,674.7,26.06,45.22,41.11,34.0954597,0.01
2024-01-21 01:30:00,DC_4,24.26,38.68,39.75,22.32,557.99,24.26,38.68,39.75,22.32,0.0
2024-01-21 04:00:00,DC_4,23.08,47.43,40.18,29.14,464.32,23.08,47.43,30.0,28.62107797,1.78
2024-01-21 06:30:00,DC_4,24.42,52.5,30.49,30.61,491.76,24.42,52.5,30.49,30.61,0.0
2024-01-21 09:00:00,DC_4,22.09,43.93,37.55,27.75,433.53,22.09,35.93,30.0,27.50614339,0.88
2024-01-21 11:30:00,DC_4,21.56,47.6,43.65,43.3,494.59,22.56,39.6,30.0,42.53794652,1.76
2024-01-21 14:00:00,DC_4,25.21,45.9,50.04,57.21,637.75,25.21,45.9,50.04,57.2060814,0.01
2024-01-21 16:30:00,DC_4,20.38,53.09,49.39,64.41,647.77,22.38,45.09,34.39,61.05421958,5.21
2024-01-21 19:00:00,DC_4,23.75,54.75,40.99,79.26,737.33,23.75,54.75,40.99,79.26,0.0
2024-01-21 21:30:00,DC_4,22.87,47.28,48.35,60.69,713.33,22.87,47.28,48.35,60.68810562,0.0
2024-01-22 00:00:00,DC_4,20.6,57.08,47.68,54.59,738.09,22.6,49.08,32.68,50.94843736,6.67
2024-01-22 02:30:00,DC_4,21.49,48.9,40.0,37.2,546.25,22.49,40.9,30.0,34.01672407,8.56
2024-01-22 05:00:00,DC_4,21.52,53.37,34.89,25.86,440.02,23.02,38.37,30.0,22.32240285,13.68
2024-01-22 07:30:00,DC_4,24.54,39.96,38.75,24.34,397.11,24.54,39.96,38.75,24.34,0.0
2024-01-22 10:00:00,DC_4,25.02,50.63,33.23,21.54,479.95,25.02,50.63,33.23,21.54,0.0
2024-01-22 12:30:00,DC_4,22.19,43.82,52.26,59.07,630.27,22.19,43.82,52.26,59.06810819,0.0
2024-01-22 15:00:00,DC_4,24.68,55.739999999999995,52.57,86.17,917.42,24.68,50.38,52.57,86.16740028,0.0
2024-01-22 17:30:00,DC_4,17.03,69.17,67.16,135.78,999.06,19.53,54.17,52.16,124.9439628,7.98
2024-01-22 20:00:00,DC_4,26.83,50.39,45.07,73.97,938.99,26.83,50.39,45.07,73.9685903,0.0
2024-01-22 22:30:00,DC_4,22.14,45.83,49.24,80.54,849.33,22.14,45.83,49.24,80.54,0.0
2024-01-23 01:00:00,DC_4,21.27,43.57,42.24,50.71,661.73,22.27,43.57,30.0,47.9948672,5.35
2024-01-23 03:30:00,DC_4,23.43,36.82,45.74,39.85,517.22,23.43,36.82,45.74,39.85,0.0
2024-01-23 06:00:00,DC_4,19.87,44.44,40.58,32.67,445.66,22.37,36.44,30.0,29.96369049,8.28
2024-01-23 08:30:00,DC_4,23.92,41.76,43.36,25.63,435.3,23.92,41.76,43.36,25.62706411,0.01
2024-01-23 11:00:00,DC_4,20.42,48.3,51.63,44.32,495.15,22.42,40.3,36.63,39.57028898,10.72
2024-01-23 13:30:00,DC_4,23.31,51.73,46.32,59.52,700.63,23.31,51.73,31.32,58.45448192,1.79
2024-01-23 16:00:00,DC_4,22.29,63.66,54.19,98.25,960.29,22.29,63.66,54.19,98.24601584,0.0
2024-01-23 18:30:00,DC_4,23.93,61.08,51.36,114.41,1137.07,23.93,61.08,51.36,114.4084628,0.0
2024-01-23 21:00:00,DC_4,21.59,65.32,55.39,84.4,883.85,23.09,57.32,40.39,81.18522024,3.81
2024-01-23 23:30:00,DC_4,22.33,64.78,47.08,57.98,772.0,22.33,49.78,32.08,55.0906776,4.98
2024-01-24 02:00:00,DC_4,23.9,55.89,33.42,31.13,565.69,23.9,47.89,30.0,29.66680864,4.7
2024-01-24 04:30:00,DC_4,20.61,45.32,43.39,33.49,473.1,22.11,37.32,30.0,30.3695717,9.32
2024-01-24 07:00:00,DC_4,23.67,34.57,34.51,24.17,411.52,23.67,34.57,34.51,24.16762356,0.01
2024-01-24 09:30:00,DC_4,23.26,43.53,39.34,39.03,521.53,23.26,43.53,39.34,39.02660438,0.01
2024-01-24 12:00:00,DC_4,23.12,56.2,44.56,49.55,644.87,23.12,48.2,30.0,47.05652135,5.03
2024-01-24 14:30:00,DC_4,23.01,52.24,49.95,63.71,806.42,23.01,52.24,49.95,63.71,0.0
2024-01-24 17:00:00,DC_4,21.71,64.24,62.75,108.08,1082.93,23.21,64.24,47.75,105.0399051,2.81
2024-01-24 19:30:00,DC_4,23.99,63.6,45.15,81.51,1018.47,23.99,63.6,45.15,81.50526939,0.01
2024-01-24 22:00:00,DC_4,23.13,52.09,52.48,70.34,800.37,23.13,52.09,52.48,70.34,0.0
2024-01-25 00:30:00,DC_4,22.39,42.74,36.19,43.81,663.1,22.39,42.74,36.19,43.81,0.0
2024-01-25 03:00:00,DC_4,22.05,48.79,37.27,35.16,556.83,22.05,48.79,37.27,35.15637994,0.01
2024-01-25 05:30:00,DC_4,23.83,36.92,43.01,23.74,406.84,23.83,36.92,43.01,23.74,0.0
2024-01-25 08:00:00,DC_4,22.78,40.17,38.34,36.84,454.93,22.78,40.17,30.0,36.25548723,1.59
2024-01-25 10:30:00,DC_4,24.6,42.89,38.88,42.19,501.96,24.6,42.89,38.88,42.18728036,0.01
2024-01-25 13:00:00,DC_4,25.01,52.62,49.41,74.6,842.15,25.01,52.62,49.41,74.6,0.0
2024-01-25 15:30:00,DC_4,23.81,57.88,54.66,99.17,929.64,23.81,57.88,54.66,99.17,0.0
2024-01-25 18:00:00,DC_4,23.41,61.16,62.05,117.05,1128.23,23.41,61.16,62.05,117.05,0.0
2024-01-25 20:30:00,DC_4,23.54,57.51,44.0,70.69,915.59,23.54,57.51,30.0,70.46013222,0.33
2024-01-25 23:00:00,DC_4,23.5,54.48,51.11,66.98,783.25,23.5,54.48,36.11,65.90599282,1.6
2024-01-26 01:30:00,DC_4,23.28,44.14,39.33,41.64,630.44,23.28,44.14,39.33,41.63798237,0.0
2024-01-26 04:00:00,DC_4,22.48,48.79,44.29,41.31,522.44,23.48,48.79,30.0,40.27814502,2.5
2024-01-26 06:30:00,DC_4,23.57,46.12,41.46,25.44,442.16,23.57,46.12,30.0,24.36166286,4.24
2024-01-26 09:00:00,DC_4,19.83,50.36,49.41,40.3,435.93,22.33,35.36,34.41,34.49264564,14.41
2024-01-26 11:30:00,DC_4,24.72,38.59,35.72,33.06,545.93,24.72,38.59,35.72,33.05764476,0.01
2024-01-26 14:00:00,DC_4,21.84,59.5,48.72,81.13,794.37,22.34,51.5,33.72,76.83682068,5.29
2024-01-26 16:30:00,DC_4,22.57,60.66,55.66,125.05,1083.95,22.57,60.66,40.66,124.7209811,0.26
2024-01-26 19:00:00,DC_4,22.9,61.12,50.92,97.07,1035.63,22.9,61.12,35.92,94.23223295,2.92
2024-01-26 21:30:00,DC_4,24.29,47.78,50.57,47.05,769.85,24.29,47.78,50.57,47.04608044,0.01
2024-01-27 00:00:00,DC_4,24.33,42.01,43.3,39.67,534.35,24.33,42.01,43.3,39.67,0.0
2024-01-27 02:30:00,DC_4,21.91,48.09,43.54,36.32,469.62,21.91,48.09,43.54,36.32,0.0
2024-01-27 05:00:00,DC_4,22.09,42.53,46.25,29.04,431.75,23.09,42.53,31.25,26.11469229,10.07
2024-01-27 07:30:00,DC_4,23.6,35.58,42.84,18.82,401.32,23.6,35.58,42.84,18.82,0.0
2024-01-27 10:00:00,DC_4,23.01,45.5,37.72,45.54,540.06,23.01,45.5,37.72,45.54,0.0
2024-01-27 12:30:00,DC_4,22.06,46.99,39.86,42.93,515.73,22.06,46.99,39.86,42.93,0.0
2024-01-27 15:00:00,DC_4,22.61,49.87,52.7,65.73,726.76,22.61,49.87,52.7,65.72658669,0.01
2024-01-27 17:30:00,DC_4,23.08,55.29,48.03,64.64,729.45,23.08,55.29,33.03,63.29921508,2.07
2024-01-27 20:00:00,DC_4,23.91,55.47,42.14,56.86,713.22,23.91,55.47,42.14,56.85966342,0.0
2024-01-27 22:30:00,DC_4,21.46,46.56,45.46,49.85,619.77,22.96,46.56,30.46,48.02286001,3.67
2024-01-28 01:00:00,DC_4,23.06,52.84,45.98,49.11,643.35,23.06,52.84,30.98,48.99076066,0.24
2024-01-28 03:30:00,DC_4,21.48,51.09,40.54,37.43,440.53,21.98,36.09,30.0,34.13786013,8.8
2024-01-28 06:00:00,DC_4,23.55,45.76,42.71,40.67,510.48,23.55,45.76,30.0,40.44028612,0.56
2024-01-28 08:30:00,DC_4,23.8,41.24,39.3,21.48,389.91,23.8,41.24,30.0,20.9964764,2.25
2024-01-28 11:00:00,DC_4,18.14,54.96,51.53,51.67,475.98,20.64,39.96,36.53,48.49897818,6.14
2024-01-28 13:30:00,DC_4,25.99,49.44,42.77,55.23,709.68,25.99,49.44,42.77,55.22602191,0.01
2024-01-28 16:00:00,DC_4,25.29,50.7,51.36,61.9,731.57,25.29,50.7,51.36,61.9,0.0
2024-01-28 18:30:00,DC_4,23.99,49.89,51.92,53.3,773.65,23.99,49.89,51.92,53.3,0.0
2024-01-28 21:00:00,DC_4,22.19,49.62,48.67,60.16,661.13,23.19,49.62,33.67,57.39005789,4.6
2024-01-28 23:30:00,DC_4,22.89,44.55,43.5,33.2,608.28,22.89,44.55,43.5,33.2,0.0
2024-01-29 02:00:00,DC_4,23.15,49.69,40.4,55.72,635.77,23.15,49.69,30.0,54.32186867,2.51
2024-01-29 04:30:00,DC_4,22.97,44.51,35.14,23.13,421.26,22.97,44.51,35.14,23.12916377,0.0
2024-01-29 07:00:00,DC_4,22.68,42.46,36.02,27.28,445.56,22.68,42.46,36.02,27.27655613,0.01
2024-01-29 09:30:00,DC_4,24.61,51.51,39.95,27.8,542.15,24.61,51.51,30.0,27.5276437,0.98
2024-01-29 12:00:00,DC_4,28.3,42.36,45.64,40.89,591.62,28.3,42.36,45.64,40.88714072,0.01
2024-01-29 14:30:00,DC_4,23.12,57.03,51.85,102.57,1053.77,23.12,57.03,51.85,102.57,0.0
2024-01-29 17:00:00,DC_4,22.09,67.68,48.86,104.95,1037.65,22.59,59.68,33.86,101.0283623,3.74
2024-01-29 19:30:00,DC_4,22.79,58.15,53.33,93.37,959.64,22.79,58.15,38.33,92.6602753,0.76
2024-01-29 22:00:00,DC_4,23.25,54.73,44.42,95.09,964.81,23.25,54.73,44.42,95.08893492,0.0
2024-01-30 00:30:00,DC_4,25.65,46.49,37.23,47.36,677.48,25.65,46.49,37.23,47.36,0.0
2024-01-30 03:00:00,DC_4,24.22,46.48,41.2,36.44,576.89,24.22,46.48,41.2,36.44,0.0
2024-01-30 05:30:00,DC_4,22.93,47.29,43.95,25.02,416.88,22.93,47.29,43.95,25.0197071,0.0
2024-01-30 08:00:00,DC_4,23.17,46.18,37.96,27.24,451.55,23.17,46.18,37.96,27.24,0.0
2024-01-30 10:30:00,DC_4,22.94,45.55,43.0,36.9,477.47,23.44,45.55,30.0,35.36406146,4.16
2024-01-30 13:00:00,DC_4,23.54,48.25,52.02,72.28,784.12,23.54,48.25,52.02,72.28,0.0
2024-01-30 15:30:00,DC_4,21.37,66.63,55.0,113.68,957.34,22.87,58.63,40.0,107.1457598,5.75
2024-01-30 18:00:00,DC_4,23.01,63.15,56.88,128.51,1129.58,23.01,63.15,56.88,128.51,0.0
2024-01-30 20:30:00,DC_4,23.3,54.5,56.33,69.36,916.38,23.3,54.5,56.33,69.35795349,0.0
2024-01-30 23:00:00,DC_4,22.18,49.1,48.84,65.7,810.1,22.18,49.1,48.84,65.7,0.0
2024-01-31 01:30:00,DC_4,22.38,56.34,44.21,47.86,667.25,22.38,48.34,30.0,45.84535651,4.21
2024-01-31 04:00:00,DC_4,23.78,38.38,29.94,23.58,453.46,23.78,38.38,29.94,23.58,0.0
2024-01-31 06:30:00,DC_4,19.61,48.08,42.31,27.14,403.97,22.11,33.08,30.0,26.4494747,2.54
2024-01-31 09:00:00,DC_4,20.42,46.1,45.12,38.84,490.5,21.92,38.1,30.12,37.299821,3.97
2024-01-31 11:30:00,DC_4,24.57,48.52,40.08,41.69,564.85,24.57,48.52,40.08,41.68813952,0.0
2024-01-31 14:00:00,DC_4,23.52,54.81,41.9,67.4,713.92,23.52,54.81,30.0,65.05839843,3.47
2024-01-31 16:30:00,DC_4,23.32,58.61,47.72,80.44,933.78,23.32,58.61,47.72,80.43526695,0.01
2024-01-31 19:00:00,DC_4,22.16,56.88,54.74,101.43,963.22,22.66,56.88,39.74,99.75494372,1.65
2024-01-31 21:30:00,DC_4,22.42,60.62,50.33,80.5,902.39,23.42,60.62,35.33,78.12393825,2.95
2024-02-01 00:00:00,DC_4,23.85,43.77,43.28,59.54,721.02,23.85,43.77,43.28,59.54,0.0
2024-02-01 02:30:00,DC_4,22.65,49.34,40.48,47.55,617.91,23.15,49.34,30.0,46.85535724,1.46
2024-02-01 05:00:00,DC_4,22.66,39.36,44.2,34.64,519.77,22.66,39.36,44.2,34.6389589,0.0
2024-02-01 07:30:00,DC_4,24.25,40.59,37.47,27.28,435.73,24.25,40.59,37.47,27.27888462,0.0
2024-02-01 10:00:00,DC_4,22.4,42.17,50.69,45.86,532.12,22.9,42.17,35.69,44.78829303,2.34
2024-02-01 12:30:00,DC_4,24.12,53.23,48.15,65.21,729.46,24.12,53.23,48.15,65.21,0.0
2024-02-01 15:00:00,DC_4,27.96,56.33,43.45,55.62,783.7,27.96,56.33,43.45,55.6198959,0.0
2024-02-01 17:30:00,DC_4,22.39,65.66,64.32,144.31,1170.72,22.39,65.66,49.32,142.9690418,0.93
2024-02-01 20:00:00,DC_4,23.3,63.06,51.15,118.65,1129.73,23.3,63.06,51.15,118.6454957,0.0
2024-02-01 22:30:00,DC_4,23.05,50.66,49.06,80.23,845.64,23.05,50.66,49.06,80.23,0.0
2024-02-02 01:00:00,DC_4,21.91,51.38,44.47,58.12,695.42,23.41,51.38,30.0,56.35848531,3.03
2024-02-02 03:30:00,DC_4,23.22,31.14,36.72,25.79,500.61,23.22,31.14,36.72,25.79,0.0
2024-02-02 06:00:00,DC_4,16.71,49.78,47.64,41.98,433.67,19.21,34.78,32.64,39.7926338,5.21
2024-02-02 08:30:00,DC_4,23.96,46.74,33.04,28.16,453.18,23.96,46.74,30.0,28.08815698,0.26
2024-02-02 11:00:00,DC_4,23.59,41.3,42.16,35.8,574.27,23.59,41.3,42.16,35.8,0.0
2024-02-02 13:30:00,DC_4,23.06,49.6,48.26,69.29,779.37,23.06,49.6,48.26,69.29,0.0
2024-02-02 16:00:00,DC_4,24.31,56.99,60.39,115.08,1086.28,24.31,56.99,60.39,115.0799131,0.0
2024-02-02 18:30:00,DC_4,24.65,62.28,50.89,122.57,1072.55,24.65,62.28,50.89,122.57,0.0
2024-02-02 21:00:00,DC_4,23.0,54.51,51.0,92.19,952.6,23.0,54.51,51.0,92.18729457,0.0
2024-02-02 23:30:00,DC_4,23.15,52.16,47.79,50.39,772.13,23.15,52.16,47.79,50.39,0.0
2024-02-03 02:00:00,DC_4,21.76,53.71,45.3,56.36,576.14,23.26,45.71,30.3,52.30485934,7.2
2024-02-03 04:30:00,DC_4,24.18,47.1,36.96,30.83,451.84,24.18,47.1,30.0,29.07340303,5.7
2024-02-03 07:00:00,DC_4,22.59,45.15,33.61,24.98,409.57,22.59,37.15,30.0,24.78556566,0.78
2024-02-03 09:30:00,DC_4,23.74,39.53,40.87,25.67,454.6,23.74,39.53,40.87,25.66941638,0.0
2024-02-03 12:00:00,DC_4,24.63,45.1,35.84,29.63,456.68,24.63,45.1,35.84,29.62784022,0.01
2024-02-03 14:30:00,DC_4,20.51,58.52,50.99,73.63,741.64,23.01,50.52,35.99,70.47589489,4.28
2024-02-03 17:00:00,DC_4,24.84,48.64,50.21,49.17,742.13,24.84,48.64,50.21,49.16747129,0.01
2024-02-03 19:30:00,DC_4,22.37,53.46,53.34,57.72,754.51,22.87,53.46,38.34,55.79177324,3.34
2024-02-03 22:00:00,DC_4,21.03,60.39,52.34,58.2,679.48,22.53,45.39,37.34,53.73476043,7.67
2024-02-04 00:30:00,DC_4,23.76,43.47,34.95,35.57,588.09,23.76,43.47,34.95,35.56637869,0.01
2024-02-04 03:00:00,DC_4,23.74,41.15,47.14,30.76,463.87,23.74,41.15,47.14,30.76,0.0
2024-02-04 05:30:00,DC_4,20.88,51.21,45.91,27.4,392.54,22.38,36.21,30.91,24.07964098,12.12
2024-02-04 08:00:00,DC_4,20.54,42.47,39.77,24.3,422.95,22.04,34.47,30.0,22.5670378,7.13
2024-02-04 10:30:00,DC_4,22.47,46.17,40.72,32.84,470.67,22.47,38.17,30.0,29.56701038,9.97
2024-02-04 13:00:00,DC_4,24.97,40.89,35.58,30.7,534.89,24.97,40.89,35.58,30.69664975,0.01
2024-02-04 15:30:00,DC_4,23.2,44.83,44.3,65.59,723.48,23.2,44.83,44.3,65.58666438,0.01
2024-02-04 18:00:00,DC_4,23.81,48.01,55.49,62.12,775.8,23.81,48.01,55.49,62.12,0.0
2024-02-04 20:30:00,DC_4,21.56,57.59,46.32,64.44,736.37,22.56,49.59,31.32,61.97887401,3.82
2024-02-04 23:00:00,DC_4,16.8,65.77,53.78,91.74,753.14,19.3,50.77,38.78,85.10730382,7.23
2024-02-05 01:30:00,DC_4,22.26,51.87,46.9,55.01,720.23,23.26,51.87,31.9,53.19102914,3.31
2024-02-05 04:00:00,DC_4,20.53,50.43,44.55,31.57,472.17,21.53,35.43,30.0,30.05543605,4.8
2024-02-05 06:30:00,DC_4,25.28,41.26,33.09,16.06,427.98,25.28,41.26,33.09,16.05805137,0.01
2024-02-05 09:00:00,DC_4,23.62,38.34,31.55,26.45,393.12,23.62,38.34,31.55,26.45,0.0
2024-02-05 11:30:00,DC_4,21.96,55.45,46.88,57.27,631.76,22.96,47.45,31.88,54.19769342,5.36
2024-02-05 14:00:00,DC_4,21.3,60.35,53.91,96.07,843.03,22.8,52.35,38.91,91.36853665,4.89
2024-02-05 16:30:00,DC_4,25.89,56.17,53.86,77.48,983.35,25.89,56.17,53.86,77.48,0.0
2024-02-05 19:00:00,DC_4,23.17,61.41,51.66,97.22,1062.34,23.17,61.41,51.66,97.21616955,0.0
2024-02-05 21:30:00,DC_4,23.19,53.38,45.58,62.92,939.14,23.19,53.38,45.58,62.91515601,0.01
2024-02-06 00:00:00,DC_4,22.04,48.83,44.96,44.94,627.68,23.04,48.83,30.0,44.77500958,0.37
2024-02-06 02:30:00,DC_4,22.96,41.74,39.27,27.03,490.23,22.96,41.74,39.27,27.02801611,0.01
2024-02-06 05:00:00,DC_4,23.07,41.68,42.24,29.27,475.55,23.07,41.68,30.0,28.01860056,4.28
2024-02-06 07:30:00,DC_4,21.12,44.54,40.27,26.38,422.99,22.62,36.54,30.0,25.47598443,3.43
2024-02-06 10:00:00,DC_4,21.64,47.65,45.81,31.55,455.26,22.64,39.65,30.81,28.57312871,9.44
2024-02-06 12:30:00,DC_4,25.34,47.82,41.82,46.59,673.66,25.34,47.82,41.82,46.5881038,0.0
2024-02-06 15:00:00,DC_4,17.57,68.7,60.62,97.43,894.52,20.07,53.7,45.62,89.22031795,8.43
2024-02-06 17:30:00,DC_4,24.73,62.37,54.51,124.95,1120.39,24.73,62.37,54.51,124.9473567,0.0
2024-02-06 20:00:00,DC_4,21.17,60.77,52.44,89.85,987.5,21.17,52.77,37.44,86.67104935,3.54
2024-02-06 22:30:00,DC_4,22.09,53.28,52.81,90.44,860.26,22.09,53.28,37.81,85.6634349,5.28
2024-02-07 01:00:00,DC_4,26.91,46.96,38.86,36.86,694.51,26.91,46.96,38.86,36.86,0.0
2024-02-07 03:30:00,DC_4,23.31,45.67,39.79,30.06,514.6,23.31,45.67,30.0,28.17906956,6.26
2024-02-07 06:00:00,DC_4,21.6,39.12,42.79,20.84,370.32,21.6,31.12,30.0,19.79670343,5.01
2024-02-07 08:30:00,DC_4,20.33,49.41,48.95,36.8,436.42,22.83,41.41,33.95,34.38036237,6.58
2024-02-07 11:00:00,DC_4,23.05,52.98,41.43,33.27,573.12,23.05,44.98,30.0,31.67563755,4.79
2024-02-07 13:30:00,DC_4,23.26,50.55,46.73,57.14,631.46,23.26,50.55,31.73,55.71486016,2.49
2024-02-07 16:00:00,DC_4,22.44,65.02,52.18,117.21,1038.31,22.44,57.02,37.18,113.6227833,3.06
2024-02-07 18:30:00,DC_4,23.66,61.84,55.85,126.56,1192.68,23.66,61.84,55.85,126.5562151,0.0
2024-02-07 21:00:00,DC_4,24.81,46.96,48.95,67.01,911.66,24.81,46.96,48.95,67.01,0.0
2024-02-07 23:30:00,DC_4,24.0,51.81,45.99,54.47,871.67,24.0,51.81,45.99,54.47,0.0
2024-02-08 02:00:00,DC_4,23.56,51.5,40.19,45.01,626.61,23.56,51.5,40.19,45.01,0.0
2024-02-08 04:30:00,DC_4,22.18,52.33,39.96,34.66,490.01,23.18,44.33,30.0,34.14266778,1.49
2024-02-08 07:00:00,DC_4,22.27,43.69,40.69,30.15,420.97,22.27,35.69,30.0,28.76400129,4.6
2024-02-08 09:30:00,DC_4,21.67,41.18,39.95,39.15,456.68,23.17,41.18,30.0,39.03467844,0.29
2024-02-08 12:00:00,DC_4,20.93,58.3,46.24,81.75,831.88,21.93,50.3,31.24,77.67777403,4.98
2024-02-08 14:30:00,DC_4,22.43,50.12,48.12,85.27,895.24,22.43,50.12,48.12,85.2693412,0.0
2024-02-08 17:00:00,DC_4,28.4,52.79,48.26,96.88,956.58,28.4,52.79,48.26,96.87584902,0.0
2024-02-08 19:30:00,DC_4,24.16,50.29,50.73,74.47,935.15,24.16,50.29,50.73,74.47,0.0
2024-02-08 22:00:00,DC_4,27.59,51.71,43.22,78.46,852.72,27.59,51.71,43.22,78.45696466,0.0
2024-02-09 00:30:00,DC_4,23.56,45.71,38.94,46.11,751.22,23.56,45.71,38.94,46.10672661,0.01
2024-02-09 03:00:00,DC_4,22.78,44.79,40.27,33.36,537.7,22.78,44.79,30.0,32.40481839,2.86
2024-02-09 05:30:00,DC_4,21.6,44.77,42.67,28.73,377.99,23.1,36.77,30.0,25.00362461,12.97
2024-02-09 08:00:00,DC_4,24.65,35.41,35.44,23.28,407.22,24.65,35.41,35.44,23.28,0.0
2024-02-09 10:30:00,DC_4,23.45,44.06,41.68,31.01,474.64,23.45,44.06,41.68,31.00724238,0.01
2024-02-09 13:00:00,DC_4,21.78,57.08,48.81,75.65,819.61,22.28,49.08,33.81,71.9921869,4.84
2024-02-09 15:30:00,DC_4,20.44,61.3,55.5,107.28,938.58,22.94,61.3,40.5,100.5525973,6.27
2024-02-09 18:00:00,DC_4,23.86,63.95,64.25,132.36,1166.5,23.86,63.95,64.25,132.3576522,0.0
2024-02-09 20:30:00,DC_4,23.99,46.67,55.0,79.54,995.68,23.99,46.67,55.0,79.54,0.0
2024-02-09 23:00:00,DC_4,23.2,61.09,48.35,74.24,804.24,23.2,61.09,33.35,73.36568769,1.18
2024-02-10 01:30:00,DC_4,20.58,52.83,37.16,34.08,517.31,21.58,37.83,30.0,32.44493247,4.8
2024-02-10 04:00:00,DC_4,23.47,44.19,31.77,20.64,419.22,23.47,44.19,31.77,20.63561138,0.02
2024-02-10 06:30:00,DC_4,23.27,41.14,38.58,21.95,387.17,23.27,41.14,30.0,20.97380781,4.45
2024-02-10 09:00:00,DC_4,23.77,42.4,39.41,22.42,397.02,23.77,42.4,30.0,21.73464679,3.06
2024-02-10 11:30:00,DC_4,22.63,45.53,42.02,23.14,417.43,23.13,37.53,30.0,20.78155081,10.19
2024-02-10 14:00:00,DC_4,20.69,54.67,47.98,48.84,538.22,23.19,46.67,32.98,45.40445239,7.03
2024-02-10 16:30:00,DC_4,22.74,56.12,55.52,70.55,739.05,22.74,56.12,55.52,70.55,0.0
2024-02-10 19:00:00,DC_4,25.13,45.06,45.58,53.47,756.99,25.13,45.06,45.58,53.47,0.0
2024-02-10 21:30:00,DC_4,23.38,45.67,43.22,51.88,642.66,23.38,45.67,43.22,51.88,0.0
2024-02-11 00:00:00,DC_4,22.6,46.97,47.98,41.1,617.17,22.6,46.97,32.98,39.31896926,4.33
2024-02-11 02:30:00,DC_4,22.58,50.82,41.41,36.27,554.05,22.58,42.82,30.0,33.77723164,6.87
2024-02-11 05:00:00,DC_4,28.95,39.42,34.65,13.26,384.86,28.95,39.42,34.65,13.25844207,0.01
2024-02-11 07:30:00,DC_4,17.17,47.79,43.32,41.22,449.72,19.67,32.79,30.0,38.70140644,6.11
2024-02-11 10:00:00,DC_4,22.46,45.06,41.72,31.94,393.09,22.46,45.06,41.72,31.94,0.0
2024-02-11 12:30:00,DC_4,21.9,53.38,45.19,49.21,575.98,23.4,45.38,30.19,46.85133142,4.79
2024-02-11 15:00:00,DC_4,22.5,44.74,49.93,59.52,628.5,22.5,44.74,34.93,59.30055272,0.37
2024-02-11 17:30:00,DC_4,22.37,54.28,49.44,55.42,691.18,22.37,54.28,49.44,55.41578429,0.01
2024-02-11 20:00:00,DC_4,22.18,56.37,46.48,84.01,817.0,23.18,56.37,31.48,82.85030606,1.38
2024-02-11 22:30:00,DC_4,23.14,39.1,44.67,42.45,709.02,23.14,39.1,44.67,42.44626102,0.01
2024-02-12 01:00:00,DC_4,23.09,43.49,45.14,51.74,794.51,23.09,43.49,45.14,51.74,0.0
2024-02-12 03:30:00,DC_4,27.29,33.75,33.86,24.73,517.51,27.29,33.75,33.86,24.72891667,0.0
2024-02-12 06:00:00,DC_4,22.7,45.94,38.58,28.98,459.46,23.2,45.94,30.0,28.79528999,0.64
2024-02-12 08:30:00,DC_4,22.65,46.08,37.78,30.59,473.27,23.15,46.08,30.0,28.69001701,6.21
2024-02-12 11:00:00,DC_4,21.28,51.25,47.98,48.52,650.34,21.78,43.25,32.98,46.44763207,4.27
2024-02-12 13:30:00,DC_4,19.56,61.63,52.14,59.42,683.62,22.06,46.63,37.14,51.86366967,12.72
2024-02-12 16:00:00,DC_4,22.22,58.86,54.63,86.59,877.06,22.22,50.86,39.63,84.80621311,2.06
2024-02-12 18:30:00,DC_4,23.69,53.27,54.32,90.23,947.77,23.69,53.27,54.32,90.22543309,0.01
2024-02-12 21:00:00,DC_4,22.53,53.2,46.61,82.03,877.97,22.53,53.2,46.61,82.02544286,0.01
2024-02-12 23:30:00,DC_4,26.84,47.4,44.99,38.93,750.35,26.84,47.4,44.99,38.92954367,0.0
2024-02-13 02:00:00,DC_4,23.65,38.5,44.71,37.22,568.56,23.65,38.5,44.71,37.22,0.0
2024-02-13 04:30:00,DC_4,21.48,46.39,50.9,36.02,458.08,22.98,38.39,30.0,33.68798778,6.47
2024-02-13 07:00:00,DC_4,18.49,47.73,40.68,35.54,433.16,20.99,32.73,30.0,32.60078437,8.27
2024-02-13 09:30:00,DC_4,22.92,44.06,41.2,34.99,467.73,23.42,44.06,30.0,32.33934363,7.58
2024-02-13 12:00:00,DC_4,23.38,46.27,41.25,36.04,551.52,23.38,46.27,30.0,35.43061805,1.69
2024-02-13 14:30:00,DC_4,27.37,49.46,42.57,41.83,723.23,27.37,49.46,42.57,41.83,0.0
2024-02-13 17:00:00,DC_4,25.83,57.66,45.56,86.9,1041.88,25.83,57.66,45.56,86.89792546,0.0
2024-02-13 19:30:00,DC_4,22.86,56.38,56.4,98.46,953.8,22.86,56.38,56.4,98.46,0.0
2024-02-13 22:00:00,DC_4,22.45,62.87,52.84,120.75,1137.29,22.45,62.87,52.84,120.7478487,0.0
2024-02-14 00:30:00,DC_4,21.01,56.49,44.26,54.05,723.8,22.51,48.49,30.0,52.65348759,2.58
2024-02-14 03:00:00,DC_4,20.81,54.06,49.92,43.75,554.36,22.81,46.06,34.92,40.08588365,8.38
2024-02-14 05:30:00,DC_4,24.66,38.07,45.33,33.24,483.61,24.66,38.07,45.33,33.23539795,0.01
2024-02-14 08:00:00,DC_4,21.81,41.38,46.39,36.49,441.12,23.31,41.38,31.39,34.26620082,6.09
2024-02-14 10:30:00,DC_4,22.09,40.13,47.04,44.44,522.53,22.59,40.13,32.04,43.57063291,1.96
2024-02-14 13:00:00,DC_4,22.11,54.83,48.34,61.84,731.11,22.11,46.83,33.34,59.9319397,3.09
2024-02-14 15:30:00,DC_4,20.55,61.17,54.0,117.78,963.19,23.05,61.17,39.0,110.7799299,5.94
2024-02-14 18:00:00,DC_4,22.9,69.92,61.07,140.16,1267.99,22.9,69.92,46.07,139.4839936,0.48
2024-02-14 20:30:00,DC_4,22.91,62.56,57.95,115.62,1174.44,22.91,62.56,57.95,115.62,0.0
2024-02-14 23:00:00,DC_4,22.72,47.75,53.26,55.97,762.57,22.72,47.75,53.26,55.97,0.0
2024-02-15 01:30:00,DC_4,26.09,36.67,40.64,28.98,558.36,26.09,36.67,40.64,28.98,0.0
2024-02-15 04:00:00,DC_4,22.71,55.01,37.11,49.32,626.58,23.21,47.01,30.0,48.10108538,2.47
2024-02-15 06:30:00,DC_4,23.35,38.27,31.38,17.03,388.3,23.35,38.27,31.38,17.02653857,0.02
2024-02-15 09:00:00,DC_4,23.14,43.73,36.31,30.24,451.55,23.14,43.73,30.0,28.82709481,4.67
2024-02-15 11:30:00,DC_4,23.04,49.13,48.37,59.82,627.95,23.04,49.13,33.37,59.7846446,0.06
2024-02-15 14:00:00,DC_4,24.94,57.05,47.07,66.95,794.36,24.94,57.05,47.07,66.94585063,0.01
2024-02-15 16:30:00,DC_4,22.97,64.8,56.25,98.58,931.41,23.47,64.8,41.25,98.21431398,0.37
2024-02-15 19:00:00,DC_4,22.73,60.68,57.12,114.93,934.05,23.23,60.68,42.12,113.2096668,1.5
2024-02-15 21:30:00,DC_4,28.57,47.08,44.62,54.74,866.07,28.57,47.08,44.62,54.74,0.0
2024-02-16 00:00:00,DC_4,21.64,54.58,54.61,57.6,709.35,21.64,46.58,39.61,56.76846275,1.44
2024-02-16 02:30:00,DC_4,20.38,56.26,45.21,52.25,662.76,22.88,48.26,30.21,48.95244413,6.31
2024-02-16 05:00:00,DC_4,20.45,41.99,37.4,31.21,416.5,21.95,33.99,30.0,29.82305731,4.44
2024-02-16 07:30:00,DC_4,23.1,45.27,41.86,34.41,447.33,23.1,45.27,30.0,33.36611118,3.03
2024-02-16 10:00:00,DC_4,25.39,40.28,41.5,38.9,612.59,25.39,40.28,41.5,38.9,0.0
2024-02-16 12:30:00,DC_4,24.33,49.99,46.42,56.36,646.14,24.33,49.99,46.42,56.35508432,0.01
2024-02-16 15:00:00,DC_4,21.63,64.59,56.22,109.53,905.58,22.63,56.59,41.22,104.8955929,4.23
2024-02-16 17:30:00,DC_4,22.84,64.41,58.25,146.55,1152.63,22.84,64.41,58.25,146.5459973,0.0
2024-02-16 20:00:00,DC_4,22.1,51.23,52.46,87.28,898.24,22.1,51.23,52.46,87.28,0.0
2024-02-16 22:30:00,DC_4,23.89,53.1,50.1,67.47,863.15,23.89,53.1,50.1,67.47,0.0
2024-02-17 01:00:00,DC_4,21.99,51.87,54.72,62.13,756.37,21.99,51.87,54.72,62.13,0.0
2024-02-17 03:30:00,DC_4,23.49,38.56,36.64,29.8,476.42,23.49,38.56,36.64,29.79537864,0.02
2024-02-17 06:00:00,DC_4,23.01,43.57,40.06,26.37,367.54,23.01,35.57,30.0,24.84655751,5.78
2024-02-17 08:30:00,DC_4,23.02,48.23,39.97,21.59,402.15,23.02,48.23,39.97,21.58814798,0.01
2024-02-17 11:00:00,DC_4,23.79,43.6,35.96,24.27,399.63,23.79,43.6,35.96,24.267142,0.01
2024-02-17 13:30:00,DC_4,24.02,47.28,44.25,39.05,505.51,24.02,47.28,30.0,38.86174963,0.48
2024-02-17 16:00:00,DC_4,17.81,64.4,56.16,86.3,657.99,20.31,49.4,41.16,79.92009926,7.39
2024-02-17 18:30:00,DC_4,23.29,55.37,42.26,53.07,668.77,23.29,55.37,30.0,51.78635357,2.42
2024-02-17 21:00:00,DC_4,23.15,46.86,50.63,60.86,740.91,23.15,46.86,50.63,60.86,0.0
2024-02-17 23:30:00,DC_4,25.5,44.26,43.3,40.09,638.26,25.5,44.26,43.3,40.09,0.0
2024-02-18 02:00:00,DC_4,23.72,42.06,42.64,36.52,565.44,23.72,42.06,42.64,36.52,0.0
2024-02-18 04:30:00,DC_4,24.35,45.22,34.32,25.12,437.16,24.35,45.22,34.32,25.12,0.0
2024-02-18 07:00:00,DC_4,23.38,40.17,41.09,41.26,552.77,23.38,40.17,41.09,41.25823477,0.0
2024-02-18 09:30:00,DC_4,21.08,44.88,45.0,35.66,454.08,22.08,36.88,30.0,31.94852382,10.41
2024-02-18 12:00:00,DC_4,23.84,44.02,39.92,42.43,497.58,23.84,44.02,30.0,40.60691641,4.3
2024-02-18 14:30:00,DC_4,23.33,46.4,46.76,46.82,653.16,23.33,46.4,46.76,46.82,0.0
2024-02-18 17:00:00,DC_4,21.35,66.07,52.65,70.94,750.91,22.85,51.07,37.65,65.65106033,7.46
2024-02-18 19:30:00,DC_4,23.16,46.77,42.37,46.03,643.85,23.16,46.77,42.37,46.03,0.0
2024-02-18 22:00:00,DC_4,20.53,53.86,48.64,54.52,649.23,22.53,45.86,33.64,51.74038211,5.1
2024-02-19 00:30:00,DC_4,22.34,49.72,51.54,48.72,689.7,22.84,49.72,36.54,47.56286718,2.38
2024-02-19 03:00:00,DC_4,26.19,36.35,38.66,23.59,494.42,26.19,36.35,38.66,23.59,0.0
2024-02-19 05:30:00,DC_4,22.82,44.35,41.03,27.78,443.97,22.82,44.35,41.03,27.78,0.0
2024-02-19 08:00:00,DC_4,22.68,47.41,35.85,25.63,508.58,22.68,47.41,35.85,25.62725435,0.01
2024-02-19 10:30:00,DC_4,24.47,41.55,35.7,36.2,535.28,24.47,41.55,35.7,36.19609515,0.01
2024-02-19 13:00:00,DC_4,21.4,55.85,47.01,65.73,688.89,22.4,47.85,32.01,63.16869533,3.9
2024-02-19 15:30:00,DC_4,21.81,57.53,54.36,99.1,872.19,23.31,57.53,39.36,96.67326108,2.45
2024-02-19 18:00:00,DC_4,21.41,63.56,61.58,120.45,1070.84,22.91,63.56,46.58,113.5485193,5.73
2024-02-19 20:30:00,DC_4,22.42,57.07,55.19,81.91,990.6,22.42,57.07,40.19,80.54840016,1.66
2024-02-19 23:00:00,DC_4,23.31,47.88,43.83,74.95,850.5,23.31,47.88,43.83,74.95,0.0
2024-02-20 01:30:00,DC_4,23.44,54.06,43.65,55.98,672.53,23.44,54.06,30.0,55.41433586,1.01
2024-02-20 04:00:00,DC_4,23.69,48.69,37.45,41.73,514.55,23.69,48.69,37.45,41.725621,0.01
2024-02-20 06:30:00,DC_4,25.2,38.62,34.63,18.1,445.95,25.2,38.62,34.63,18.1,0.0
2024-02-20 09:00:00,DC_4,22.02,42.54,39.1,17.96,433.51,23.02,42.54,30.0,17.7334863,1.26
2024-02-20 11:30:00,DC_4,22.64,54.7,48.62,51.54,594.66,23.14,46.7,33.62,48.49209074,5.91
2024-02-20 14:00:00,DC_4,22.5,54.34,51.77,74.58,790.11,23.0,54.34,36.77,73.254522,1.78
2024-02-20 16:30:00,DC_4,21.91,68.18,58.53,117.79,1080.93,22.41,60.18,43.53,113.9935033,3.22
2024-02-20 19:00:00,DC_4,23.84,54.76,52.41,96.22,945.61,23.84,54.76,52.41,96.21809932,0.0
2024-02-20 21:30:00,DC_4,23.43,47.56,40.85,76.68,815.03,23.43,47.56,40.85,76.68,0.0
2024-02-21 00:00:00,DC_4,22.84,47.99,47.51,40.96,677.54,22.84,47.99,47.51,40.96,0.0
2024-02-21 02:30:00,DC_4,23.3,51.58,38.44,39.66,581.81,23.3,51.58,30.0,38.49119977,2.95
2024-02-21 05:00:00,DC_4,23.19,49.67,36.94,28.14,456.04,23.19,41.67,30.0,27.78255772,1.27
2024-02-21 07:30:00,DC_4,22.03,44.95,44.77,22.07,404.42,22.53,36.95,30.0,19.66944451,10.88
2024-02-21 10:00:00,DC_4,22.34,48.36,39.94,44.16,532.64,22.34,40.36,30.0,41.99276133,4.91
2024-02-21 12:30:00,DC_4,22.99,55.04,46.67,53.16,668.07,23.49,55.04,31.67,50.36417211,5.26
2024-02-21 15:00:00,DC_4,22.92,55.73,53.31,104.15,885.96,22.92,55.73,38.31,102.601918,1.49
2024-02-21 17:30:00,DC_4,22.45,63.96,61.18,135.52,1202.41,22.45,63.96,61.18,135.5172535,0.0
2024-02-21 20:00:00,DC_4,28.18,49.82,47.98,81.77,850.67,28.18,49.82,47.98,81.77,0.0
2024-02-21 22:30:00,DC_4,22.07,61.61,49.36,81.78,855.64,22.57,53.61,34.36,77.74771185,4.93
2024-02-22 01:00:00,DC_4,22.84,45.97,41.32,48.97,672.28,22.84,45.97,41.32,48.97,0.0
2024-02-22 03:30:00,DC_4,24.47,44.98,34.8,29.97,483.94,24.47,44.98,34.8,29.96792856,0.01
2024-02-22 06:00:00,DC_4,22.33,44.18,43.16,31.93,407.7,22.83,36.18,30.0,30.29162412,5.13
2024-02-22 08:30:00,DC_4,23.62,47.77,41.39,28.2,464.71,23.62,47.77,30.0,26.60633647,5.65
2024-02-22 11:00:00,DC_4,23.24,50.54,54.53,38.52,602.92,23.24,50.54,39.53,38.45349614,0.17
2024-02-22 13:30:00,DC_4,24.46,48.28,42.04,63.34,705.31,24.46,48.28,42.04,63.34,0.0
2024-02-22 16:00:00,DC_4,22.48,62.64,59.76,114.85,1012.39,23.48,62.64,44.76,111.1902489,3.19
2024-02-22 18:30:00,DC_4,17.86,68.88,63.5,142.92,995.58,20.36,53.88,48.5,133.2007308,6.8
2024-02-22 21:00:00,DC_4,20.92,59.51,48.29,84.96,877.02,22.42,51.51,33.29,80.86512023,4.82
2024-02-22 23:30:00,DC_4,22.35,62.1,48.73,87.22,936.74,23.35,62.1,33.73,84.6097375,2.99
2024-02-23 02:00:00,DC_4,19.83,52.82,50.97,56.54,623.52,22.33,44.82,35.97,51.64201001,8.66
2024-02-23 04:30:00,DC_4,22.51,47.07,37.47,32.08,471.11,22.51,39.07,30.0,30.77561629,4.07
2024-02-23 07:00:00,DC_4,23.61,38.07,36.33,18.41,418.17,23.61,38.07,36.33,18.41,0.0
2024-02-23 09:30:00,DC_4,20.95,47.26,43.58,30.38,412.18,23.45,39.26,30.0,28.70805954,5.5
2024-02-23 12:00:00,DC_4,20.55,59.98,49.3,73.45,667.88,23.05,51.98,34.3,69.24565189,5.72
2024-02-23 14:30:00,DC_4,26.76,48.3,46.9,50.39,703.95,26.76,48.3,46.9,50.39,0.0
2024-02-23 17:00:00,DC_4,20.26,64.08,62.17,120.2,962.79,22.76,56.08,47.17,111.9759315,6.84
2024-02-23 19:30:00,DC_4,23.92,55.18,48.02,100.12,965.25,23.92,55.18,48.02,100.1150638,0.0
2024-02-23 22:00:00,DC_4,22.24,56.81,45.16,74.53,803.46,23.24,56.81,30.16,71.19277305,4.48
2024-02-24 00:30:00,DC_4,16.77,60.92,52.98,73.49,667.7,19.27,45.92,37.98,67.83214101,7.7
2024-02-24 03:00:00,DC_4,22.32,44.64,45.21,44.13,541.41,22.82,44.64,30.21,42.81127981,2.99
2024-02-24 05:30:00,DC_4,23.36,42.16,45.92,30.46,573.74,23.36,42.16,45.92,30.45994409,0.0
2024-02-24 08:00:00,DC_4,27.36,33.99,33.58,21.58,431.11,27.36,33.99,33.58,21.57740961,0.01
2024-02-24 10:30:00,DC_4,24.65,39.61,44.87,37.68,488.65,24.65,39.61,44.87,37.68,0.0
2024-02-24 13:00:00,DC_4,23.5,48.45,38.93,39.7,542.94,23.5,48.45,38.93,39.69697226,0.01
2024-02-24 15:30:00,DC_4,20.59,55.739999999999995,51.91,66.5,714.46,22.59,48.45,36.91,61.87611213,6.95
2024-02-24 18:00:00,DC_4,23.33,52.57,48.51,66.62,793.97,23.33,52.57,48.51,66.62,0.0
2024-02-24 20:30:00,DC_4,23.1,53.5,38.3,57.37,698.79,23.1,53.5,38.3,57.36952378,0.0
2024-02-24 23:00:00,DC_4,22.47,46.07,46.81,64.33,741.96,22.47,46.07,46.81,64.33,0.0
2024-02-25 01:30:00,DC_4,22.77,48.75,40.91,41.49,526.54,22.77,40.75,30.0,39.91792262,3.79
2024-02-25 04:00:00,DC_4,21.73,47.28,36.91,28.47,455.65,22.73,39.28,30.0,28.22948921,0.84
2024-02-25 06:30:00,DC_4,21.55,40.56,35.87,28.58,397.99,21.55,32.56,30.0,28.11626975,1.62
2024-02-25 09:00:00,DC_4,24.21,38.11,33.74,26.53,389.87,24.21,38.11,33.74,26.52749919,0.01
2024-02-25 11:30:00,DC_4,23.89,46.71,42.53,36.62,487.25,23.89,46.71,30.0,36.22993853,1.07
2024-02-25 14:00:00,DC_4,22.47,53.08,49.17,49.61,589.46,22.97,45.08,34.17,48.42449375,2.39
2024-02-25 16:30:00,DC_4,23.72,44.56,43.56,58.13,638.5,23.72,44.56,43.56,58.12924995,0.0
2024-02-25 19:00:00,DC_4,21.63,55.33,51.24,68.16,734.75,22.13,47.33,36.24,64.89204611,4.79
2024-02-25 21:30:00,DC_4,21.38,54.66,51.04,73.17,820.04,21.88,46.66,36.04,70.58611984,3.53
2024-02-26 00:00:00,DC_4,24.64,54.16,48.23,38.32,721.97,24.64,54.16,48.23,38.32,0.0
2024-02-26 02:30:00,DC_4,22.06,47.89,37.72,44.07,516.85,22.06,39.89,30.0,41.3713843,6.12
2024-02-26 05:00:00,DC_4,23.94,41.13,38.61,25.37,459.52,23.94,41.13,38.61,25.3680851,0.01
2024-02-26 07:30:00,DC_4,23.3,47.14,32.92,30.74,442.52,23.3,47.14,30.0,28.17517031,8.34
2024-02-26 10:00:00,DC_4,24.48,43.79,32.75,29.96,532.94,24.48,43.79,32.75,29.95833837,0.01
2024-02-26 12:30:00,DC_4,22.83,46.63,49.3,44.75,641.85,22.83,46.63,34.3,43.98940729,1.7
2024-02-26 15:00:00,DC_4,24.05,55.08,51.82,88.72,944.37,24.05,55.08,51.82,88.72,0.0
2024-02-26 17:30:00,DC_4,22.35,62.39,57.03,100.38,1012.58,22.85,62.39,42.03,96.33645147,4.03
2024-02-26 20:00:00,DC_4,22.71,59.52,53.7,88.16,965.51,23.21,59.52,38.7,86.91492369,1.41
2024-02-26 22:30:00,DC_4,22.34,55.29,53.92,58.09,795.24,23.34,55.29,38.92,56.38275079,2.94
2024-02-27 01:00:00,DC_4,28.06,39.76,38.39,46.88,675.47,28.06,39.76,38.39,46.8783696,0.0
2024-02-27 03:30:00,DC_4,23.8,39.37,44.08,37.95,519.21,23.8,39.37,44.08,37.94671719,0.01
2024-02-27 06:00:00,DC_4,21.96,42.13,41.79,24.64,426.56,21.96,34.13,30.0,22.92302037,6.97
2024-02-27 08:30:00,DC_4,22.06,52.51,39.27,29.5,446.99,22.56,37.51,30.0,27.75834912,5.9
2024-02-27 11:00:00,DC_4,22.86,48.23,41.3,43.45,579.44,23.36,48.23,30.0,43.38762183,0.14
2024-02-27 13:30:00,DC_4,22.33,52.38,48.29,60.61,671.82,22.33,44.38,33.29,60.13504801,0.78
2024-02-27 16:00:00,DC_4,16.52,72.61,61.71,141.45,951.56,19.02,57.61,46.71,132.5939033,6.26
2024-02-27 18:30:00,DC_4,26.01,58.09,47.17,78.86,970.13,26.01,58.09,47.17,78.85500079,0.01
2024-02-27 21:00:00,DC_4,22.79,63.55,58.25,85.84,974.55,23.29,63.55,43.25,85.2984152,0.63
2024-02-27 23:30:00,DC_4,22.98,55.739999999999995,46.84,62.59,765.12,23.48,58.3,31.84,59.1663543,5.47
2024-02-28 02:00:00,DC_4,26.88,36.79,36.22,35.03,599.39,26.88,36.79,36.22,35.03,0.0
2024-02-28 04:30:00,DC_4,24.85,36.02,38.54,29.81,458.79,24.85,36.02,38.54,29.80911126,0.0
2024-02-28 07:00:00,DC_4,23.46,38.93,38.21,21.35,393.91,23.46,38.93,30.0,19.07538279,10.65
2024-02-28 09:30:00,DC_4,23.78,41.95,35.82,29.02,479.77,23.78,41.95,35.82,29.01564008,0.02
2024-02-28 12:00:00,DC_4,20.99,48.01,46.79,52.4,609.67,22.99,48.01,31.79,49.56904299,5.4
2024-02-28 14:30:00,DC_4,27.51,50.52,42.93,72.55,794.29,27.51,50.52,42.93,72.55,0.0
2024-02-28 17:00:00,DC_4,22.59,66.05,56.53,110.21,943.82,23.09,58.05,41.53,105.5959373,4.19
2024-02-28 19:30:00,DC_4,24.87,54.77,51.38,93.03,937.06,24.87,54.77,51.38,93.03,0.0
2024-02-28 22:00:00,DC_4,23.31,51.08,56.25,66.57,870.37,23.31,51.08,56.25,66.57,0.0
2024-02-29 00:30:00,DC_4,23.35,55.739999999999995,44.62,58.1,698.11,23.35,52.73,44.62,58.09646929,0.01
2024-02-29 03:00:00,DC_4,23.35,47.23,49.57,34.18,581.33,23.35,47.23,34.57,32.06796519,6.18
2024-02-29 05:30:00,DC_4,23.51,39.27,36.03,16.46,402.81,23.51,39.27,30.0,13.46613884,18.19
2024-02-29 08:00:00,DC_4,24.51,45.17,41.48,35.34,471.99,24.51,45.17,41.48,35.33571305,0.01
2024-02-29 10:30:00,DC_4,22.06,42.7,46.95,30.26,427.73,22.06,34.7,31.95,29.8316421,1.42
2024-02-29 13:00:00,DC_4,24.11,54.45,47.29,66.9,686.26,24.11,54.45,47.29,66.89675261,0.0
2024-02-29 15:30:00,DC_4,25.56,50.97,53.25,78.81,915.17,25.56,50.97,53.25,78.81,0.0
2024-02-29 18:00:00,DC_4,22.49,69.01,59.09,113.6,1094.79,22.49,61.01,44.09,110.3643989,2.85
2024-02-29 20:30:00,DC_4,23.89,51.72,51.06,58.66,876.42,23.89,51.72,51.06,58.66,0.0
2024-02-29 23:00:00,DC_4,22.51,52.58,45.15,63.42,756.35,22.51,52.58,45.15,63.42,0.0
2024-03-01 01:30:00,DC_4,27.17,43.96,42.09,57.91,604.47,27.17,43.96,42.09,57.90758963,0.0
2024-03-01 04:00:00,DC_4,22.22,51.33,51.52,51.24,502.33,22.22,36.33,36.52,48.38337069,5.57
2024-03-01 06:30:00,DC_4,18.47,57.46,51.31,55.88,395.2,20.97,42.46,36.31,49.91842191,10.67
2024-03-01 09:00:00,DC_4,23.19,50.54,49.5,39.5,415.36,23.19,42.54,34.5,38.17832093,3.35
2024-03-01 11:30:00,DC_4,23.49,57.89,52.53,69.17,633.86,23.49,49.89,37.53,67.06297465,3.05
2024-03-01 14:00:00,DC_4,21.73,62.26,66.34,114.67,760.18,23.23,54.26,51.34,109.9239906,4.14
2024-03-01 16:30:00,DC_4,23.47,59.99,64.28,141.63,1022.32,23.47,59.99,64.28,141.629914,0.0
2024-03-01 19:00:00,DC_4,22.71,68.29,58.83,140.5,947.29,23.21,60.29,43.83,136.9565705,2.52
2024-03-01 21:30:00,DC_4,23.08,61.32,58.25,127.14,885.14,23.08,61.32,43.25,125.1825165,1.54
2024-03-02 00:00:00,DC_4,23.81,48.48,50.21,57.62,614.16,23.81,48.48,50.21,57.62,0.0
2024-03-02 02:30:00,DC_4,21.59,56.57,55.76,56.63,517.63,23.09,41.57,40.76,53.06780264,6.29
2024-03-02 05:00:00,DC_4,24.91,52.83,52.34,52.6,552.4,24.91,52.83,37.34,52.36333766,0.45
2024-03-02 07:30:00,DC_4,19.39,57.56,52.38,56.34,420.94,21.89,42.56,37.38,51.18280606,9.15
2024-03-02 10:00:00,DC_4,23.56,55.3,39.81,48.7,490.19,23.56,47.3,30.0,47.88902884,1.67
2024-03-02 12:30:00,DC_4,22.51,57.75,48.52,60.16,510.58,23.01,42.75,33.52,56.26982076,6.47
2024-03-02 15:00:00,DC_4,23.42,51.39,52.03,68.03,655.21,23.42,51.39,37.03,67.86557718,0.24
2024-03-02 17:30:00,DC_4,23.5,59.96,50.9,96.42,710.55,23.5,51.96,39.83,93.74825639,2.77
2024-03-02 20:00:00,DC_4,22.49,56.88,52.52,81.72,711.04,22.99,48.88,37.52,79.26149417,3.01
2024-03-02 22:30:00,DC_4,24.34,45.57,44.39,53.52,588.46,24.34,45.57,44.39,53.51890061,0.0
2024-03-03 01:00:00,DC_4,23.03,53.25,49.67,48.55,482.49,23.03,45.25,34.67,45.80023306,5.66
2024-03-03 03:30:00,DC_4,23.7,42.06,34.04,32.56,385.17,23.7,42.06,30.0,32.40004981,0.49
2024-03-03 06:00:00,DC_4,22.78,53.57,41.15,31.9,423.44,23.28,38.57,30.0,31.35724898,1.7
2024-03-03 08:30:00,DC_4,21.99,49.93,46.98,34.8,380.46,22.49,34.93,31.98,32.1924966,7.49
2024-03-03 11:00:00,DC_4,26.88,51.8,45.88,40.72,485.15,26.88,51.8,45.88,40.71969562,0.0
2024-03-03 13:30:00,DC_4,23.68,55.2,47.72,69.18,629.82,23.68,55.2,32.72,67.84874834,1.92
2024-03-03 16:00:00,DC_4,22.27,68.99,53.52,124.67,833.74,23.27,53.99,38.52,118.0072495,5.34
2024-03-03 18:30:00,DC_4,23.32,57.57,52.52,74.07,689.18,23.32,49.57,37.52,73.19560027,1.18
2024-03-03 21:00:00,DC_4,22.54,63.39,53.31,89.14,776.81,23.04,55.39,38.31,87.16138579,2.22
2024-03-03 23:30:00,DC_4,21.98,51.01,49.3,56.25,590.48,21.98,51.01,49.3,56.24847418,0.0
2024-03-04 02:00:00,DC_4,23.17,55.03,49.27,79.29,680.68,23.17,55.03,34.27,77.83355877,1.84
2024-03-04 04:30:00,DC_4,24.69,50.42,44.79,54.43,490.72,24.69,50.42,30.0,52.25744914,3.99
2024-03-04 07:00:00,DC_4,23.82,38.78,45.8,37.37,455.03,23.82,38.78,45.8,37.37,0.0
2024-03-04 09:30:00,DC_4,21.98,57.92,54.08,89.44,584.42,22.98,42.92,39.08,84.33562592,5.71
2024-03-04 12:00:00,DC_4,21.31,62.44,54.11,95.67,708.68,22.81,47.44,39.11,88.82308978,7.16
2024-03-04 14:30:00,DC_4,22.97,59.41,60.02,114.48,772.71,22.97,51.41,45.02,113.0784129,1.22
2024-03-04 17:00:00,DC_4,21.86,62.0,58.3,128.67,866.03,22.86,54.0,43.3,122.3777694,4.89
2024-03-04 19:30:00,DC_4,23.5,67.43,59.06,159.09,1042.18,23.5,67.43,44.06,156.2789302,1.77
2024-03-04 22:00:00,DC_4,25.69,60.43,53.3,101.24,813.81,25.69,60.43,53.3,101.2377983,0.0
2024-03-05 00:30:00,DC_4,25.51,52.99,45.94,94.47,799.57,25.51,52.99,45.94,94.47,0.0
2024-03-05 03:00:00,DC_4,22.27,45.61,41.09,58.64,543.02,23.27,45.61,30.0,58.04619845,1.01
2024-03-05 05:30:00,DC_4,21.62,51.56,56.22,54.77,478.8,23.12,43.56,41.22,50.90983805,7.05
2024-03-05 08:00:00,DC_4,22.24,45.93,43.61,47.77,436.61,22.74,37.93,30.0,43.47621281,8.99
2024-03-05 10:30:00,DC_4,21.93,49.65,47.13,64.37,579.84,22.93,41.65,32.13,61.53433439,4.41
2024-03-05 13:00:00,DC_4,24.2,60.5,54.98,106.56,809.07,24.2,60.5,39.98,103.662714,2.72
2024-03-05 15:30:00,DC_4,22.26,66.47,59.77,129.59,881.13,23.26,58.47,44.77,127.0735562,1.94
2024-03-05 18:00:00,DC_4,22.59,67.51,62.5,203.44,1226.07,23.09,67.51,47.5,202.1288923,0.64
2024-03-05 20:30:00,DC_4,23.33,58.97,56.52,112.53,922.83,23.33,58.97,41.52,110.8370064,1.5
2024-03-05 23:00:00,DC_4,23.03,54.67,48.9,83.64,776.57,23.03,54.67,33.9,81.11155562,3.02
2024-03-06 01:30:00,DC_4,23.86,52.04,53.95,75.84,699.14,23.86,52.04,53.95,75.83692217,0.0
2024-03-06 04:00:00,DC_4,22.47,56.44,47.92,55.77,573.49,23.47,48.44,32.92,51.9344623,6.88
2024-03-06 06:30:00,DC_4,21.69,54.1,42.51,36.34,427.86,22.69,39.1,30.0,33.23769825,8.54
2024-03-06 09:00:00,DC_4,28.94,45.9,39.26,29.99,396.56,28.94,45.9,39.26,29.99,0.0
2024-03-06 11:30:00,DC_4,23.68,60.55,57.99,78.89,668.77,23.68,52.55,42.99,75.57639098,4.2
2024-03-06 14:00:00,DC_4,21.85,59.29,57.85,117.66,830.34,22.85,51.29,42.85,112.2428272,4.6
2024-03-06 16:30:00,DC_4,21.41,61.93,58.21,142.64,917.79,23.41,61.93,43.21,136.4905938,4.31
2024-03-06 19:00:00,DC_4,22.31,72.34,66.02,169.28,1055.03,23.31,64.34,51.02,164.289677,2.95
2024-03-06 21:30:00,DC_4,23.62,57.74,46.02,117.13,904.41,23.62,57.74,46.02,117.13,0.0
2024-03-07 00:00:00,DC_4,22.5,56.48,49.65,90.65,817.76,23.0,56.48,34.65,89.90449106,0.82
2024-03-07 02:30:00,DC_4,23.84,51.29,48.97,53.41,541.88,23.84,51.29,33.97,51.67565034,3.25
2024-03-07 05:00:00,DC_4,23.11,52.18,46.91,35.08,426.33,23.11,44.18,31.91,32.57491189,7.14
2024-03-07 07:30:00,DC_4,22.72,51.7,50.9,47.1,450.99,23.22,43.7,30.0,45.36329543,3.69
2024-03-07 10:00:00,DC_4,23.56,47.5,51.73,44.52,492.64,23.56,47.5,36.73,42.72991612,4.02
2024-03-07 12:30:00,DC_4,23.09,62.22,52.75,102.13,697.99,23.09,47.22,37.75,96.68809989,5.33
2024-03-07 15:00:00,DC_4,24.39,58.37,60.49,108.0,806.72,24.39,58.37,60.49,107.996761,0.0
2024-03-07 17:30:00,DC_4,20.99,73.2,72.01,191.8,1121.2,22.99,65.2,57.01,181.8813474,5.17
2024-03-07 20:00:00,DC_4,20.69,63.85,62.77,153.71,966.89,22.69,55.85,47.77,144.4735031,6.01
2024-03-07 22:30:00,DC_4,21.98,61.65,58.11,101.65,769.99,22.98,53.65,43.11,97.64815536,3.94
2024-03-08 01:00:00,DC_4,24.53,49.13,46.6,48.53,633.38,24.53,49.13,46.6,48.53,0.0
2024-03-08 03:30:00,DC_4,16.43,66.23,53.16,70.26,510.48,18.93,51.23,38.16,63.6204625,9.45
2024-03-08 06:00:00,DC_4,22.06,51.02,42.19,40.27,409.04,22.56,36.02,30.0,35.19581731,12.6
2024-03-08 08:30:00,DC_4,23.42,56.82,49.88,59.96,570.25,23.42,48.82,34.88,59.29276587,1.11
2024-03-08 11:00:00,DC_4,22.42,57.08,54.85,73.19,551.98,22.92,42.08,39.85,70.17013734,4.13
2024-03-08 13:30:00,DC_4,23.16,59.05,52.07,88.89,702.58,23.16,51.05,37.07,84.75396118,4.65
2024-03-08 16:00:00,DC_4,23.65,54.37,58.72,128.49,905.01,23.65,54.37,58.72,128.49,0.0
2024-03-08 18:30:00,DC_4,23.39,63.86,61.38,149.85,998.94,23.39,63.86,46.38,149.4206617,0.29
2024-03-08 21:00:00,DC_4,23.47,63.04,61.89,122.28,900.22,23.47,63.04,46.89,120.5645769,1.4
2024-03-08 23:30:00,DC_4,22.74,59.01,56.72,106.83,850.7,23.24,59.01,41.72,106.3143571,0.48
2024-03-09 02:00:00,DC_4,23.73,51.68,47.79,57.99,569.19,23.73,51.68,32.79,57.04102658,1.64
2024-03-09 04:30:00,DC_4,26.44,37.57,40.1,32.4,417.87,26.44,37.57,40.1,32.39562285,0.01
2024-03-09 07:00:00,DC_4,21.99,50.7,50.07,37.07,420.58,22.49,35.7,35.07,32.4427529,12.48
2024-03-09 09:30:00,DC_4,16.83,65.15,64.87,72.6,486.81,19.33,50.15,49.87,66.412624,8.52
2024-03-09 12:00:00,DC_4,21.23,63.57,55.15,95.49,595.63,23.23,48.57,40.15,87.47701566,8.39
2024-03-09 14:30:00,DC_4,16.85,73.69,62.09,112.6,667.48,19.35,58.69,47.09,101.9433793,9.46
2024-03-09 17:00:00,DC_4,17.11,71.34,56.68,105.13,685.11,19.61,56.34,41.68,96.51074058,8.2
2024-03-09 19:30:00,DC_4,27.76,55.7,49.02,82.69,812.15,27.76,55.7,49.02,82.68982839,0.0
2024-03-09 22:00:00,DC_4,26.71,52.32,47.93,59.1,666.71,26.71,52.32,47.93,59.1,0.0
2024-03-10 00:30:00,DC_4,23.13,48.41,50.76,47.43,522.91,23.13,48.41,35.76,46.25623684,2.47
2024-03-10 03:00:00,DC_4,23.71,50.82,44.21,45.5,511.27,23.71,50.82,44.21,45.5,0.0
2024-03-10 05:30:00,DC_4,23.47,44.16,39.95,31.61,385.79,23.47,44.16,39.95,31.61,0.0
2024-03-10 08:00:00,DC_4,22.31,41.4,50.84,55.46,445.14,23.31,41.4,35.84,53.03459247,4.37
2024-03-10 10:30:00,DC_4,26.76,46.44,50.06,41.41,476.75,26.76,46.44,50.06,41.41,0.0
2024-03-10 13:00:00,DC_4,22.93,52.09,43.82,47.0,513.27,22.93,52.09,43.82,46.99570954,0.01
2024-03-10 15:30:00,DC_4,21.12,68.58,61.16,103.29,722.79,21.12,68.58,61.16,103.29,0.0
2024-03-10 18:00:00,DC_4,23.23,58.78,52.99,79.86,658.47,23.23,50.78,37.99,76.33926225,4.41
2024-03-10 20:30:00,DC_4,21.87,59.93,53.64,101.06,726.44,21.87,59.93,53.64,101.06,0.0
2024-03-10 23:00:00,DC_4,23.74,49.14,55.67,59.42,641.38,23.74,49.14,40.67,58.53445102,1.49
2024-03-11 01:30:00,DC_4,24.0,53.55,53.01,89.56,818.94,24.0,53.55,53.01,89.55836338,0.0
2024-03-11 04:00:00,DC_4,22.91,52.27,45.39,58.05,568.59,22.91,44.27,30.39,55.672122,4.1
2024-03-11 06:30:00,DC_4,22.72,47.56,44.92,40.8,451.59,23.22,39.56,30.0,38.93165266,4.58
2024-03-11 09:00:00,DC_4,24.61,47.49,43.39,41.62,415.08,24.61,47.49,30.0,40.3730133,3.0
2024-03-11 11:30:00,DC_4,23.57,55.37,56.95,71.93,607.18,23.57,55.37,41.95,68.12854739,5.28
2024-03-11 14:00:00,DC_4,22.74,64.68,58.98,114.1,820.9,23.24,56.68,43.98,110.5888805,3.08
2024-03-11 16:30:00,DC_4,23.13,69.77,63.77,144.06,959.51,23.13,61.77,48.77,140.7841598,2.27
2024-03-11 19:00:00,DC_4,23.38,59.32,61.07,143.59,1033.29,23.38,59.32,61.07,143.585067,0.0
2024-03-11 21:30:00,DC_4,23.26,62.9,56.2,122.75,997.17,23.26,62.9,56.2,122.75,0.0
2024-03-12 00:00:00,DC_4,24.82,54.46,59.26,63.48,661.77,24.82,54.46,59.26,63.48,0.0
2024-03-12 02:30:00,DC_4,24.86,44.82,44.34,39.47,574.05,24.86,44.82,44.34,39.47,0.0
2024-03-12 05:00:00,DC_4,23.05,55.97,45.37,40.04,466.25,23.05,55.97,45.37,40.04,0.0
2024-03-12 07:30:00,DC_4,25.1,55.86,45.7,46.23,578.28,25.1,55.86,30.7,43.77391798,5.31
2024-03-12 10:00:00,DC_4,23.39,56.56,52.49,80.92,648.59,23.39,48.56,37.49,79.64386737,1.58
2024-03-12 12:30:00,DC_4,22.72,62.13,57.89,80.48,689.69,22.72,47.13,42.89,75.57441247,6.1
2024-03-12 15:00:00,DC_4,21.62,68.32,60.58,165.08,1036.88,22.62,60.32,45.58,159.1611641,3.59
2024-03-12 17:30:00,DC_4,23.48,65.2,62.07,134.35,1050.98,23.48,65.2,47.07,133.1091162,0.92
2024-03-12 20:00:00,DC_4,23.71,60.05,70.45,148.53,1017.2,23.71,60.05,70.45,148.5273243,0.0
2024-03-12 22:30:00,DC_4,22.78,60.31,59.22,111.44,908.66,23.28,60.31,44.22,109.0776425,2.12
2024-03-13 01:00:00,DC_4,17.44,72.11,65.11,116.13,787.88,19.94,57.11,50.11,106.9372349,7.92
2024-03-13 03:30:00,DC_4,21.63,53.58,50.69,41.92,467.74,22.63,38.58,35.69,40.11777268,4.3
2024-03-13 06:00:00,DC_4,23.8,52.04,48.19,37.52,425.13,23.8,44.04,33.19,35.15366592,6.31
2024-03-13 08:30:00,DC_4,23.06,48.54,46.44,45.84,421.55,23.06,40.54,31.44,43.01279798,6.17
2024-03-13 11:00:00,DC_4,27.11,51.9,43.24,49.8,557.81,27.11,51.9,43.24,49.79905255,0.0
2024-03-13 13:30:00,DC_4,22.5,55.62,55.59,97.65,678.32,23.0,47.62,40.59,94.5521192,3.17
2024-03-13 16:00:00,DC_4,27.61,62.92,51.18,124.82,958.94,27.61,62.92,51.18,124.82,0.0
2024-03-13 18:30:00,DC_4,22.97,63.61,60.58,147.34,959.97,23.47,63.61,45.58,144.9995422,1.59
2024-03-13 21:00:00,DC_4,22.04,59.78,57.88,127.91,834.07,22.04,59.78,57.88,127.91,0.0
2024-03-13 23:30:00,DC_4,23.87,64.55,50.28,99.2,812.54,23.87,64.55,35.28,97.64100303,1.57
2024-03-14 02:00:00,DC_4,22.78,62.01,44.42,62.54,609.83,23.28,47.01,30.0,60.00191631,4.06
2024-03-14 04:30:00,DC_4,23.5,44.04,45.59,35.86,469.44,23.5,44.04,30.59,34.0761493,4.97
2024-03-14 07:00:00,DC_4,22.1,53.56,42.68,34.39,458.59,22.6,38.56,30.0,30.55894156,11.14
2024-03-14 09:30:00,DC_4,28.3,47.73,44.22,51.82,502.17,28.3,47.73,44.22,51.82,0.0
2024-03-14 12:00:00,DC_4,22.67,65.18,60.19,115.73,873.51,23.17,57.18,45.19,113.1352101,2.24
2024-03-14 14:30:00,DC_4,21.06,63.18,58.97,118.89,795.47,23.06,55.18,43.97,112.2498996,5.59
2024-03-14 17:00:00,DC_4,24.62,66.05,56.33,137.39,1006.76,24.62,66.05,56.33,137.3871048,0.0
2024-03-14 19:30:00,DC_4,22.3,63.47,57.13,130.31,914.76,22.8,55.47,42.13,126.6356006,2.82
2024-03-14 22:00:00,DC_4,24.37,58.13,58.33,135.89,1103.28,24.37,58.13,58.33,135.89,0.0
2024-03-15 00:30:00,DC_4,24.77,58.83,46.46,81.17,766.64,24.77,58.83,46.46,81.17,0.0
2024-03-15 03:00:00,DC_4,22.58,53.41,50.5,45.03,541.33,23.08,45.41,35.5,41.72942157,7.33
2024-03-15 05:30:00,DC_4,22.17,49.12,48.37,47.22,440.28,23.17,41.12,33.37,46.40741469,1.72
2024-03-15 08:00:00,DC_4,22.84,56.05,50.24,38.62,440.86,23.34,41.05,35.24,35.36554272,8.43
2024-03-15 10:30:00,DC_4,24.46,60.5,48.78,65.43,531.76,24.46,52.5,33.78,63.66491413,2.7
2024-03-15 13:00:00,DC_4,20.31,65.13,58.73,95.89,697.47,22.81,50.13,43.73,90.68342948,5.43
2024-03-15 15:30:00,DC_4,26.09,64.54,60.17,138.15,1081.16,26.09,64.54,60.17,138.1493878,0.0
2024-03-15 18:00:00,DC_4,21.84,78.47,69.76,197.19,1078.87,22.84,63.47,54.76,187.3855746,4.97
2024-03-15 20:30:00,DC_4,23.18,64.31,49.17,113.47,884.53,23.18,56.31,34.17,110.0427888,3.02
2024-03-15 23:00:00,DC_4,22.15,53.27,59.08,91.55,801.71,22.65,53.27,44.08,90.2550331,1.41
2024-03-16 01:30:00,DC_4,23.43,52.47,46.02,49.24,510.93,23.43,44.47,31.02,45.90984204,6.76
2024-03-16 04:00:00,DC_4,24.0,47.74,38.73,41.73,422.47,24.0,47.74,30.0,41.20609927,1.26
2024-03-16 06:30:00,DC_4,23.26,42.31,39.19,32.63,411.46,23.26,42.31,30.0,30.59214795,6.25
2024-03-16 09:00:00,DC_4,23.71,47.86,48.8,36.54,379.32,23.71,47.86,48.8,36.53715392,0.01
2024-03-16 11:30:00,DC_4,21.64,63.03,48.5,68.5,526.32,23.14,48.03,33.5,65.2382988,4.76
2024-03-16 14:00:00,DC_4,22.46,61.79,48.58,95.82,749.72,23.46,53.79,33.58,92.07944247,3.9
2024-03-16 16:30:00,DC_4,23.78,61.21,63.12,91.78,703.33,23.78,61.21,48.12,88.41158678,3.67
2024-03-16 19:00:00,DC_4,21.5,65.86,52.44,84.38,647.73,23.5,50.86,37.44,76.9117845,8.85
2024-03-16 21:30:00,DC_4,27.15,50.79,42.28,60.17,621.9,27.15,50.79,42.28,60.16518307,0.01
2024-03-17 00:00:00,DC_4,21.42,59.01,52.08,66.13,615.65,22.42,44.01,37.08,62.96276448,4.79
2024-03-17 02:30:00,DC_4,22.5,49.07,45.83,45.05,462.83,23.0,41.07,30.83,42.67798722,5.27
2024-03-17 05:00:00,DC_4,23.22,46.82,42.12,43.86,437.73,23.22,46.82,30.0,43.14765282,1.62
2024-03-17 07:30:00,DC_4,22.74,48.74,47.41,43.3,452.53,23.24,40.74,32.41,40.57252662,6.3
2024-03-17 10:00:00,DC_4,24.06,52.07,50.18,49.9,457.94,24.06,44.07,35.18,48.4384368,2.93
2024-03-17 12:30:00,DC_4,23.36,54.06,50.81,69.74,618.63,23.36,54.06,35.81,68.88043632,1.23
2024-03-17 15:00:00,DC_4,23.22,66.18,53.23,79.81,643.47,23.22,51.18,38.23,75.63179833,5.24
2024-03-17 17:30:00,DC_4,20.67,65.16,62.07,114.46,684.92,23.17,50.16,47.07,104.4633006,8.73
2024-03-17 20:00:00,DC_4,21.58,58.1,63.85,104.69,826.85,22.58,50.1,48.85,99.55637481,4.9
2024-03-17 22:30:00,DC_4,21.54,57.43,56.1,90.72,644.07,23.04,49.43,41.1,86.23891099,4.94
2024-03-18 01:00:00,DC_4,23.09,55.95,52.41,81.3,794.65,23.09,55.95,37.41,78.52014241,3.42
2024-03-18 03:30:00,DC_4,22.31,52.96,48.44,52.24,555.63,23.31,44.96,33.44,48.25887686,7.62
2024-03-18 06:00:00,DC_4,21.78,55.62,54.88,56.82,481.88,23.28,40.62,39.88,53.30816936,6.18
2024-03-18 08:30:00,DC_4,20.68,54.26,56.2,49.68,455.19,23.18,39.26,41.2,45.78885391,7.83
2024-03-18 11:00:00,DC_4,23.45,49.6,52.5,64.89,616.47,23.45,49.6,37.5,64.38128835,0.78
2024-03-18 13:30:00,DC_4,22.33,67.3,63.89,126.89,956.99,22.83,59.3,48.89,122.9501577,3.1
2024-03-18 16:00:00,DC_4,23.91,67.99,61.6,155.09,917.7,23.91,67.99,46.6,152.7258244,1.52
2024-03-18 18:30:00,DC_4,24.09,70.91,63.37,119.94,1046.51,24.09,70.91,48.37,118.298347,1.37
2024-03-18 21:00:00,DC_4,23.91,59.7,62.4,110.38,844.47,23.91,59.7,47.4,108.2711737,1.91
2024-03-18 23:30:00,DC_4,23.17,59.87,43.95,64.71,715.29,23.17,51.87,30.0,62.50775958,3.4
2024-03-19 02:00:00,DC_4,16.55,62.58,56.95,92.61,587.89,19.05,47.58,41.95,83.57246584,9.76
2024-03-19 04:30:00,DC_4,22.42,54.15,53.34,55.14,475.04,22.92,39.15,38.34,52.48414767,4.82
2024-03-19 07:00:00,DC_4,21.23,55.41,50.64,48.18,476.91,23.23,40.41,35.64,44.38681074,7.87
2024-03-19 09:30:00,DC_4,17.59,63.31,57.17,72.87,450.8,20.09,48.31,42.17,64.07038945,12.08
2024-03-19 12:00:00,DC_4,21.64,65.83,55.35,120.05,753.47,23.14,50.83,40.35,112.183114,6.55
2024-03-19 14:30:00,DC_4,18.27,67.14,68.99,136.56,715.95,20.77,52.14,53.99,125.9035813,7.8
2024-03-19 17:00:00,DC_4,22.56,82.78,50.9,189.37,1095.92,23.06,67.78,50.34,181.7434679,4.03
2024-03-19 19:30:00,DC_4,24.25,68.69,55.55,127.74,991.47,24.25,68.69,40.55,126.2925882,1.13
2024-03-19 22:00:00,DC_4,22.44,58.02,55.2,114.33,924.62,23.44,58.02,40.2,111.8172855,2.2
2024-03-20 00:30:00,DC_4,17.61,70.42,55.64,134.54,781.61,20.11,55.42,40.64,123.6508588,8.09
2024-03-20 03:00:00,DC_4,24.31,49.61,47.18,52.27,565.39,24.31,49.61,32.18,52.14544286,0.24
2024-03-20 05:30:00,DC_4,22.8,49.95,39.05,42.04,443.35,23.3,41.95,30.0,39.5615113,5.9
2024-03-20 08:00:00,DC_4,24.56,53.97,40.57,39.09,464.41,24.56,53.97,40.57,39.09,0.0
2024-03-20 10:30:00,DC_4,24.24,57.11,51.22,53.97,545.91,24.24,49.11,36.22,52.87642146,2.03
2024-03-20 13:00:00,DC_4,23.66,61.31,54.6,74.59,661.36,23.66,61.31,54.6,74.59,0.0
2024-03-20 15:30:00,DC_4,21.49,66.5,60.21,141.81,910.64,22.99,58.5,45.21,136.120482,4.01
2024-03-20 18:00:00,DC_4,22.96,74.16,62.33,129.47,1072.46,22.96,74.16,62.33,129.4678465,0.0
2024-03-20 20:30:00,DC_4,22.15,72.33,59.41,130.7,922.38,23.15,57.33,44.41,124.0802695,5.06
2024-03-20 23:00:00,DC_4,22.08,59.34,58.68,91.16,804.47,22.58,51.34,43.68,86.93438329,4.64
2024-03-21 01:30:00,DC_4,22.41,56.16,46.02,56.99,593.73,23.41,48.16,31.02,54.50043268,4.37
2024-03-21 04:00:00,DC_4,22.96,57.53,52.72,46.22,553.51,22.96,42.53,37.72,44.53966946,3.64
2024-03-21 06:30:00,DC_4,24.36,38.88,44.6,45.18,512.04,24.36,38.88,44.6,45.17995929,0.0
2024-03-21 09:00:00,DC_4,21.4,53.92,51.68,65.05,478.25,23.4,38.92,36.68,60.47268235,7.04
2024-03-21 11:30:00,DC_4,23.53,53.23,51.88,63.64,572.7,23.53,45.23,36.88,60.34257476,5.18
2024-03-21 14:00:00,DC_4,16.96,67.35,74.99,156.03,765.94,19.46,52.35,59.99,141.9894839,9.0
2024-03-21 16:30:00,DC_4,22.27,69.79,64.17,190.27,1096.92,22.27,69.79,64.17,190.2662496,0.0
2024-03-21 19:00:00,DC_4,22.53,67.82,56.78,132.21,919.14,23.03,59.82,41.78,128.5854293,2.74
2024-03-21 21:30:00,DC_4,22.56,69.11,61.16,124.89,972.99,23.06,61.11,46.16,122.0041827,2.31
2024-03-22 00:00:00,DC_4,21.14,53.06,54.35,92.12,772.38,23.14,53.06,39.35,87.6143579,4.89
2024-03-22 02:30:00,DC_4,22.79,52.51,47.1,47.58,550.63,23.29,44.51,32.1,45.19590477,5.01
2024-03-22 05:00:00,DC_4,24.4,44.44,43.67,43.68,511.51,24.4,44.44,43.67,43.68,0.0
2024-03-22 07:30:00,DC_4,28.59,37.64,38.96,27.76,387.32,28.59,37.64,38.96,27.76,0.0
2024-03-22 10:00:00,DC_4,22.14,54.9,46.37,49.19,547.99,22.14,39.9,31.37,45.36843204,7.77
2024-03-22 12:30:00,DC_4,22.89,59.4,60.31,94.17,846.77,23.39,59.4,45.31,90.9907157,3.38
2024-03-22 15:00:00,DC_4,26.9,65.46,60.94,171.4,1043.97,26.9,65.46,60.94,171.4,0.0
2024-03-22 17:30:00,DC_4,24.14,64.57,66.07,199.52,1144.12,24.14,64.57,66.07,199.52,0.0
2024-03-22 20:00:00,DC_4,23.37,69.9,64.46,162.71,1078.98,23.37,69.9,49.46,161.4675228,0.76
2024-03-22 22:30:00,DC_4,22.31,61.51,60.6,83.91,848.12,22.81,53.51,45.6,79.61886582,5.11
2024-03-23 01:00:00,DC_4,26.23,51.52,38.26,43.23,517.9,26.23,51.52,38.26,43.23,0.0
2024-03-23 03:30:00,DC_4,24.18,44.03,39.73,25.44,426.81,24.18,44.03,39.73,25.43878733,0.0
2024-03-23 06:00:00,DC_4,24.37,50.43,43.46,37.23,404.07,24.37,42.43,30.0,36.27014589,2.58
2024-03-23 08:30:00,DC_4,25.48,50.09,44.73,41.01,411.37,25.48,50.09,30.0,40.61655003,0.96
2024-03-23 11:00:00,DC_4,23.43,58.14,52.97,45.92,472.82,23.43,43.14,37.97,42.78319114,6.83
2024-03-23 13:30:00,DC_4,25.34,49.85,51.65,54.07,563.76,25.34,49.85,51.65,54.07,0.0
2024-03-23 16:00:00,DC_4,22.76,54.53,54.83,85.48,742.19,22.76,54.53,54.83,85.48,0.0
2024-03-23 18:30:00,DC_4,22.23,61.23,57.42,101.01,733.36,23.23,53.23,42.42,99.09967877,1.89
2024-03-23 21:00:00,DC_4,23.07,57.14,45.49,78.62,710.04,23.07,49.14,30.49,76.8425187,2.26
2024-03-23 23:30:00,DC_4,23.32,46.69,52.05,58.79,623.33,23.32,46.69,52.05,58.78904319,0.0
2024-03-24 02:00:00,DC_4,27.9,49.77,43.45,38.15,546.93,27.9,49.77,43.45,38.14915946,0.0
2024-03-24 04:30:00,DC_4,21.12,50.94,43.65,36.69,371.76,23.12,35.94,30.0,34.50391166,5.96
2024-03-24 07:00:00,DC_4,24.1,45.77,33.95,37.6,406.48,24.1,45.77,33.95,37.6,0.0
2024-03-24 09:30:00,DC_4,25.9,49.66,41.07,29.2,416.71,25.9,49.66,30.0,29.10784931,0.32
2024-03-24 12:00:00,DC_4,16.54,73.16,67.63,119.28,627.3,19.04,58.16,52.63,107.8885453,9.55
2024-03-24 14:30:00,DC_4,20.91,65.44,60.93,85.15,592.37,23.41,50.44,45.93,79.68432897,6.42
2024-03-24 17:00:00,DC_4,23.65,53.87,61.07,89.67,712.4,23.65,53.87,46.07,87.77422403,2.11
2024-03-24 19:30:00,DC_4,21.65,55.71,62.47,97.09,753.91,23.15,55.71,47.47,93.54108436,3.66
2024-03-24 22:00:00,DC_4,24.12,54.03,47.68,73.68,649.83,24.12,54.03,32.68,72.67622795,1.36
2024-03-25 00:30:00,DC_4,21.9,55.68,51.73,71.39,664.37,22.9,47.68,36.73,67.0258174,6.11
2024-03-25 03:00:00,DC_4,22.82,55.739999999999995,44.92,49.62,544.05,22.82,42.63,30.0,47.00685265,5.27
2024-03-25 05:30:00,DC_4,24.01,47.97,42.64,42.29,409.25,24.01,47.97,30.0,41.51296132,1.84
2024-03-25 08:00:00,DC_4,24.57,45.32,49.1,43.21,450.02,24.57,45.32,49.1,43.20907615,0.0
2024-03-25 10:30:00,DC_4,23.18,55.58,56.27,57.25,520.72,23.18,47.58,41.27,54.97048244,3.98
2024-03-25 13:00:00,DC_4,21.45,54.84,57.38,121.75,756.48,21.45,54.84,57.38,121.75,0.0
2024-03-25 15:30:00,DC_4,23.73,74.65,61.09,158.11,1031.03,23.73,66.65,46.09,153.9142222,2.65
2024-03-25 18:00:00,DC_4,21.78,73.08,75.57,175.96,1095.29,23.28,65.08,60.57,169.0185986,3.94
2024-03-25 20:30:00,DC_4,26.95,59.17,57.9,115.28,929.76,26.95,59.17,57.9,115.28,0.0
2024-03-25 23:00:00,DC_4,24.26,53.46,53.47,91.73,835.3,24.26,53.46,53.47,91.72800178,0.0
2024-03-26 01:30:00,DC_4,23.62,55.92,46.07,65.91,640.64,23.62,55.92,31.07,63.82647771,3.16
2024-03-26 04:00:00,DC_4,23.17,50.54,45.39,48.76,530.99,23.17,50.54,45.39,48.75976433,0.0
2024-03-26 06:30:00,DC_4,21.79,45.01,41.58,42.39,432.02,22.79,37.01,30.0,40.41833223,4.65
2024-03-26 09:00:00,DC_4,22.84,55.739999999999995,51.56,58.58,504.2,23.34,45.62,36.56,55.16604015,5.83
2024-03-26 11:30:00,DC_4,22.92,55.739999999999995,46.41,75.54,626.46,23.42,49.98,31.41,73.06163324,3.28
2024-03-26 14:00:00,DC_4,23.6,64.83,54.78,82.83,698.88,23.6,56.83,39.78,78.8062641,4.86
2024-03-26 16:30:00,DC_4,22.28,66.3,68.38,170.88,1114.35,23.28,66.3,53.38,167.5609309,1.94
2024-03-26 19:00:00,DC_4,23.04,60.18,62.04,140.85,949.98,23.04,60.18,62.04,140.8468947,0.0
2024-03-26 21:30:00,DC_4,23.48,61.03,62.32,137.95,976.61,23.48,61.03,62.32,137.9471796,0.0
2024-03-27 00:00:00,DC_4,24.06,48.46,46.9,66.42,621.83,24.06,48.46,46.9,66.41899234,0.0
2024-03-27 02:30:00,DC_4,23.08,63.6,44.04,71.0,655.82,23.08,48.6,30.0,68.47567635,3.56
2024-03-27 05:00:00,DC_4,24.47,42.78,44.21,36.61,458.26,24.47,42.78,44.21,36.60690529,0.01
2024-03-27 07:30:00,DC_4,21.48,50.46,48.33,50.88,451.91,23.48,42.46,33.33,48.43660695,4.8
2024-03-27 10:00:00,DC_4,23.48,52.42,50.12,59.96,527.56,23.48,52.42,50.12,59.96,0.0
2024-03-27 12:30:00,DC_4,24.31,54.52,49.06,72.47,668.05,24.31,54.52,34.06,72.01377454,0.63
2024-03-27 15:00:00,DC_4,23.68,60.66,53.69,111.09,879.28,23.68,60.66,38.69,111.024409,0.06
2024-03-27 17:30:00,DC_4,23.86,62.36,66.07,178.86,1145.66,23.86,62.36,66.07,178.86,0.0
2024-03-27 20:00:00,DC_4,21.91,66.86,64.04,143.99,902.37,21.91,66.86,64.04,143.9893518,0.0
2024-03-27 22:30:00,DC_4,23.9,59.73,59.46,104.02,859.19,23.9,59.73,44.46,101.7332913,2.2
2024-03-28 01:00:00,DC_4,25.37,42.51,48.26,58.69,659.69,25.37,42.51,48.26,58.69,0.0
2024-03-28 03:30:00,DC_4,21.85,54.66,51.26,56.47,568.64,23.35,46.66,36.26,53.42369713,5.39
2024-03-28 06:00:00,DC_4,23.62,57.11,42.01,36.01,400.28,23.62,42.11,30.0,32.17319886,10.65
2024-03-28 08:30:00,DC_4,22.06,56.01,48.69,49.17,426.0,23.06,41.01,33.69,46.24753709,5.94
2024-03-28 11:00:00,DC_4,21.45,62.14,53.0,75.93,585.54,23.45,47.14,38.0,69.24898826,8.8
2024-03-28 13:30:00,DC_4,22.35,58.33,62.23,87.31,677.45,23.35,50.33,47.23,83.77520943,4.05
2024-03-28 16:00:00,DC_4,22.22,64.25,59.49,171.27,1068.35,23.22,64.25,44.49,168.6932613,1.5
2024-03-28 18:30:00,DC_4,21.56,66.5,63.18,123.1,941.59,23.06,58.5,48.18,118.2357314,3.95
2024-03-28 21:00:00,DC_4,21.61,70.22,58.14,132.05,985.29,23.11,62.22,43.14,126.7497506,4.01
2024-03-28 23:30:00,DC_4,22.45,58.14,53.9,89.92,787.12,22.45,50.14,38.9,88.47177197,1.61
2024-03-29 02:00:00,DC_4,16.45,65.59,56.41,101.79,665.09,18.95,50.59,41.41,93.868595,7.78
2024-03-29 04:30:00,DC_4,20.1,52.14,52.08,45.17,434.28,22.6,37.14,37.08,41.57885532,7.95
2024-03-29 07:00:00,DC_4,24.12,47.37,41.34,49.86,477.51,24.12,47.37,30.0,48.6111542,2.5
2024-03-29 09:30:00,DC_4,16.08,68.85,65.92,108.87,543.34,18.58,53.85,50.92,98.29849168,9.71
2024-03-29 12:00:00,DC_4,22.0,64.15,57.35,98.38,673.23,23.0,49.15,42.35,91.6826104,6.81
2024-03-29 14:30:00,DC_4,23.13,61.41,52.66,110.48,829.83,23.13,53.41,37.66,107.6982658,2.52
2024-03-29 17:00:00,DC_4,22.7,66.41,66.52,178.57,1094.03,23.2,66.41,51.52,176.0903289,1.39
2024-03-29 19:30:00,DC_4,22.17,75.98,64.38,214.42,1183.46,22.17,75.98,64.38,214.4188743,0.0
2024-03-29 22:00:00,DC_4,22.76,66.18,58.2,115.12,917.12,23.26,58.18,43.2,111.7050402,2.97
2024-03-30 00:30:00,DC_4,26.73,52.82,40.85,52.7,624.63,26.73,52.82,40.85,52.6951312,0.01
2024-03-30 03:00:00,DC_4,22.62,49.06,47.28,53.55,490.29,22.62,41.06,32.28,50.36753001,5.94
2024-03-30 05:30:00,DC_4,24.4,44.87,36.74,28.27,432.49,24.4,44.87,30.0,27.16619951,3.9
2024-03-30 08:00:00,DC_4,21.15,54.66,50.07,50.51,413.79,23.15,39.66,35.07,44.36322363,12.17
2024-03-30 10:30:00,DC_4,22.48,53.3,56.51,58.94,486.94,22.98,38.3,41.51,56.39971164,4.31
2024-03-30 13:00:00,DC_4,21.71,61.0,53.44,65.78,605.05,23.21,46.0,38.44,62.78758408,4.55
2024-03-30 15:30:00,DC_4,22.97,59.87,61.37,126.63,870.0,23.47,59.87,46.37,125.3725167,0.99
2024-03-30 18:00:00,DC_4,21.8,60.66,51.59,88.06,698.4,23.3,52.66,36.59,82.07424881,6.8
2024-03-30 20:30:00,DC_4,23.12,59.74,53.57,117.36,832.85,23.12,59.74,53.57,117.3580802,0.0
2024-03-30 23:00:00,DC_4,22.44,61.18,48.13,76.18,698.55,23.44,53.18,33.13,73.81656202,3.1
2024-03-31 01:30:00,DC_4,16.34,68.32,57.17,93.07,588.41,18.84,53.32,42.17,85.18300746,8.47
2024-03-31 04:00:00,DC_4,16.04,56.8,49.91,65.39,485.46,18.54,41.8,34.91,58.86268596,9.98
2024-03-31 06:30:00,DC_4,17.28,58.51,53.73,74.82,501.51,19.78,43.51,38.73,68.74085478,8.13
2024-03-31 09:00:00,DC_4,22.69,58.46,47.42,44.1,442.35,23.19,43.46,32.42,39.6859589,10.01
2024-03-31 11:30:00,DC_4,17.12,57.97,57.9,84.1,515.52,19.62,42.97,42.9,76.37609618,9.18
2024-03-31 14:00:00,DC_4,21.08,63.04,59.03,90.08,688.56,23.08,48.04,44.03,83.6423469,7.15
2024-03-31 16:30:00,DC_4,24.02,55.72,53.73,82.53,704.49,24.02,55.72,38.73,80.58884989,2.35
2024-03-31 19:00:00,DC_4,22.3,66.6,63.77,114.55,771.17,22.8,51.6,48.77,109.3485518,4.54
2024-03-31 21:30:00,DC_4,20.06,58.27,55.73,82.89,672.52,22.56,50.27,40.73,76.91105551,7.21
2024-04-01 00:00:00,DC_4,23.43,59.13,50.37,85.69,776.81,23.43,59.13,50.37,85.68613556,0.0
2024-04-01 02:30:00,DC_4,22.72,63.03,53.77,72.76,589.11,23.22,48.03,38.77,68.53070359,5.81
2024-04-01 05:00:00,DC_4,23.13,55.739999999999995,44.96,29.52,424.33,23.13,42.99,30.0,27.30235562,7.51
2024-04-01 07:30:00,DC_4,22.24,53.27,50.16,44.18,440.7,22.74,38.27,35.16,42.4224002,3.98
2024-04-01 10:00:00,DC_4,22.36,55.9,59.22,72.9,535.08,23.36,47.9,44.22,68.91701362,5.46
2024-04-01 12:30:00,DC_4,22.69,59.57,62.62,91.56,719.58,22.69,59.57,62.62,91.55538383,0.01
2024-04-01 15:00:00,DC_4,21.36,67.73,61.7,106.52,872.63,23.36,59.73,46.7,99.48226195,6.61
2024-04-01 17:30:00,DC_4,22.62,69.25,68.38,224.88,1237.46,23.12,69.25,53.38,221.1525926,1.66
2024-04-01 20:00:00,DC_4,22.27,72.5,63.55,164.25,1062.2,23.27,64.5,48.55,157.1029077,4.35
2024-04-01 22:30:00,DC_4,23.4,71.02,54.47,90.85,796.35,23.4,56.02,39.47,86.89616065,4.35
2024-04-02 01:00:00,DC_4,21.19,58.79,57.45,113.01,735.39,22.69,50.79,42.45,106.6339531,5.64
2024-04-02 03:30:00,DC_4,22.61,56.95,43.26,45.59,512.51,23.11,41.95,30.0,42.66747789,6.41
2024-04-02 06:00:00,DC_4,23.13,55.739999999999995,44.81,36.76,388.86,23.13,40.67,30.0,33.21135235,9.65
2024-04-02 08:30:00,DC_4,22.52,52.78,41.94,53.44,485.64,23.02,44.78,30.0,51.32501609,3.96
2024-04-02 11:00:00,DC_4,23.17,70.49,59.91,195.02,1166.6,23.17,70.49,44.91,192.6321941,1.22
2024-04-02 13:30:00,DC_4,22.89,58.08,64.52,116.49,809.26,23.39,58.08,49.52,116.1231131,0.31
2024-04-02 16:00:00,DC_4,21.65,69.27,65.45,181.94,1006.98,23.15,61.27,50.45,173.2112749,4.8
2024-04-02 18:30:00,DC_4,24.83,62.89,53.97,111.13,897.54,24.83,62.89,53.97,111.1268624,0.0
2024-04-02 21:00:00,DC_4,24.2,61.76,60.25,109.53,900.89,24.2,61.76,60.25,109.5287966,0.0
2024-04-02 23:30:00,DC_4,22.89,57.83,51.54,94.32,872.68,23.39,57.83,36.54,92.73157568,1.68
2024-04-03 02:00:00,DC_4,24.56,51.3,51.26,68.39,642.97,24.56,51.3,51.26,68.38636825,0.01
2024-04-03 04:30:00,DC_4,24.01,44.82,43.61,58.39,520.06,24.01,44.82,43.61,58.39,0.0
2024-04-03 07:00:00,DC_4,23.06,40.77,41.16,40.11,405.67,23.06,40.77,30.0,38.50779131,3.99
2024-04-03 09:30:00,DC_4,21.84,48.12,44.62,54.25,411.24,23.34,40.12,30.0,51.51886291,5.03
2024-04-03 12:00:00,DC_4,23.01,63.28,48.93,79.32,675.35,23.01,48.28,33.93,75.76730662,4.48
2024-04-03 14:30:00,DC_4,21.42,61.86,59.87,111.39,856.67,22.92,53.86,44.87,105.8994817,4.93
2024-04-03 17:00:00,DC_4,22.12,73.59,66.55,137.46,963.67,23.12,58.59,51.55,130.1048939,5.35
2024-04-03 19:30:00,DC_4,23.85,59.81,61.92,156.64,1087.44,23.85,59.81,61.92,156.635519,0.0
2024-04-03 22:00:00,DC_4,21.03,64.35,65.54,156.32,1071.13,22.53,56.35,50.54,148.4366978,5.04
2024-04-04 00:30:00,DC_4,21.85,57.36,50.9,85.46,815.01,22.35,49.36,37.8,81.94841307,4.11
2024-04-04 03:00:00,DC_4,22.96,48.09,42.81,65.1,561.85,23.46,48.09,30.0,63.0499244,3.15
2024-04-04 05:30:00,DC_4,23.76,43.1,46.78,44.42,487.22,23.76,43.1,31.78,43.41985869,2.25
2024-04-04 08:00:00,DC_4,22.97,51.67,50.01,54.96,484.52,23.47,43.67,35.01,51.05698042,7.1
2024-04-04 10:30:00,DC_4,16.72,58.34,55.35,93.08,562.43,19.22,43.34,40.35,87.18687633,6.33
2024-04-04 13:00:00,DC_4,24.05,60.03,57.36,84.89,718.67,24.05,60.03,42.36,83.47724685,1.66
2024-04-04 15:30:00,DC_4,23.82,65.55,64.5,158.49,966.92,23.82,65.55,49.5,157.3036852,0.75
2024-04-04 18:00:00,DC_4,22.73,68.57,75.2,196.88,1183.51,23.23,68.57,60.2,194.4221103,1.25
2024-04-04 20:30:00,DC_4,16.12,73.56,65.33,158.04,894.37,18.62,58.56,50.33,146.2445756,7.46
2024-04-04 23:00:00,DC_4,23.51,60.83,51.97,93.31,844.48,23.51,60.83,36.97,91.29756943,2.16
2024-04-05 01:30:00,DC_4,24.48,54.42,45.22,64.14,665.11,24.48,54.42,45.22,64.14,0.0
2024-04-05 04:00:00,DC_4,24.2,47.56,50.9,46.27,512.98,24.2,47.56,40.41,46.27,0.0
2024-04-05 06:30:00,DC_4,22.85,43.73,45.72,31.56,382.23,22.85,35.73,30.72,29.87812025,5.33
2024-04-05 09:00:00,DC_4,22.44,50.63,47.88,41.29,429.78,23.44,42.63,32.88,40.94940975,0.82
2024-04-05 11:30:00,DC_4,23.27,64.58,58.28,72.13,613.56,23.27,49.58,43.28,68.83029558,4.57
2024-04-05 14:00:00,DC_4,24.52,63.79,58.46,91.01,740.11,24.52,63.79,43.46,88.90213958,2.32
2024-04-05 16:30:00,DC_4,20.94,67.91,61.48,149.59,993.13,23.44,59.91,46.48,141.2468287,5.58
2024-04-05 19:00:00,DC_4,22.25,64.96,63.0,135.83,962.0,22.75,56.96,48.0,134.1688079,1.22
2024-04-05 21:30:00,DC_4,21.3,70.55,61.83,164.66,987.99,23.3,62.55,46.83,154.5637671,6.13
2024-04-06 00:00:00,DC_4,23.18,45.63,42.99,62.24,603.1,23.18,45.63,42.99,62.23880166,0.0
2024-04-06 02:30:00,DC_4,23.82,47.4,46.43,32.24,461.21,23.82,47.4,31.43,30.73254573,4.68
2024-04-06 05:00:00,DC_4,21.7,43.62,47.56,35.68,388.36,22.7,35.62,32.56,33.53675234,6.01
2024-04-06 07:30:00,DC_4,26.21,46.06,50.42,52.22,590.96,26.21,46.06,50.42,52.21897561,0.0
2024-04-06 10:00:00,DC_4,24.3,43.94,38.33,31.81,388.72,24.3,43.94,30.0,29.85189469,6.16
2024-04-06 12:30:00,DC_4,22.8,49.2,49.3,72.25,518.23,23.3,41.2,34.3,68.63318644,5.01
2024-04-06 15:00:00,DC_4,23.38,60.78,53.15,76.7,642.24,23.38,52.78,38.15,72.76485581,5.13
2024-04-06 17:30:00,DC_4,17.14,73.82,61.73,131.17,760.69,19.64,58.82,46.73,120.0192492,8.5
2024-04-06 20:00:00,DC_4,24.69,50.68,54.08,76.94,712.84,24.69,50.68,54.08,76.93966024,0.0
2024-04-06 22:30:00,DC_4,21.37,65.95,47.68,83.85,648.37,23.37,50.95,32.68,77.86601168,7.14
2024-04-07 01:00:00,DC_4,24.07,58.93,48.03,65.12,686.79,24.07,58.93,33.03,62.28829699,4.35
2024-04-07 03:30:00,DC_4,25.1,51.05,49.07,49.37,503.45,25.1,51.05,34.07,48.89622679,0.96
2024-04-07 06:00:00,DC_4,23.33,53.54,43.34,50.67,527.23,23.33,45.54,30.0,48.05298858,5.16
2024-04-07 08:30:00,DC_4,24.12,53.47,46.11,43.38,504.52,24.12,45.47,31.11,42.22572383,2.66
2024-04-07 11:00:00,DC_4,22.54,54.8,54.55,57.44,549.67,23.04,46.8,39.55,55.90071905,2.68
2024-04-07 13:30:00,DC_4,23.85,51.12,48.77,76.44,652.43,23.85,51.12,48.77,76.44,0.0
2024-04-07 16:00:00,DC_4,23.82,66.59,60.5,117.93,770.55,23.82,58.59,45.5,112.3993892,4.69
2024-04-07 18:30:00,DC_4,23.87,67.08,46.55,72.33,715.48,23.87,52.08,31.55,67.91862137,6.1
2024-04-07 21:00:00,DC_4,23.48,60.29,58.13,105.62,737.81,23.48,52.29,43.13,101.9091442,3.51
2024-04-07 23:30:00,DC_4,22.1,58.66,47.83,68.38,647.1,23.1,50.66,32.83,64.89359844,5.1
2024-04-08 02:00:00,DC_4,20.37,64.79,57.96,118.86,866.09,22.87,56.79,42.96,112.2306942,5.58
2024-04-08 04:30:00,DC_4,23.64,55.07,47.05,47.4,429.38,23.64,47.07,32.05,45.81202975,3.35
2024-04-08 07:00:00,DC_4,24.94,46.49,46.53,39.07,467.82,24.94,46.49,46.53,39.06991347,0.0
2024-04-08 09:30:00,DC_4,24.35,52.69,47.46,54.41,504.99,24.35,52.69,32.46,53.80171459,1.12
2024-04-08 12:00:00,DC_4,22.38,56.31,55.88,72.85,606.5,23.38,48.31,40.88,69.78219142,4.21
2024-04-08 14:30:00,DC_4,22.03,61.39,53.48,104.24,701.31,22.53,46.39,38.48,99.24472145,4.79
2024-04-08 17:00:00,DC_4,24.33,69.62,58.61,152.76,1036.24,24.33,69.62,58.61,152.7579555,0.0
2024-04-08 19:30:00,DC_4,23.99,62.77,64.7,125.24,945.17,23.99,62.77,64.7,125.2367976,0.0
2024-04-08 22:00:00,DC_4,21.67,61.15,55.07,107.23,847.19,22.67,53.15,40.07,103.7960116,3.2
2024-04-09 00:30:00,DC_4,22.42,63.2,57.9,103.13,814.37,23.42,55.2,42.9,99.74669455,3.28
2024-04-09 03:00:00,DC_4,21.97,54.86,55.28,66.55,572.13,23.47,46.86,40.28,62.13108989,6.64
2024-04-09 05:30:00,DC_4,22.92,47.31,46.1,38.59,420.71,23.42,39.31,31.1,37.21633444,3.56
2024-04-09 08:00:00,DC_4,23.64,53.24,46.0,45.44,489.86,23.64,53.24,46.0,45.4351998,0.01
2024-04-09 10:30:00,DC_4,25.12,49.74,50.41,74.68,614.06,25.12,49.74,50.41,74.68,0.0
2024-04-09 13:00:00,DC_4,23.22,62.14,56.27,103.03,754.64,23.22,54.14,41.27,100.6355897,2.32
2024-04-09 15:30:00,DC_4,20.89,73.4,64.21,162.92,967.56,23.39,58.4,49.21,153.5352489,5.76
2024-04-09 18:00:00,DC_4,22.71,60.99,61.21,159.81,998.22,23.21,60.99,46.21,158.0558203,1.1
2024-04-09 20:30:00,DC_4,24.91,59.36,65.45,125.0,1016.91,24.91,59.36,65.45,125.0,0.0
2024-04-09 23:00:00,DC_4,28.61,42.85,50.87,70.84,889.57,28.61,42.85,50.87,70.83836389,0.0
2024-04-10 01:30:00,DC_4,23.7,58.09,55.63,103.44,924.62,23.7,58.09,55.63,103.44,0.0
2024-04-10 04:00:00,DC_4,21.65,51.46,50.9,56.05,514.27,23.15,43.46,40.29,51.80137374,7.58
2024-04-10 06:30:00,DC_4,24.83,51.85,37.59,36.44,477.0,24.83,51.85,30.0,35.55113637,2.44
2024-04-10 09:00:00,DC_4,23.5,57.1,47.28,55.88,514.28,23.5,49.1,32.28,52.74110127,5.62
2024-04-10 11:30:00,DC_4,22.85,61.09,52.66,80.0,579.79,23.35,46.09,37.66,76.75619307,4.05
2024-04-10 14:00:00,DC_4,23.56,58.2,56.61,88.92,753.17,23.56,58.2,41.61,87.84548259,1.21
2024-04-10 16:30:00,DC_4,23.07,65.95,62.25,129.77,914.45,23.07,57.95,47.25,125.8485335,3.02
2024-04-10 19:00:00,DC_4,21.4,67.18,68.02,135.42,966.95,23.4,59.18,53.02,127.3758264,5.94
2024-04-10 21:30:00,DC_4,25.62,58.76,54.73,95.89,911.5,25.62,58.76,54.73,95.88893057,0.0
2024-04-11 00:00:00,DC_4,23.61,58.06,50.93,88.2,811.59,23.61,58.06,50.93,88.2,0.0
2024-04-11 02:30:00,DC_4,17.72,55.52,60.67,84.5,558.95,20.22,40.52,45.67,76.44560494,9.53
2024-04-11 05:00:00,DC_4,24.15,47.45,42.01,34.24,425.53,24.15,47.45,30.0,31.55958072,7.83
2024-04-11 07:30:00,DC_4,23.09,38.72,38.34,36.6,400.98,23.09,38.72,38.34,36.6,0.0
2024-04-11 10:00:00,DC_4,16.6,68.36,60.86,97.38,567.98,19.1,53.36,45.86,87.51171457,10.13
2024-04-11 12:30:00,DC_4,23.47,55.7,58.24,82.04,684.38,23.47,55.7,58.24,82.03559708,0.01
2024-04-11 15:00:00,DC_4,24.1,55.739999999999995,49.65,138.29,947.99,24.1,67.03,34.65,137.6334843,0.47
2024-04-11 17:30:00,DC_4,21.77,67.93,61.21,180.04,1057.12,22.77,59.93,46.21,175.455289,2.55
2024-04-11 20:00:00,DC_4,22.21,65.86,55.44,132.95,913.62,23.21,57.86,40.44,125.9820649,5.24
2024-04-11 22:30:00,DC_4,22.8,63.33,63.95,143.13,939.16,22.8,63.33,63.95,143.1256988,0.0
2024-04-12 01:00:00,DC_4,21.78,61.37,53.04,87.51,751.56,23.28,53.37,38.04,83.33826973,4.77
2024-04-12 03:30:00,DC_4,27.89,46.08,41.91,35.92,518.54,27.89,46.08,41.91,35.91787255,0.01
2024-04-12 06:00:00,DC_4,23.33,53.09,53.19,44.91,494.13,23.33,45.09,38.19,41.95307708,6.58
2024-04-12 08:30:00,DC_4,24.51,41.66,54.57,41.14,485.16,24.51,41.66,54.57,41.14,0.0
2024-04-12 11:00:00,DC_4,23.11,58.83,54.29,79.66,635.82,23.11,43.83,39.29,77.11143735,3.2
2024-04-12 13:30:00,DC_4,22.86,59.93,58.66,105.79,723.01,23.36,51.93,43.66,103.1116965,2.53
2024-04-12 16:00:00,DC_4,22.71,72.92,63.25,140.61,1011.16,22.71,72.92,63.25,140.6069713,0.0
2024-04-12 18:30:00,DC_4,28.88,58.74,55.88,129.3,949.43,28.88,58.74,55.88,129.2977003,0.0
2024-04-12 21:00:00,DC_4,23.31,59.22,60.92,117.1,941.82,23.31,59.22,60.92,117.0999637,0.0
2024-04-12 23:30:00,DC_4,23.18,56.62,47.4,90.79,792.49,23.18,56.62,32.4,89.73577679,1.16
2024-04-13 02:00:00,DC_4,23.84,55.14,44.01,46.67,513.67,23.84,47.14,30.0,43.29837586,7.22
2024-04-13 04:30:00,DC_4,22.0,57.7,55.41,80.9,621.49,22.5,42.7,40.41,78.70109437,2.72
2024-04-13 07:00:00,DC_4,23.52,48.8,44.25,39.49,401.85,23.52,40.8,30.0,38.22326424,3.21
2024-04-13 09:30:00,DC_4,23.68,47.93,39.92,53.51,460.56,23.68,47.93,30.0,52.94395149,1.06
2024-04-13 12:00:00,DC_4,26.01,49.94,46.28,60.66,614.14,26.01,49.94,46.28,60.65694401,0.01
2024-04-13 14:30:00,DC_4,24.7,53.25,54.54,92.09,714.81,24.7,53.25,54.54,92.09,0.0
2024-04-13 17:00:00,DC_4,24.72,50.88,53.8,84.66,702.37,24.72,50.88,53.8,84.65901239,0.0
2024-04-13 19:30:00,DC_4,22.32,67.03,50.99,121.26,797.64,23.32,52.03,35.99,116.3386774,4.06
2024-04-13 22:00:00,DC_4,22.92,60.93,49.52,87.76,710.3,23.42,52.93,34.52,84.16672976,4.09
2024-04-14 00:30:00,DC_4,23.5,52.95,50.92,56.22,613.54,23.5,52.95,35.92,55.15566658,1.89
2024-04-14 03:00:00,DC_4,23.81,46.98,44.33,42.99,509.9,23.81,46.98,30.0,42.73878622,0.58
2024-04-14 05:30:00,DC_4,24.87,38.55,42.1,26.4,427.31,24.87,38.55,42.1,26.4,0.0
2024-04-14 08:00:00,DC_4,28.45,45.13,43.18,25.23,395.12,28.45,45.13,43.18,25.23,0.0
2024-04-14 10:30:00,DC_4,26.73,58.23,51.05,71.49,602.62,26.73,58.23,51.05,71.48757977,0.0
2024-04-14 13:00:00,DC_4,22.53,58.33,52.49,65.46,550.62,23.03,43.33,37.49,61.95823852,5.35
2024-04-14 15:30:00,DC_4,24.37,61.26,51.44,102.14,672.31,24.37,53.26,36.44,99.04574481,3.03
2024-04-14 18:00:00,DC_4,22.33,65.01,59.84,111.94,754.73,22.83,50.01,44.84,107.0351686,4.38
2024-04-14 20:30:00,DC_4,23.64,70.64,53.57,97.66,772.95,23.64,55.64,38.57,92.80435827,4.97
2024-04-14 23:00:00,DC_4,17.46,58.97,67.01,100.17,656.22,19.96,43.97,52.01,91.51327298,8.64
2024-04-15 01:30:00,DC_4,27.78,49.24,56.62,60.39,587.54,27.78,49.24,56.62,60.39,0.0
2024-04-15 04:00:00,DC_4,21.58,56.75,47.55,58.95,508.79,23.08,41.75,32.55,54.91473656,6.85
2024-04-15 06:30:00,DC_4,24.0,46.63,43.96,43.4,426.36,24.0,46.63,43.96,43.39538654,0.01
2024-04-15 09:00:00,DC_4,24.81,51.07,37.11,49.42,499.9,24.81,51.07,30.0,48.94514271,0.96
2024-04-15 11:30:00,DC_4,25.26,60.36,40.32,62.53,539.37,25.26,60.36,30.0,61.87089696,1.05
2024-04-15 14:00:00,DC_4,23.45,54.53,52.92,99.44,744.71,23.45,54.53,37.92,99.20485138,0.24
2024-04-15 16:30:00,DC_4,24.26,64.18,55.23,154.5,1014.88,24.26,64.18,55.23,154.5,0.0
2024-04-15 19:00:00,DC_4,21.02,76.16,71.3,188.82,1043.5,23.02,61.16,56.3,176.8698385,6.33
2024-04-15 21:30:00,DC_4,21.33,69.52,55.82,126.12,954.26,23.33,61.52,40.82,120.1596976,4.73
2024-04-16 00:00:00,DC_4,23.38,54.29,52.21,74.75,691.29,23.38,54.29,37.21,72.94128088,2.42
2024-04-16 02:30:00,DC_4,21.9,62.18,44.07,57.58,587.89,23.4,47.18,30.0,54.3604234,5.59
2024-04-16 05:00:00,DC_4,23.22,52.41,47.44,46.99,495.84,23.22,44.41,32.44,44.96900928,4.3
2024-04-16 07:30:00,DC_4,22.59,48.97,46.02,45.34,438.73,23.09,40.97,31.02,44.06649605,2.81
2024-04-16 10:00:00,DC_4,24.2,50.62,43.83,50.56,495.98,24.2,50.62,43.83,50.56,0.0
2024-04-16 12:30:00,DC_4,23.03,52.55,55.72,72.17,689.8,23.03,52.55,40.72,71.35258397,1.13
2024-04-16 15:00:00,DC_4,16.86,73.16,72.62,181.08,859.97,19.36,58.16,57.62,166.1741661,8.23
2024-04-16 17:30:00,DC_4,22.7,72.6,59.58,179.22,1190.62,22.7,64.6,44.58,175.7559046,1.93
2024-04-16 20:00:00,DC_4,17.01,86.08,79.62,267.41,1238.09,19.51,71.08,64.62,248.3428737,7.13
2024-04-16 22:30:00,DC_4,24.62,61.33,51.46,84.26,813.87,24.62,61.33,36.46,80.76832767,4.14
2024-04-17 01:00:00,DC_4,21.61,48.46,48.65,71.45,649.63,23.11,48.46,33.65,69.08168188,3.31
2024-04-17 03:30:00,DC_4,20.89,54.43,50.25,68.11,700.99,22.39,46.43,35.25,66.13996817,2.89
2024-04-17 06:00:00,DC_4,22.31,48.24,49.94,38.87,451.39,23.31,40.24,34.94,36.72757441,5.51
2024-04-17 08:30:00,DC_4,22.67,51.81,50.0,54.41,431.71,22.67,36.81,35.0,51.08417628,6.11
2024-04-17 11:00:00,DC_4,22.43,51.27,55.43,75.09,618.86,22.93,43.27,40.43,72.96873853,2.82
2024-04-17 13:30:00,DC_4,23.82,62.66,54.58,106.62,747.88,23.82,54.66,39.58,103.6030147,2.83
2024-04-17 16:00:00,DC_4,21.87,75.39,67.41,160.99,1054.33,22.87,60.39,52.41,153.7046792,4.53
2024-04-17 18:30:00,DC_4,20.92,73.0,60.99,173.06,974.21,22.92,58.0,45.99,160.8898467,7.03
2024-04-17 21:00:00,DC_4,22.33,71.3,64.77,146.87,1022.94,23.33,63.3,49.77,142.8158455,2.76
2024-04-17 23:30:00,DC_4,23.8,58.8,49.19,68.76,697.68,23.8,58.8,49.19,68.76,0.0
2024-04-18 02:00:00,DC_4,25.36,53.78,45.86,60.5,641.61,25.36,53.78,45.86,60.5,0.0
2024-04-18 04:30:00,DC_4,23.62,53.73,43.45,46.45,472.82,23.62,45.73,30.0,43.70685157,5.91
2024-04-18 07:00:00,DC_4,22.28,55.11,45.81,37.77,423.62,23.28,40.11,30.81,33.95493189,10.1
2024-04-18 09:30:00,DC_4,24.26,50.21,45.97,36.93,462.0,24.26,50.21,30.97,36.23136988,1.89
2024-04-18 12:00:00,DC_4,24.0,57.86,56.44,92.81,721.96,24.0,57.86,41.44,91.44421554,1.47
2024-04-18 14:30:00,DC_4,22.53,70.09,57.33,123.89,897.83,23.03,55.09,42.33,119.2378325,3.76
2024-04-18 17:00:00,DC_4,22.34,74.21,70.13,215.54,1178.93,22.84,66.21,55.13,211.7592352,1.75
2024-04-18 19:30:00,DC_4,23.84,65.35,63.12,144.82,1041.97,23.84,65.35,63.12,144.82,0.0
2024-04-18 22:00:00,DC_4,22.6,59.08,58.45,95.55,922.38,23.1,59.08,43.45,94.93612375,0.64
2024-04-19 00:30:00,DC_4,18.05,65.88,57.04,95.52,706.39,20.55,50.88,42.04,87.84551274,8.03
2024-04-19 03:00:00,DC_4,17.78,57.39,57.83,68.01,588.95,20.28,42.39,42.83,61.23465615,9.96
2024-04-19 05:30:00,DC_4,22.6,50.59,46.27,36.62,460.56,23.1,42.59,31.27,35.01327248,4.39
2024-04-19 08:00:00,DC_4,22.45,46.8,35.52,38.95,415.61,23.45,38.8,30.0,37.69867085,3.21
2024-04-19 10:30:00,DC_4,22.38,62.26,56.03,76.19,580.19,22.38,62.26,56.03,76.18886027,0.0
2024-04-19 13:00:00,DC_4,22.96,60.09,47.58,113.68,770.48,22.96,60.09,47.58,113.6765618,0.0
2024-04-19 15:30:00,DC_4,22.8,70.96,61.15,129.91,931.29,23.3,55.96,46.15,125.0246727,3.76
2024-04-19 18:00:00,DC_4,22.52,76.17,67.35,212.13,1190.21,22.52,76.17,67.35,212.13,0.0
2024-04-19 20:30:00,DC_4,21.59,64.32,55.91,129.41,870.07,23.09,56.32,40.91,123.588489,4.5
2024-04-19 23:00:00,DC_4,18.02,71.85,65.75,134.73,872.89,20.52,56.85,50.75,123.5591876,8.29
2024-04-20 01:30:00,DC_4,27.12,47.4,46.51,42.82,528.52,27.12,47.4,46.51,42.82,0.0
2024-04-20 04:00:00,DC_4,21.67,50.37,45.94,47.77,458.5,22.17,35.37,30.94,45.50691234,4.74
2024-04-20 06:30:00,DC_4,21.03,47.99,46.55,42.01,410.7,23.03,39.99,31.55,38.33928405,8.74
2024-04-20 09:00:00,DC_4,24.3,47.69,44.89,39.15,394.15,24.3,39.69,30.0,38.49900001,1.66
2024-04-20 11:30:00,DC_4,22.7,58.17,50.9,62.64,487.76,23.2,43.17,33.66,57.75575621,7.8
2024-04-20 14:00:00,DC_4,18.44,67.35,63.08,97.7,547.33,20.94,52.35,48.08,89.81176195,8.07
2024-04-20 16:30:00,DC_4,23.31,60.72,58.38,106.56,775.58,23.31,52.72,43.38,103.4252184,2.94
2024-04-20 19:00:00,DC_4,24.56,53.64,43.08,72.6,753.19,24.56,53.64,43.08,72.59849748,0.0
2024-04-20 21:30:00,DC_4,24.26,61.67,46.04,72.29,732.65,24.26,61.67,31.04,70.92619068,1.89
2024-04-21 00:00:00,DC_4,21.8,53.83,56.17,73.11,608.51,23.3,45.83,41.17,68.14757541,6.79
2024-04-21 02:30:00,DC_4,21.21,61.2,49.71,87.66,609.49,22.71,46.2,34.71,80.74352023,7.89
2024-04-21 05:00:00,DC_4,26.97,46.28,38.8,26.92,407.39,26.97,46.28,38.8,26.91584402,0.02
2024-04-21 07:30:00,DC_4,22.18,51.73,50.9,90.1,672.68,23.18,51.73,35.13,86.24207416,4.28
2024-04-21 10:00:00,DC_4,22.39,46.39,41.35,44.27,417.65,23.39,38.39,30.0,42.26922004,4.52
2024-04-21 12:30:00,DC_4,21.02,58.86,54.94,69.73,536.4,23.02,43.86,39.94,64.4948687,7.51
2024-04-21 15:00:00,DC_4,23.36,69.26,54.97,92.64,700.32,23.36,54.26,39.97,88.19433318,4.8
2024-04-21 17:30:00,DC_4,20.72,57.69,58.89,92.06,692.32,23.22,49.69,43.89,85.7397928,6.87
2024-04-21 20:00:00,DC_4,22.59,61.09,52.02,70.42,687.14,23.09,53.09,37.02,68.23849719,3.1
2024-04-21 22:30:00,DC_4,23.08,61.69,46.19,62.06,651.63,23.08,46.69,31.19,59.02790828,4.89
2024-04-22 01:00:00,DC_4,27.13,48.89,39.51,52.71,687.41,27.13,48.89,39.51,52.7052358,0.01
2024-04-22 03:30:00,DC_4,24.31,49.13,40.43,46.93,530.94,24.31,49.13,30.0,46.89330395,0.08
2024-04-22 06:00:00,DC_4,23.32,51.44,46.16,38.8,485.8,23.32,43.44,31.16,38.73380217,0.17
2024-04-22 08:30:00,DC_4,22.77,49.8,49.55,35.37,423.74,23.27,41.8,34.55,34.72706416,1.82
2024-04-22 11:00:00,DC_4,22.3,53.17,54.78,65.04,599.15,23.3,45.17,39.78,60.45594642,7.05
2024-04-22 13:30:00,DC_4,17.19,74.01,64.99,162.69,778.84,19.69,59.01,49.99,150.0282814,7.78
2024-04-22 16:00:00,DC_4,18.41,78.98,74.46,206.85,1008.52,20.91,63.98,59.46,189.3274929,8.47
2024-04-22 18:30:00,DC_4,23.27,67.56,62.99,146.46,952.84,23.27,59.56,47.99,143.9564517,1.71
2024-04-22 21:00:00,DC_4,24.87,57.97,55.87,139.38,986.11,24.87,57.97,55.87,139.38,0.0
2024-04-22 23:30:00,DC_4,22.28,56.92,53.54,79.65,774.03,22.28,48.92,38.54,77.32191906,2.92
2024-04-23 02:00:00,DC_4,20.77,53.68,51.87,45.04,545.7,23.27,45.68,36.87,42.55812898,5.51
2024-04-23 04:30:00,DC_4,22.72,52.03,42.54,59.63,552.77,23.22,44.03,30.0,58.14271894,2.49
2024-04-23 07:00:00,DC_4,18.44,56.74,51.07,59.05,454.45,20.94,41.74,36.07,54.11080776,8.36
2024-04-23 09:30:00,DC_4,21.38,54.16,53.91,59.2,449.0,22.88,39.16,38.91,55.84077907,5.67
2024-04-23 12:00:00,DC_4,25.16,54.54,43.67,63.53,620.06,25.16,54.54,43.67,63.53,0.0
2024-04-23 14:30:00,DC_4,20.94,68.33,55.98,126.26,793.79,22.94,53.33,40.98,117.6794331,6.8
2024-04-23 17:00:00,DC_4,22.48,72.69,65.57,196.41,1111.23,23.48,64.69,50.57,191.4809664,2.51
2024-04-23 19:30:00,DC_4,22.81,70.78,61.08,149.11,954.48,22.81,55.78,46.08,145.637179,2.33
2024-04-23 22:00:00,DC_4,19.8,63.69,65.36,138.7,949.57,22.3,55.69,50.36,130.1353717,6.17
2024-04-24 00:30:00,DC_4,24.09,63.21,43.34,89.36,778.62,24.09,63.21,30.0,89.23475086,0.14
2024-04-24 03:00:00,DC_4,20.69,58.48,49.42,60.2,529.05,23.19,43.48,34.42,54.77673424,9.01
2024-04-24 05:30:00,DC_4,23.05,48.53,49.16,42.28,502.23,23.05,40.53,34.16,39.91868051,5.58
2024-04-24 08:00:00,DC_4,23.05,54.55,49.79,46.09,434.96,23.05,39.55,34.79,42.16648935,8.51
2024-04-24 10:30:00,DC_4,22.91,53.66,55.09,78.36,625.67,22.91,45.66,40.09,76.18639598,2.77
2024-04-24 13:00:00,DC_4,21.81,64.86,61.17,106.06,743.37,22.81,49.86,46.17,100.7047137,5.05
2024-04-24 15:30:00,DC_4,22.87,64.47,59.57,166.58,962.78,23.37,64.47,44.57,165.9511534,0.38
2024-04-24 18:00:00,DC_4,25.03,59.93,53.17,121.11,974.05,25.03,59.93,53.17,121.11,0.0
2024-04-24 20:30:00,DC_4,23.2,60.81,63.25,129.24,894.58,23.2,60.81,48.25,128.2173734,0.79
2024-04-24 23:00:00,DC_4,23.15,65.4,49.19,91.5,770.18,23.15,57.4,34.19,88.82753315,2.92
2024-04-25 01:30:00,DC_4,21.64,57.27,52.14,82.35,681.56,23.14,49.27,37.14,79.15415868,3.88
2024-04-25 04:00:00,DC_4,25.22,51.91,40.94,43.22,505.83,25.22,51.91,40.94,43.22,0.0
2024-04-25 06:30:00,DC_4,22.79,48.93,42.17,40.64,405.53,23.29,40.93,30.0,38.34034335,5.66
2024-04-25 09:00:00,DC_4,25.28,47.54,46.45,40.49,466.86,25.28,47.54,46.45,40.49,0.0
2024-04-25 11:30:00,DC_4,22.78,60.97,53.46,85.35,651.54,22.78,45.97,38.46,80.22321518,6.01
2024-04-25 14:00:00,DC_4,23.28,62.08,47.77,103.49,794.08,23.28,62.08,47.77,103.49,0.0
2024-04-25 16:30:00,DC_4,24.87,72.45,68.63,180.67,1201.28,24.87,72.45,68.63,180.67,0.0
2024-04-25 19:00:00,DC_4,21.83,73.9,67.72,195.03,1088.35,23.33,65.9,52.72,187.2561275,3.99
2024-04-25 21:30:00,DC_4,21.2,64.26,59.08,161.93,1008.83,23.2,64.26,44.08,154.2744983,4.73
2024-04-26 00:00:00,DC_4,23.57,56.91,49.14,70.27,655.53,23.57,56.91,34.14,67.63267074,3.75
2024-04-26 02:30:00,DC_4,22.51,55.27,48.64,75.55,664.27,23.01,47.27,33.64,72.30838771,4.29
2024-04-26 05:00:00,DC_4,23.45,48.55,44.19,41.64,448.19,23.45,48.55,44.19,41.63824771,0.0
2024-04-26 07:30:00,DC_4,24.56,53.33,53.05,43.48,407.72,24.56,45.33,38.05,40.60048402,6.62
2024-04-26 10:00:00,DC_4,24.26,44.19,45.51,46.74,526.92,24.26,44.19,45.51,46.73615913,0.01
2024-04-26 12:30:00,DC_4,23.56,64.31,54.4,91.24,696.94,23.56,56.31,39.4,88.61156686,2.88
2024-04-26 15:00:00,DC_4,23.81,60.26,53.79,104.33,774.95,23.81,60.26,38.79,103.8841797,0.43
2024-04-26 17:30:00,DC_4,26.65,63.09,58.21,154.33,1099.13,26.65,63.09,58.21,154.33,0.0
2024-04-26 20:00:00,DC_4,20.59,75.3,68.19,170.04,1172.96,23.09,67.3,53.19,161.3229222,5.13
2024-04-26 22:30:00,DC_4,18.16,75.64,59.89,143.06,895.96,20.66,60.64,44.89,132.1398029,7.63
2024-04-27 01:00:00,DC_4,22.13,55.19,50.06,68.61,565.19,23.13,47.19,35.06,65.39648089,4.68
2024-04-27 03:30:00,DC_4,23.32,47.78,44.23,45.05,491.52,23.32,47.78,30.0,43.75754528,2.87
2024-04-27 06:00:00,DC_4,22.83,49.66,36.19,38.86,379.94,22.83,34.66,30.0,37.7998675,2.73
2024-04-27 08:30:00,DC_4,22.89,53.33,54.4,51.71,513.27,23.39,45.33,39.4,49.75277816,3.78
2024-04-27 11:00:00,DC_4,24.92,44.55,52.21,62.45,536.94,24.92,44.55,52.21,62.45,0.0
2024-04-27 13:30:00,DC_4,21.82,57.35,61.97,68.74,583.92,22.32,42.35,46.97,65.75160305,4.35
2024-04-27 16:00:00,DC_4,21.88,60.81,54.95,91.21,685.5,23.38,52.81,39.95,86.18978134,5.5
2024-04-27 18:30:00,DC_4,21.99,62.09,58.86,111.8,741.87,23.49,54.09,43.86,106.7240956,4.54
2024-04-27 21:00:00,DC_4,23.12,59.37,49.16,94.74,843.08,23.12,59.37,34.16,93.98857549,0.79
2024-04-27 23:30:00,DC_4,22.66,54.23,54.54,81.39,625.64,23.16,46.23,39.54,77.9293316,4.25
2024-04-28 02:00:00,DC_4,21.58,53.11,47.68,54.79,547.39,23.08,45.11,32.68,51.4864548,6.03
2024-04-28 04:30:00,DC_4,23.07,50.47,40.94,48.66,479.05,23.07,50.47,40.94,48.65531165,0.01
2024-04-28 07:00:00,DC_4,24.15,52.8,39.74,34.43,420.37,24.15,52.8,39.74,34.43,0.0
2024-04-28 09:30:00,DC_4,26.9,47.75,41.82,51.29,510.95,26.9,47.75,41.82,51.2858274,0.01
2024-04-28 12:00:00,DC_4,22.68,61.02,55.88,68.46,507.17,23.18,46.02,40.88,63.16964065,7.73
2024-04-28 14:30:00,DC_4,23.04,52.14,54.89,63.94,623.91,23.04,52.14,39.89,61.5373864,3.76
2024-04-28 17:00:00,DC_4,23.33,53.82,58.24,98.74,687.16,23.33,53.82,43.24,98.17582758,0.57
2024-04-28 19:30:00,DC_4,22.43,60.8,50.9,93.2,773.37,23.43,52.8,44.48,89.47048119,4.0
2024-04-28 22:00:00,DC_4,27.2,52.69,48.71,57.35,694.26,27.2,52.69,48.71,57.35,0.0
2024-04-29 00:30:00,DC_4,23.24,60.55,51.63,87.61,721.03,23.24,52.55,36.63,84.98465105,3.0
2024-04-29 03:00:00,DC_4,19.66,58.89,46.01,72.17,595.12,22.16,43.89,31.01,64.50324153,10.62
2024-04-29 05:30:00,DC_4,21.3,54.88,50.9,48.97,483.09,23.3,39.88,31.42,43.77191284,10.61
2024-04-29 08:00:00,DC_4,23.71,49.24,48.89,45.23,450.3,23.71,41.24,33.89,43.68415178,3.42
2024-04-29 10:30:00,DC_4,24.82,53.73,51.31,65.81,566.34,24.82,53.73,36.31,64.8408811,1.47
2024-04-29 13:00:00,DC_4,25.34,61.64,53.14,90.77,762.42,25.34,61.64,53.14,90.77,0.0
2024-04-29 15:30:00,DC_4,21.48,70.9,67.39,198.06,1062.48,23.48,62.9,52.39,189.1809145,4.48
2024-04-29 18:00:00,DC_4,22.71,73.04,59.93,141.59,993.17,22.71,58.04,44.93,139.2514413,1.65
2024-04-29 20:30:00,DC_4,23.61,62.65,61.45,130.71,958.07,23.61,62.65,61.45,130.71,0.0
2024-04-29 23:00:00,DC_4,23.22,60.9,57.14,109.18,861.68,23.22,60.9,42.14,108.4819495,0.64
2024-04-30 01:30:00,DC_4,21.95,61.85,47.63,79.5,672.32,21.95,61.85,47.63,79.5,0.0
2024-04-30 04:00:00,DC_4,24.32,51.52,48.13,36.68,496.15,24.32,51.52,48.13,36.67941668,0.0
2024-04-30 06:30:00,DC_4,22.32,45.02,47.85,47.41,472.44,23.32,45.02,32.85,44.2829045,6.6
2024-04-30 09:00:00,DC_4,23.04,48.83,52.6,64.77,539.98,23.04,48.83,37.6,63.24851623,2.35
2024-04-30 11:30:00,DC_4,23.27,63.27,50.92,83.12,615.04,23.27,48.27,35.92,80.32763469,3.36
2024-04-30 14:00:00,DC_4,23.8,66.95,48.03,90.35,738.7,23.8,51.95,33.03,86.30868461,4.47
2024-04-30 16:30:00,DC_4,26.11,62.53,71.97,139.12,1079.93,26.11,62.53,71.97,139.12,0.0
2024-04-30 19:00:00,DC_4,22.51,68.61,55.3,152.28,975.66,23.01,60.61,40.3,147.9295774,2.86
2024-04-30 21:30:00,DC_4,20.94,65.49,58.57,128.63,884.58,23.44,57.49,43.57,120.2141064,6.54
2024-05-01 00:00:00,DC_4,25.26,58.39,49.08,84.84,702.35,25.26,58.39,49.08,84.83944758,0.0
2024-05-01 02:30:00,DC_4,21.85,57.52,54.96,58.01,587.8,22.35,42.52,39.96,55.67924643,4.02
2024-05-01 05:00:00,DC_4,21.41,47.36,44.41,50.36,507.04,22.41,39.36,30.0,48.95315123,2.79
2024-05-01 07:30:00,DC_4,22.64,49.82,45.98,58.62,465.22,23.14,41.82,30.98,54.44469249,7.12
2024-05-01 10:00:00,DC_4,24.81,59.35,41.55,60.26,510.17,24.81,51.35,30.0,57.15181581,5.16
2024-05-01 12:30:00,DC_4,21.2,62.57,54.43,100.35,726.38,23.2,54.57,39.43,93.81518856,6.51
2024-05-01 15:00:00,DC_4,25.39,62.8,54.58,113.2,894.48,25.39,62.8,54.58,113.2,0.0
2024-05-01 17:30:00,DC_4,22.09,69.17,69.06,162.51,1062.0,23.09,61.17,54.06,156.8989551,3.45
2024-05-01 20:00:00,DC_4,22.8,67.88,63.75,126.6,864.04,22.8,52.88,48.75,122.3343217,3.37
2024-05-01 22:30:00,DC_4,23.16,67.67,56.68,112.68,1006.07,23.16,67.67,41.68,112.4287375,0.22
2024-05-02 01:00:00,DC_4,22.56,58.01,46.91,74.76,666.61,23.06,50.01,31.91,69.75885331,6.69
2024-05-02 03:30:00,DC_4,23.64,49.58,39.04,38.38,490.4,23.64,49.58,30.0,37.48450221,2.33
2024-05-02 06:00:00,DC_4,21.8,51.95,41.24,41.33,404.01,23.3,36.95,30.0,37.89304705,8.32
2024-05-02 08:30:00,DC_4,23.58,51.43,51.81,53.21,462.11,23.58,43.43,36.81,50.75441517,4.61
2024-05-02 11:00:00,DC_4,26.34,54.78,56.15,64.77,619.7,26.34,54.78,56.15,64.77,0.0
2024-05-02 13:30:00,DC_4,22.69,65.62,55.9,87.27,748.4,22.69,50.62,40.9,83.13911326,4.73
2024-05-02 16:00:00,DC_4,22.57,65.92,61.39,152.29,970.25,23.07,57.92,46.39,149.6057087,1.76
2024-05-02 18:30:00,DC_4,21.0,67.88,56.65,133.23,934.24,23.5,59.88,41.65,126.577167,4.99
2024-05-02 21:00:00,DC_4,27.88,57.22,55.84,119.08,921.71,27.88,57.22,55.84,119.08,0.0
2024-05-02 23:30:00,DC_4,18.46,65.31,54.8,97.41,711.15,20.96,50.31,39.8,90.87072842,6.71
2024-05-03 02:00:00,DC_4,22.7,53.04,50.78,52.43,608.51,23.2,45.04,35.78,49.17375458,6.21
2024-05-03 04:30:00,DC_4,24.79,45.73,31.02,34.52,450.49,24.79,45.73,30.0,34.18996439,0.96
2024-05-03 07:00:00,DC_4,23.12,53.69,43.61,36.8,401.76,23.12,38.69,30.0,34.2385041,6.96
2024-05-03 09:30:00,DC_4,24.36,49.6,47.62,44.93,485.05,24.36,49.6,32.62,41.94002817,6.65
2024-05-03 12:00:00,DC_4,16.31,73.01,62.11,142.31,686.8,18.81,58.01,47.11,130.1770527,8.53
2024-05-03 14:30:00,DC_4,24.31,61.55,59.68,102.54,822.4,24.31,61.55,44.68,101.1517768,1.35
2024-05-03 17:00:00,DC_4,23.93,63.99,66.59,171.83,1033.43,23.93,63.99,51.59,170.4384721,0.81
2024-05-03 19:30:00,DC_4,21.35,69.14,64.59,147.57,1023.3,23.35,61.14,49.59,140.6220445,4.71
2024-05-03 22:00:00,DC_4,28.19,52.77,53.7,89.91,883.07,28.19,52.77,53.7,89.90521683,0.01
2024-05-04 00:30:00,DC_4,24.21,46.86,53.37,50.41,574.2,24.21,46.86,53.37,50.41,0.0
2024-05-04 03:00:00,DC_4,17.57,57.97,47.64,52.31,454.15,20.07,42.97,32.64,47.1861709,9.8
2024-05-04 05:30:00,DC_4,22.91,42.21,45.38,44.82,447.08,23.41,42.21,30.38,44.26441753,1.24
2024-05-04 08:00:00,DC_4,24.05,52.32,45.74,36.53,470.88,24.05,44.32,30.74,33.764336,7.57
2024-05-04 10:30:00,DC_4,24.6,52.65,53.43,49.5,501.02,24.6,52.65,38.43,48.38806461,2.25
2024-05-04 13:00:00,DC_4,25.07,53.46,56.72,67.61,642.55,25.07,53.46,56.72,67.60511276,0.01
2024-05-04 15:30:00,DC_4,23.36,55.76,58.13,84.42,705.39,23.36,55.76,43.13,82.30266623,2.51
2024-05-04 18:00:00,DC_4,22.85,65.59,56.41,108.51,762.55,22.85,50.59,41.41,103.7254303,4.41
2024-05-04 20:30:00,DC_4,23.47,59.98,49.45,85.27,725.0,23.47,51.98,34.45,82.87863449,2.8
2024-05-04 23:00:00,DC_4,23.04,53.09,46.72,58.02,548.88,23.04,45.09,31.72,57.68546634,0.58
2024-05-05 01:30:00,DC_4,28.22,48.18,38.65,44.54,537.59,28.22,48.18,38.65,44.54,0.0
2024-05-05 04:00:00,DC_4,23.29,46.72,42.13,35.26,453.25,23.29,46.72,30.0,34.46183496,2.26
2024-05-05 06:30:00,DC_4,22.55,50.54,44.11,43.02,421.24,23.05,42.54,30.0,42.22897015,1.84
2024-05-05 09:00:00,DC_4,20.22,56.63,46.26,51.31,425.84,22.72,41.63,31.26,47.51175092,7.4
2024-05-05 11:30:00,DC_4,23.6,53.06,44.74,71.14,546.78,23.6,45.06,30.0,69.14151082,2.81
2024-05-05 14:00:00,DC_4,24.81,55.17,48.27,65.57,671.26,24.81,55.17,48.27,65.57,0.0
2024-05-05 16:30:00,DC_4,28.61,54.86,45.14,109.42,844.11,28.61,54.86,45.14,109.4176276,0.0
2024-05-05 19:00:00,DC_4,23.54,56.34,51.84,95.02,729.12,23.54,56.34,36.84,94.98096138,0.04
2024-05-05 21:30:00,DC_4,23.79,50.67,50.9,79.51,659.92,23.79,50.67,52.81,79.51,0.0
2024-05-06 00:00:00,DC_4,22.96,57.71,58.35,89.23,828.09,23.46,57.71,43.35,87.13087018,2.35
2024-05-06 02:30:00,DC_4,21.56,55.21,50.39,68.62,561.51,23.06,47.21,35.39,64.46042098,6.06
2024-05-06 05:00:00,DC_4,22.85,52.99,41.23,46.44,471.75,23.35,44.99,30.0,46.32123524,0.26
2024-05-06 07:30:00,DC_4,28.9,45.21,43.59,38.28,432.12,28.9,45.21,43.59,38.28,0.0
2024-05-06 10:00:00,DC_4,23.32,49.23,50.05,55.76,531.04,23.32,49.23,50.05,55.76,0.0
2024-05-06 12:30:00,DC_4,22.37,57.72,57.41,112.8,714.27,22.37,57.72,57.41,112.8,0.0
2024-05-06 15:00:00,DC_4,23.14,70.43,50.64,107.31,908.95,23.14,62.43,35.64,105.4003976,1.78
2024-05-06 17:30:00,DC_4,23.38,68.69,56.8,159.58,1054.16,23.38,68.69,41.8,157.2195435,1.48
2024-05-06 20:00:00,DC_4,23.03,59.45,64.24,126.24,955.52,23.03,59.45,49.24,123.2667472,2.36
2024-05-06 22:30:00,DC_4,23.97,54.31,52.65,88.21,819.01,23.97,54.31,52.65,88.20676743,0.0
2024-05-07 01:00:00,DC_4,21.08,62.33,58.6,77.26,686.49,22.58,47.33,43.6,70.90222189,8.23
2024-05-07 03:30:00,DC_4,28.92,41.76,35.5,45.46,566.2,28.92,41.76,35.5,45.46,0.0
2024-05-07 06:00:00,DC_4,20.96,54.1,53.6,59.66,521.29,23.46,46.1,38.6,57.43523075,3.73
2024-05-07 08:30:00,DC_4,22.3,54.53,50.9,55.36,523.65,22.3,39.53,34.73,52.40427716,5.34
2024-05-07 11:00:00,DC_4,22.97,62.92,50.24,71.42,596.94,23.47,47.92,35.24,67.87397965,4.97
2024-05-07 13:30:00,DC_4,23.18,63.99,54.2,76.12,676.84,23.18,48.99,39.2,71.82888834,5.64
2024-05-07 16:00:00,DC_4,24.61,65.98,63.81,177.44,1145.05,24.61,65.98,63.81,177.4354744,0.0
2024-05-07 18:30:00,DC_4,23.19,70.89,63.43,153.14,1005.26,23.19,70.89,63.43,153.1378326,0.0
2024-05-07 21:00:00,DC_4,28.91,60.92,56.87,112.52,950.46,28.91,60.92,56.87,112.5163147,0.0
2024-05-07 23:30:00,DC_4,22.51,65.42,51.52,103.48,827.19,23.01,57.42,36.52,98.47595676,4.84
2024-05-08 02:00:00,DC_4,23.02,57.97,54.56,72.48,587.58,23.02,49.97,39.56,68.01337883,6.16
2024-05-08 04:30:00,DC_4,23.63,44.51,42.68,30.12,408.67,23.63,44.51,42.68,30.12,0.0
2024-05-08 07:00:00,DC_4,24.49,43.54,45.69,40.16,416.99,24.49,43.54,30.69,37.79546659,5.89
2024-05-08 09:30:00,DC_4,22.84,59.76,46.44,54.63,510.53,23.34,44.76,31.44,52.55236457,3.8
2024-05-08 12:00:00,DC_4,27.66,55.14,47.11,80.97,640.82,27.66,55.14,47.11,80.97,0.0
2024-05-08 14:30:00,DC_4,24.24,64.8,55.8,88.98,721.4,24.24,56.8,40.8,86.71337447,2.55
2024-05-08 17:00:00,DC_4,23.36,66.5,63.45,159.0,982.19,23.36,66.5,48.45,157.7832655,0.77
2024-05-08 19:30:00,DC_4,22.24,71.97,66.22,152.89,1039.57,23.24,63.97,51.22,147.7890996,3.34
2024-05-08 22:00:00,DC_4,23.43,58.28,58.95,102.53,846.58,23.43,58.28,43.95,101.555831,0.95
2024-05-09 00:30:00,DC_4,24.07,55.89,49.95,68.51,684.7,24.07,55.89,49.95,68.50771891,0.0
2024-05-09 03:00:00,DC_4,22.24,53.74,53.62,50.95,599.75,22.74,45.74,38.62,48.45590607,4.9
2024-05-09 05:30:00,DC_4,24.29,48.21,44.07,35.04,461.53,24.29,48.21,30.0,34.87306401,0.48
2024-05-09 08:00:00,DC_4,21.25,45.66,50.58,43.57,457.51,22.25,37.66,35.58,40.44261388,7.18
2024-05-09 10:30:00,DC_4,22.15,56.39,55.75,68.74,559.33,22.65,41.39,40.75,65.25010005,5.08
2024-05-09 13:00:00,DC_4,22.11,67.45,57.65,120.43,852.2,22.61,52.45,42.65,115.7557805,3.88
2024-05-09 15:30:00,DC_4,22.88,71.71,58.29,153.91,1029.81,23.38,63.71,43.29,150.3789233,2.29
2024-05-09 18:00:00,DC_4,24.73,72.35,61.41,161.23,1141.22,24.73,72.35,61.41,161.23,0.0
2024-05-09 20:30:00,DC_4,22.03,65.62,54.46,130.56,832.19,23.03,57.62,39.46,125.8653419,3.6
2024-05-09 23:00:00,DC_4,22.62,61.61,59.34,105.73,850.4,22.62,53.61,44.34,103.6564811,1.96
2024-05-10 01:30:00,DC_4,21.68,52.1,48.41,56.89,572.86,22.68,44.1,33.41,54.12117949,4.87
2024-05-10 04:00:00,DC_4,22.22,46.99,50.92,55.71,456.66,22.72,38.99,35.92,54.1387811,2.82
2024-05-10 06:30:00,DC_4,21.14,54.6,53.28,50.6,474.92,23.14,39.6,38.28,46.90969436,7.29
2024-05-10 09:00:00,DC_4,22.16,57.3,51.33,58.02,514.93,23.16,42.3,36.33,54.75042466,5.64
2024-05-10 11:30:00,DC_4,22.04,63.26,57.17,84.8,647.56,23.04,48.26,42.17,80.58369669,4.97
2024-05-10 14:00:00,DC_4,27.77,66.58,49.75,89.06,771.61,27.77,66.58,49.75,89.06,0.0
2024-05-10 16:30:00,DC_4,24.21,71.93,69.74,164.4,963.62,24.21,71.93,54.74,162.9379689,0.89
2024-05-10 19:00:00,DC_4,23.73,62.04,60.44,121.87,964.93,23.73,62.04,60.44,121.8675892,0.0
2024-05-10 21:30:00,DC_4,22.8,69.89,67.98,151.46,1162.35,23.3,69.89,52.98,149.410188,1.35
2024-05-11 00:00:00,DC_4,20.92,57.11,48.31,70.89,633.51,23.42,49.11,33.31,66.09779893,6.76
2024-05-11 02:30:00,DC_4,21.17,56.42,48.63,54.18,555.55,22.67,41.42,33.63,49.02823368,9.51
2024-05-11 05:00:00,DC_4,22.49,54.3,40.1,31.67,413.43,23.49,39.3,30.0,27.41721469,13.43
2024-05-11 07:30:00,DC_4,23.89,47.33,42.44,40.51,427.75,23.89,47.33,42.44,40.51,0.0
2024-05-11 10:00:00,DC_4,22.45,58.18,51.12,53.82,476.76,23.45,43.18,36.12,48.99329199,8.97
2024-05-11 12:30:00,DC_4,25.16,52.1,48.46,62.83,543.33,25.16,52.1,33.46,62.05078761,1.24
2024-05-11 15:00:00,DC_4,23.31,56.37,45.65,95.86,635.97,23.31,48.37,30.65,94.0083237,1.93
2024-05-11 17:30:00,DC_4,22.37,58.52,53.02,92.24,719.08,23.37,50.52,38.02,87.9439602,4.66
2024-05-11 20:00:00,DC_4,21.98,67.64,54.83,86.8,694.61,23.48,52.64,39.83,81.51757234,6.09
2024-05-11 22:30:00,DC_4,23.42,63.33,50.16,107.98,772.55,23.42,55.33,35.16,106.1737843,1.67
2024-05-12 01:00:00,DC_4,22.02,56.57,50.24,61.05,609.35,23.02,48.57,35.24,57.6713942,5.53
2024-05-12 03:30:00,DC_4,23.58,50.4,45.79,47.75,455.52,23.58,50.4,45.79,47.75,0.0
2024-05-12 06:00:00,DC_4,22.86,52.08,38.12,34.05,413.74,22.86,37.08,30.0,31.92466501,6.24
2024-05-12 08:30:00,DC_4,25.84,45.58,34.08,37.06,401.53,25.84,45.58,34.08,37.0552547,0.01
2024-05-12 11:00:00,DC_4,22.28,55.34,53.03,63.94,460.21,23.28,40.34,38.03,60.2281692,5.81
2024-05-12 13:30:00,DC_4,27.94,51.22,46.89,55.96,575.22,27.94,51.22,46.89,55.95768277,0.0
2024-05-12 16:00:00,DC_4,19.84,65.25,56.66,116.9,690.33,22.34,50.25,41.66,105.0822434,10.11
2024-05-12 18:30:00,DC_4,22.71,68.74,60.37,90.55,779.69,23.21,53.74,45.37,86.70698361,4.24
2024-05-12 21:00:00,DC_4,22.61,59.87,46.6,94.72,662.54,22.61,59.87,46.6,94.71751749,0.0
2024-05-12 23:30:00,DC_4,23.87,52.65,40.9,55.45,570.68,23.87,52.65,30.0,53.63476583,3.27
2024-05-13 02:00:00,DC_4,22.06,59.78,55.67,82.59,718.64,23.06,51.78,40.67,77.74707381,5.86
2024-05-13 04:30:00,DC_4,22.7,51.93,49.27,42.4,517.54,23.2,43.93,34.27,40.31665206,4.91
2024-05-13 07:00:00,DC_4,21.55,55.72,56.42,50.58,482.1,23.05,40.72,41.42,46.77395754,7.52
2024-05-13 09:30:00,DC_4,22.62,41.71,53.6,56.36,464.66,23.12,41.71,38.6,54.62012328,3.09
2024-05-13 12:00:00,DC_4,22.58,61.22,52.34,94.2,734.12,23.08,53.22,37.34,91.2747601,3.11
2024-05-13 14:30:00,DC_4,23.61,60.53,50.9,112.91,795.07,23.61,60.53,38.67,111.03484,1.66
2024-05-13 17:00:00,DC_4,17.83,73.56,64.78,201.95,1010.72,20.33,58.56,49.78,186.2891695,7.75
2024-05-13 19:30:00,DC_4,21.41,61.3,61.78,127.73,932.68,22.41,53.3,46.78,123.4384258,3.36
2024-05-13 22:00:00,DC_4,23.76,53.65,58.0,109.7,880.73,23.76,53.65,58.0,109.6956317,0.0
2024-05-14 00:30:00,DC_4,23.11,54.52,49.89,63.73,675.68,23.11,54.52,49.89,63.73,0.0
2024-05-14 03:00:00,DC_4,21.46,48.35,43.83,46.74,521.0,22.46,40.35,30.0,43.91592304,6.04
2024-05-14 05:30:00,DC_4,24.34,50.91,42.87,40.92,453.61,24.34,50.91,30.0,38.50822913,5.89
2024-05-14 08:00:00,DC_4,24.05,51.78,35.61,40.91,425.62,24.05,51.78,35.61,40.90822744,0.0
2024-05-14 10:30:00,DC_4,23.61,67.49,55.02,85.23,710.33,23.61,52.49,40.02,83.42693005,2.12
2024-05-14 13:00:00,DC_4,26.62,65.76,43.13,78.5,712.39,26.62,65.76,43.13,78.5,0.0
2024-05-14 15:30:00,DC_4,22.35,62.52,58.56,154.95,964.23,23.35,62.52,43.56,149.7016715,3.39
2024-05-14 18:00:00,DC_4,23.64,70.34,62.05,158.32,1120.5,23.64,70.34,47.05,156.5011802,1.15
2024-05-14 20:30:00,DC_4,21.41,69.92,66.27,134.33,939.9,23.41,61.92,51.27,128.0824697,4.65
2024-05-14 23:00:00,DC_4,24.09,53.21,52.82,78.02,758.37,24.09,53.21,52.82,78.02,0.0
2024-05-15 01:30:00,DC_4,22.84,59.21,59.79,77.92,763.16,22.84,51.21,44.79,74.59385995,4.27
2024-05-15 04:00:00,DC_4,23.2,47.01,49.95,46.57,449.3,23.2,39.01,34.95,44.1474474,5.2
2024-05-15 06:30:00,DC_4,23.06,48.4,45.13,39.25,417.41,23.06,40.4,30.13,36.92599742,5.92
2024-05-15 09:00:00,DC_4,22.23,55.739999999999995,55.81,66.96,520.77,23.23,43.74,40.81,62.44032096,6.75
2024-05-15 11:30:00,DC_4,22.2,58.11,52.44,73.64,643.27,23.2,50.11,37.44,70.56022843,4.18
2024-05-15 14:00:00,DC_4,27.2,54.91,53.83,109.93,790.75,27.2,54.91,53.83,109.93,0.0
2024-05-15 16:30:00,DC_4,21.83,81.62,66.17,170.32,1139.29,23.33,66.62,51.17,161.5149795,5.17
2024-05-15 19:00:00,DC_4,23.72,71.83,67.31,190.45,1248.96,23.72,71.83,67.31,190.4462605,0.0
2024-05-15 21:30:00,DC_4,23.09,66.6,52.0,124.5,903.74,23.09,58.6,37.0,120.9397433,2.86
2024-05-16 00:00:00,DC_4,23.23,51.6,49.66,86.83,716.54,23.23,51.6,34.66,84.57462817,2.6
2024-05-16 02:30:00,DC_4,21.99,59.94,50.31,57.2,602.14,22.99,44.94,35.31,53.74248354,6.04
2024-05-16 05:00:00,DC_4,24.09,50.48,44.81,27.83,374.94,24.09,42.48,30.0,26.40050929,5.14
2024-05-16 07:30:00,DC_4,21.84,46.86,43.59,47.53,482.01,22.84,38.86,30.0,44.61518196,6.13
2024-05-16 10:00:00,DC_4,28.11,51.1,37.81,43.56,502.0,28.11,51.1,37.81,43.55891796,0.0
2024-05-16 12:30:00,DC_4,23.99,47.48,43.94,62.41,663.87,23.99,47.48,43.94,62.40647325,0.01
2024-05-16 15:00:00,DC_4,21.89,65.74,64.34,135.49,828.74,23.39,57.74,49.34,129.0113726,4.78
2024-05-16 17:30:00,DC_4,22.01,65.02,62.15,169.75,1035.62,23.01,65.02,47.15,164.4735824,3.11
2024-05-16 20:00:00,DC_4,28.57,56.21,61.32,144.49,1040.39,28.57,56.21,61.32,144.4873174,0.0
2024-05-16 22:30:00,DC_4,22.67,52.36,60.71,111.83,791.98,22.67,52.36,60.71,111.8259724,0.0
2024-05-17 01:00:00,DC_4,24.51,53.83,56.9,67.67,618.34,24.51,53.83,41.9,65.00022463,3.95
2024-05-17 03:30:00,DC_4,23.52,50.55,47.46,49.12,451.93,23.52,42.55,32.46,47.36615037,3.57
2024-05-17 06:00:00,DC_4,24.53,44.42,41.32,34.82,399.36,24.53,44.42,41.32,34.82,0.0
2024-05-17 08:30:00,DC_4,23.44,41.32,50.2,40.44,419.98,23.44,41.32,35.2,40.22446137,0.53
2024-05-17 11:00:00,DC_4,24.37,52.36,45.54,61.28,539.41,24.37,52.36,30.54,58.89131907,3.9
2024-05-17 13:30:00,DC_4,23.81,55.739999999999995,50.2,83.79,720.36,23.81,50.98,50.2,83.78818183,0.0
2024-05-17 16:00:00,DC_4,24.3,67.88,57.49,129.68,927.72,24.3,67.88,42.49,127.7219553,1.51
2024-05-17 18:30:00,DC_4,22.79,76.65,71.54,184.08,1106.34,22.79,61.65,56.54,178.951749,2.79
2024-05-17 21:00:00,DC_4,21.83,75.18,56.68,128.72,999.06,23.33,60.18,41.68,121.4381183,5.66
2024-05-17 23:30:00,DC_4,23.59,62.42,50.98,92.62,765.35,23.59,62.42,50.98,92.62,0.0
2024-05-18 02:00:00,DC_4,22.12,61.89,49.33,59.29,590.74,23.12,46.89,34.33,54.9556969,7.31
2024-05-18 04:30:00,DC_4,23.36,52.58,38.11,36.73,435.91,23.36,44.58,30.0,36.06531933,1.81
2024-05-18 07:00:00,DC_4,21.29,59.24,48.22,49.85,421.28,21.79,59.24,33.22,47.12964718,5.46
2024-05-18 09:30:00,DC_4,19.69,52.87,59.11,64.05,452.6,22.19,37.87,44.11,58.41382442,8.8
2024-05-18 12:00:00,DC_4,23.61,59.92,50.15,69.58,585.94,23.61,51.92,35.15,66.60344627,4.28
2024-05-18 14:30:00,DC_4,24.43,56.21,48.7,85.38,658.54,24.43,56.21,33.7,84.5886808,0.93
2024-05-18 17:00:00,DC_4,22.6,58.18,61.5,123.9,824.88,22.6,50.18,46.5,120.566437,2.69
2024-05-18 19:30:00,DC_4,22.54,63.4,59.11,85.1,769.44,22.54,48.4,44.11,81.76532227,3.92
2024-05-18 22:00:00,DC_4,21.65,61.33,48.17,92.41,685.1,22.65,46.33,33.17,86.84598174,6.02
2024-05-19 00:30:00,DC_4,23.01,48.43,52.01,61.9,637.64,23.01,48.43,37.01,59.57225136,3.76
2024-05-19 03:00:00,DC_4,22.66,51.04,39.05,35.84,468.27,23.16,43.04,30.0,34.35262431,4.15
2024-05-19 05:30:00,DC_4,22.49,48.83,45.8,38.31,360.18,22.49,33.83,30.8,36.2026518,5.5
2024-05-19 08:00:00,DC_4,24.99,54.75,39.97,33.67,427.71,24.99,54.75,39.97,33.66972147,0.0
2024-05-19 10:30:00,DC_4,22.68,53.51,51.23,59.15,524.87,23.18,45.51,36.23,57.26402507,3.19
2024-05-19 13:00:00,DC_4,21.27,52.22,48.39,73.09,554.77,22.27,52.22,33.39,70.5640891,3.46
2024-05-19 15:30:00,DC_4,23.21,54.79,55.11,79.66,680.66,23.21,54.79,55.11,79.66,0.0
2024-05-19 18:00:00,DC_4,22.23,56.02,47.21,114.41,853.89,23.23,56.02,32.21,110.746891,3.2
2024-05-19 20:30:00,DC_4,22.88,55.02,57.63,78.28,620.34,22.88,47.02,42.63,74.56292001,4.75
2024-05-19 23:00:00,DC_4,23.78,52.72,50.02,74.15,682.68,23.78,52.72,50.02,74.15,0.0
2024-05-20 01:30:00,DC_4,22.51,53.87,55.07,82.27,783.9,22.51,53.87,55.07,82.26712832,0.0
2024-05-20 04:00:00,DC_4,22.74,50.03,39.36,44.27,508.49,22.74,42.03,30.0,42.63247663,3.7
2024-05-20 06:30:00,DC_4,25.42,44.0,42.25,33.26,421.42,25.42,44.0,42.25,33.26,0.0
2024-05-20 09:00:00,DC_4,22.48,54.62,48.84,61.76,471.85,22.98,39.62,33.84,58.41609934,5.41
2024-05-20 11:30:00,DC_4,23.55,50.33,47.46,86.41,684.23,23.55,50.33,32.46,84.79555152,1.87
2024-05-20 14:00:00,DC_4,25.59,50.84,50.33,87.9,707.94,25.59,50.84,50.33,87.89769383,0.0
2024-05-20 16:30:00,DC_4,21.7,68.74,62.19,151.19,886.56,23.2,60.74,47.19,145.6322107,3.68
2024-05-20 19:00:00,DC_4,23.64,61.82,56.26,148.65,952.28,23.64,61.82,41.26,147.573656,0.72
2024-05-20 21:30:00,DC_4,22.35,66.51,59.23,130.51,942.51,23.35,58.51,44.23,125.1432012,4.11
2024-05-21 00:00:00,DC_4,22.41,63.06,60.11,112.82,817.98,22.91,55.06,45.11,107.7306041,4.51
2024-05-21 02:30:00,DC_4,21.62,50.77,47.77,48.9,524.0,23.12,42.77,32.77,45.17966611,7.61
2024-05-21 05:00:00,DC_4,23.23,48.21,48.58,41.39,463.41,23.23,40.21,33.58,38.73679675,6.41
2024-05-21 07:30:00,DC_4,23.25,44.89,54.22,41.38,420.49,23.25,44.89,39.22,39.40069569,4.78
2024-05-21 10:00:00,DC_4,23.38,59.46,50.48,62.21,561.01,23.38,44.46,35.48,60.03463312,3.5
2024-05-21 12:30:00,DC_4,24.4,59.79,58.18,93.75,718.78,24.4,59.79,43.18,91.79813619,2.08
2024-05-21 15:00:00,DC_4,22.27,60.33,63.96,137.51,839.24,22.77,52.33,48.96,133.1512891,3.17
2024-05-21 17:30:00,DC_4,23.84,72.95,67.39,190.92,1174.51,23.84,72.95,52.39,188.3248581,1.36
2024-05-21 20:00:00,DC_4,23.39,65.35,61.23,140.51,932.5,23.39,57.35,46.23,135.7104367,3.42
2024-05-21 22:30:00,DC_4,21.7,63.79,59.91,114.48,881.06,23.2,55.79,44.91,108.3205377,5.38
2024-05-22 01:00:00,DC_4,22.62,60.58,50.98,87.33,702.08,22.62,45.58,35.98,84.79396759,2.9
2024-05-22 03:30:00,DC_4,22.91,47.95,45.52,47.31,499.67,22.91,47.95,45.52,47.31,0.0
2024-05-22 06:00:00,DC_4,22.28,55.39,41.58,43.4,427.52,23.28,40.39,30.0,39.34661282,9.34
2024-05-22 08:30:00,DC_4,23.98,48.54,44.83,62.8,522.57,23.98,48.54,30.0,60.18020666,4.17
2024-05-22 11:00:00,DC_4,23.6,58.57,45.49,48.27,580.4,23.6,50.57,30.49,45.73219474,5.26
2024-05-22 13:30:00,DC_4,23.32,57.3,54.23,103.36,799.18,23.32,57.3,39.23,101.4904423,1.81
2024-05-22 16:00:00,DC_4,21.99,55.739999999999995,63.89,197.64,1124.99,22.99,66.29,48.89,189.7634325,3.99
2024-05-22 18:30:00,DC_4,22.7,69.96,67.89,160.79,989.03,23.2,61.96,52.89,154.5957755,3.85
2024-05-22 21:00:00,DC_4,22.72,72.06,56.09,124.11,987.09,23.22,64.06,41.09,120.5873235,2.84
2024-05-22 23:30:00,DC_4,22.88,55.01,49.34,95.12,785.05,22.88,55.01,49.34,95.12,0.0
2024-05-23 02:00:00,DC_4,22.68,61.31,46.88,64.1,624.25,23.18,46.31,31.88,58.54843079,8.66
2024-05-23 04:30:00,DC_4,24.01,44.04,50.9,59.79,537.57,24.01,44.04,50.9,59.79,0.0
2024-05-23 07:00:00,DC_4,22.83,48.21,41.51,34.9,416.49,23.33,40.21,30.0,33.49333164,4.03
2024-05-23 09:30:00,DC_4,24.79,45.49,39.99,45.94,480.31,24.79,45.49,39.99,45.94,0.0
2024-05-23 12:00:00,DC_4,22.55,65.37,64.12,121.35,823.03,22.55,50.37,49.12,116.1887044,4.25
2024-05-23 14:30:00,DC_4,23.9,65.78,59.21,109.57,803.24,23.9,57.78,44.21,108.570695,0.91
2024-05-23 17:00:00,DC_4,16.65,79.25,72.02,206.36,997.9,19.15,64.25,57.02,191.3561369,7.27
2024-05-23 19:30:00,DC_4,21.15,62.46,63.13,166.38,984.78,23.15,62.46,48.13,160.9293763,3.28
2024-05-23 22:00:00,DC_4,23.98,63.24,50.9,132.61,988.18,23.98,63.24,60.89,132.6062441,0.0
2024-05-24 00:30:00,DC_4,23.36,45.66,47.45,78.49,676.51,23.36,45.66,47.45,78.48746833,0.0
2024-05-24 03:00:00,DC_4,16.22,64.43,60.88,81.93,536.29,18.72,49.43,45.88,75.41517694,7.95
2024-05-24 05:30:00,DC_4,22.65,53.11,44.5,44.17,447.49,23.15,45.11,30.0,42.66169939,3.41
2024-05-24 08:00:00,DC_4,18.41,56.79,58.05,63.23,470.9,20.91,41.79,43.05,56.17081891,11.16
2024-05-24 10:30:00,DC_4,16.43,68.64,66.23,121.62,781.06,18.93,53.64,51.23,110.911917,8.8
2024-05-24 13:00:00,DC_4,24.76,63.95,50.9,87.7,740.93,24.76,63.95,44.4,85.7362967,2.24
2024-05-24 15:30:00,DC_4,23.46,67.07,57.92,138.47,985.14,23.46,67.07,42.92,136.6509147,1.31
2024-05-24 18:00:00,DC_4,23.69,71.81,60.93,176.97,1039.57,23.69,71.81,45.93,175.6882376,0.72
2024-05-24 20:30:00,DC_4,22.03,67.8,62.97,152.47,935.59,23.03,59.8,47.97,146.7384144,3.76
2024-05-24 23:00:00,DC_4,21.74,63.74,56.35,98.49,884.61,23.24,55.74,41.35,95.17393614,3.37
2024-05-25 01:30:00,DC_4,25.79,49.43,48.41,39.09,508.71,25.79,49.43,48.41,39.08667941,0.01
2024-05-25 04:00:00,DC_4,24.08,47.81,47.05,53.1,517.43,24.08,47.81,32.05,50.48705739,4.92
2024-05-25 06:30:00,DC_4,24.97,46.87,43.28,29.92,416.93,24.97,46.87,30.0,29.18200824,2.47
2024-05-25 09:00:00,DC_4,23.07,53.57,43.24,59.45,496.52,23.07,45.57,30.0,57.31204617,3.6
2024-05-25 11:30:00,DC_4,22.07,51.65,48.61,67.46,523.49,23.07,43.65,33.61,64.74347937,4.03
2024-05-25 14:00:00,DC_4,23.21,60.17,57.02,98.88,749.3,23.21,52.17,42.02,97.251879,1.65
2024-05-25 16:30:00,DC_4,23.74,53.93,53.84,90.55,680.05,23.74,53.93,38.84,88.70281522,2.04
2024-05-25 19:00:00,DC_4,24.57,54.82,55.1,71.07,662.48,24.57,54.82,55.1,71.07,0.0
2024-05-25 21:30:00,DC_4,28.16,47.53,51.2,66.42,692.54,28.16,47.53,51.2,66.42,0.0
2024-05-26 00:00:00,DC_4,22.75,54.26,50.89,51.87,518.32,23.25,46.26,35.89,50.24406107,3.13
2024-05-26 02:30:00,DC_4,23.88,48.21,51.0,51.43,546.02,23.88,48.21,36.0,49.96616418,2.85
2024-05-26 05:00:00,DC_4,23.63,47.53,43.58,34.97,436.37,23.63,47.53,30.0,34.07529494,2.56
2024-05-26 07:30:00,DC_4,22.43,44.5,48.48,34.25,388.32,23.43,36.5,33.48,33.18591274,3.11
2024-05-26 10:00:00,DC_4,21.75,60.47,50.26,69.46,482.09,23.25,45.47,35.26,64.49474869,7.15
2024-05-26 12:30:00,DC_4,28.6,47.18,41.04,36.95,476.22,28.6,47.18,41.04,36.95,0.0
2024-05-26 15:00:00,DC_4,23.19,49.58,52.88,66.87,643.08,23.19,49.58,37.88,65.94252793,1.39
2024-05-26 17:30:00,DC_4,23.71,60.35,51.4,77.04,716.76,23.71,52.35,36.4,75.98725478,1.37
2024-05-26 20:00:00,DC_4,22.08,52.99,61.69,85.52,695.97,22.08,52.99,61.69,85.51555202,0.01
2024-05-26 22:30:00,DC_4,22.33,55.82,48.52,86.73,691.2,22.83,47.82,33.52,85.76089402,1.12
2024-05-27 01:00:00,DC_4,21.96,59.75,52.02,86.98,699.15,23.46,51.75,37.02,84.42583584,2.94
2024-05-27 03:30:00,DC_4,23.43,52.33,45.56,37.18,497.13,23.43,44.33,30.56,34.57665512,7.0
2024-05-27 06:00:00,DC_4,22.54,58.4,48.53,45.29,442.23,23.04,43.4,33.53,41.2764885,8.86
2024-05-27 08:30:00,DC_4,21.27,54.31,52.65,66.77,470.54,23.27,39.31,37.65,62.38072775,6.57
2024-05-27 11:00:00,DC_4,23.51,65.9,51.73,71.67,582.62,23.51,50.9,36.73,68.49524315,4.43
2024-05-27 13:30:00,DC_4,21.67,50.48,50.62,106.63,722.67,23.17,50.48,35.62,102.9783865,3.42
2024-05-27 16:00:00,DC_4,22.75,69.41,63.21,175.64,1007.56,23.25,61.41,48.21,172.7298192,1.66
2024-05-27 18:30:00,DC_4,23.65,71.67,56.85,125.03,970.21,23.65,63.67,41.85,121.0021711,3.22
2024-05-27 21:00:00,DC_4,23.24,66.7,54.96,118.68,959.71,23.24,66.7,39.96,115.9355435,2.31
2024-05-27 23:30:00,DC_4,23.28,62.97,54.15,117.87,902.01,23.28,62.97,39.15,116.2317614,1.39
2024-05-28 02:00:00,DC_4,22.04,50.11,44.95,56.88,555.23,22.54,42.11,30.0,54.46593287,4.24
2024-05-28 04:30:00,DC_4,21.6,49.14,47.33,40.89,455.46,23.1,41.14,32.33,38.18133195,6.62
2024-05-28 07:00:00,DC_4,22.65,58.05,46.39,36.62,399.17,23.15,43.05,31.39,33.04074875,9.77
2024-05-28 09:30:00,DC_4,23.17,52.74,49.89,54.32,486.43,23.17,44.74,34.89,50.34689166,7.31
2024-05-28 12:00:00,DC_4,28.22,57.95,52.46,90.6,716.59,28.22,57.95,52.46,90.59829414,0.0
2024-05-28 14:30:00,DC_4,21.62,76.26,58.98,109.62,821.07,23.12,61.26,43.98,102.2656111,6.71
2024-05-28 17:00:00,DC_4,22.98,68.33,61.9,142.28,965.46,22.98,60.33,46.9,139.3679833,2.05
2024-05-28 19:30:00,DC_4,22.28,60.67,61.77,147.08,1005.82,23.28,60.67,46.77,143.9848318,2.1
2024-05-28 22:00:00,DC_4,17.02,69.88,60.88,150.37,831.57,19.52,54.88,45.88,138.3187305,8.01
2024-05-29 00:30:00,DC_4,22.97,60.94,49.78,78.32,712.64,23.47,52.94,34.78,74.7887201,4.51
2024-05-29 03:00:00,DC_4,22.56,49.39,51.97,51.98,562.23,22.56,41.39,36.97,49.93093757,3.94
2024-05-29 05:30:00,DC_4,16.83,54.75,45.13,53.51,434.73,19.33,39.75,30.13,48.7720881,8.85
2024-05-29 08:00:00,DC_4,23.63,53.94,43.5,48.91,449.76,23.63,45.94,30.0,47.6435067,2.59
2024-05-29 10:30:00,DC_4,24.16,49.54,48.9,49.18,522.36,24.16,49.54,48.9,49.17804537,0.0
2024-05-29 13:00:00,DC_4,23.79,51.19,52.91,86.92,708.55,23.79,51.19,52.91,86.91923866,0.0
2024-05-29 15:30:00,DC_4,24.13,62.25,59.77,162.35,1043.25,24.13,62.25,59.77,162.3460998,0.0
2024-05-29 18:00:00,DC_4,25.7,65.84,64.77,156.11,1002.72,25.7,65.84,64.77,156.11,0.0
2024-05-29 20:30:00,DC_4,24.66,59.08,54.26,158.29,1055.57,24.66,59.08,54.26,158.2862099,0.0
2024-05-29 23:00:00,DC_4,17.65,69.31,59.36,144.12,774.65,20.15,54.31,44.36,132.5075844,8.06
2024-05-30 01:30:00,DC_4,16.53,63.55,61.45,94.5,591.35,19.03,48.55,46.45,86.26849149,8.71
2024-05-30 04:00:00,DC_4,21.6,55.88,48.73,80.17,652.06,23.1,47.88,33.73,74.03299647,7.65
2024-05-30 06:30:00,DC_4,26.5,43.55,36.15,34.71,448.33,26.5,43.55,36.15,34.70794767,0.01
2024-05-30 09:00:00,DC_4,22.17,56.44,48.88,53.64,507.34,23.17,41.44,33.88,49.53561161,7.65
2024-05-30 11:30:00,DC_4,23.42,50.71,53.15,64.31,592.98,23.42,50.71,53.15,64.30985675,0.0
2024-05-30 14:00:00,DC_4,22.98,64.02,57.08,105.72,777.11,23.48,56.02,42.08,105.3896191,0.31
2024-05-30 16:30:00,DC_4,24.91,62.5,62.44,133.73,1038.31,24.91,62.5,62.44,133.7290235,0.0
2024-05-30 19:00:00,DC_4,20.45,71.81,67.16,192.13,988.11,22.95,56.81,52.16,178.3024063,7.2
2024-05-30 21:30:00,DC_4,22.77,63.43,56.71,131.44,1023.37,22.77,63.43,56.71,131.4393926,0.0
2024-05-31 00:00:00,DC_4,21.5,63.39,51.67,75.02,736.6,23.0,48.39,36.67,71.9495085,4.09
2024-05-31 02:30:00,DC_4,23.31,48.87,48.31,61.35,557.19,23.31,48.87,33.31,59.98652342,2.22
2024-05-31 05:00:00,DC_4,23.75,45.95,45.19,33.81,488.89,23.75,45.95,30.19,32.95749528,2.52
2024-05-31 07:30:00,DC_4,23.61,53.55,45.98,45.16,490.44,23.61,45.55,30.98,43.51594967,3.64
2024-05-31 10:00:00,DC_4,23.06,52.58,50.8,65.96,542.8,23.06,44.58,35.8,62.672468,4.98
2024-05-31 12:30:00,DC_4,22.27,58.89,55.44,97.45,663.01,23.27,50.89,40.44,93.36432408,4.19
2024-05-31 15:00:00,DC_4,21.74,71.71,65.24,150.64,968.7,23.24,56.71,50.24,142.8376821,5.18
2024-05-31 17:30:00,DC_4,24.05,55.739999999999995,64.48,132.67,1005.02,24.05,66.31,49.48,131.4037193,0.95
2024-05-31 20:00:00,DC_4,23.01,73.65,67.03,178.95,1073.12,23.01,65.65,52.03,176.7449382,1.23
2024-05-31 22:30:00,DC_4,23.43,58.04,57.87,104.52,796.35,23.43,58.04,42.87,102.0652623,2.35
2024-06-01 01:00:00,DC_4,24.86,65.73,44.22,73.68,693.56,24.86,57.73,30.0,69.71038566,5.39
2024-06-01 03:30:00,DC_4,21.34,59.22,51.63,56.27,501.03,23.34,44.22,36.63,51.48027166,8.51
2024-06-01 06:00:00,DC_4,22.24,52.38,54.92,46.8,484.33,22.24,37.38,39.92,44.37653998,5.18
2024-06-01 08:30:00,DC_4,21.47,58.64,46.15,44.17,414.31,22.47,50.64,31.15,41.25717529,6.59
2024-06-01 11:00:00,DC_4,23.74,55.08,48.8,59.17,541.53,23.74,47.08,33.8,57.90370982,2.14
2024-06-01 13:30:00,DC_4,25.51,55.35,55.17,68.17,574.25,25.51,55.35,40.17,67.10182792,1.57
2024-06-01 16:00:00,DC_4,24.34,68.06,55.64,89.43,709.3,24.34,60.06,40.64,87.88717781,1.73
2024-06-01 18:30:00,DC_4,21.05,72.86,60.58,147.44,937.92,23.05,57.86,45.58,138.6173227,5.98
2024-06-01 21:00:00,DC_4,24.24,57.01,50.45,87.97,762.28,24.24,57.01,35.45,87.53594551,0.49
2024-06-01 23:30:00,DC_4,24.66,59.15,43.42,60.55,657.82,24.66,59.15,43.42,60.54839482,0.0
2024-06-02 02:00:00,DC_4,23.45,56.85,43.24,42.59,518.89,23.45,48.85,30.0,41.87697403,1.67
2024-06-02 04:30:00,DC_4,22.2,50.8,47.5,44.71,436.02,22.7,35.8,32.5,41.84252496,6.41
2024-06-02 07:00:00,DC_4,24.12,51.15,45.13,33.87,401.62,24.12,51.15,45.13,33.86638864,0.01
2024-06-02 09:30:00,DC_4,21.86,62.77,57.45,63.59,440.8,23.36,47.77,42.45,59.89637589,5.81
2024-06-02 12:00:00,DC_4,22.8,50.12,58.26,71.91,554.51,22.8,42.12,43.26,68.8760394,4.22
2024-06-02 14:30:00,DC_4,22.45,62.13,57.0,77.77,600.33,23.45,47.13,42.0,73.82616285,5.07
2024-06-02 17:00:00,DC_4,22.3,55.08,51.05,83.71,642.94,22.3,55.08,51.05,83.7094867,0.0
2024-06-02 19:30:00,DC_4,24.37,59.83,67.83,93.8,758.25,24.37,59.83,52.83,91.11724421,2.86
2024-06-02 22:00:00,DC_4,22.41,61.88,55.59,81.45,729.81,22.41,61.88,55.59,81.44744384,0.0
2024-06-03 00:30:00,DC_4,24.29,55.01,53.34,67.59,713.49,24.29,55.01,53.34,67.59,0.0
2024-06-03 03:00:00,DC_4,23.06,57.72,47.82,45.55,518.74,23.06,42.72,32.82,42.65932881,6.35
2024-06-03 05:30:00,DC_4,22.36,54.59,52.42,48.67,495.26,22.86,39.59,37.42,46.37220139,4.72
2024-06-03 08:00:00,DC_4,24.94,51.13,36.22,40.99,478.96,24.94,51.13,30.0,40.18287094,1.97
2024-06-03 10:30:00,DC_4,24.77,52.49,49.07,54.83,575.11,24.77,52.49,49.07,54.82602862,0.01
2024-06-03 13:00:00,DC_4,23.89,66.76,62.67,116.2,791.0,23.89,58.76,47.67,111.9087162,3.69
2024-06-03 15:30:00,DC_4,17.08,77.76,73.11,196.81,939.04,19.58,62.76,58.11,182.594174,7.22
2024-06-03 18:00:00,DC_4,23.7,75.13,67.71,151.43,1133.21,23.7,75.13,52.71,148.296345,2.07
2024-06-03 20:30:00,DC_4,22.81,74.22,69.06,162.21,989.49,23.31,59.22,54.06,156.6446475,3.43
2024-06-03 23:00:00,DC_4,22.76,65.88,52.85,87.89,830.58,22.76,50.88,37.85,85.19696493,3.06
2024-06-04 01:30:00,DC_4,22.64,48.12,58.4,74.32,660.87,23.14,48.12,43.4,71.88247927,3.28
2024-06-04 04:00:00,DC_4,24.76,53.17,39.48,36.68,452.91,24.76,45.17,30.0,35.45074041,3.35
2024-06-04 06:30:00,DC_4,23.18,55.89,48.95,42.47,431.14,23.18,40.89,33.95,38.83430183,8.56
2024-06-04 09:00:00,DC_4,20.66,57.33,48.41,57.1,427.11,23.16,42.33,33.41,52.31528238,8.38
2024-06-04 11:30:00,DC_4,22.39,62.97,49.1,83.14,619.69,23.39,47.97,34.1,78.76713761,5.26
2024-06-04 14:00:00,DC_4,24.65,62.29,52.68,106.67,796.98,24.65,62.29,52.68,106.67,0.0
2024-06-04 16:30:00,DC_4,23.85,79.27,68.89,176.63,1100.23,23.85,71.27,53.89,172.4614453,2.36
2024-06-04 19:00:00,DC_4,23.11,74.96,63.0,171.98,1211.06,23.11,74.96,63.0,171.98,0.0
2024-06-04 21:30:00,DC_4,22.43,64.27,65.08,155.09,928.34,22.93,56.27,50.08,148.9929278,3.93
2024-06-05 00:00:00,DC_4,23.94,60.08,51.3,75.31,756.44,23.94,60.08,51.3,75.30834943,0.0
2024-06-05 02:30:00,DC_4,23.43,56.33,46.6,60.72,684.88,23.43,56.33,31.6,59.80217348,1.51
2024-06-05 05:00:00,DC_4,21.01,60.55,47.87,70.37,508.08,21.51,60.55,32.87,67.63829478,3.88
2024-06-05 07:30:00,DC_4,20.62,62.9,50.85,61.92,496.38,23.12,47.9,35.85,54.9905743,11.19
2024-06-05 10:00:00,DC_4,25.76,48.09,48.64,56.78,545.8,25.76,48.09,48.64,56.77583912,0.01
2024-06-05 12:30:00,DC_4,22.57,64.12,56.11,84.43,713.09,23.07,49.12,41.11,78.63444177,6.86
2024-06-05 15:00:00,DC_4,24.06,71.95,59.34,114.91,876.11,24.06,63.95,44.34,111.5882142,2.89
2024-06-05 17:30:00,DC_4,24.04,64.62,68.01,188.7,1163.72,24.04,64.62,68.01,188.7,0.0
2024-06-05 20:00:00,DC_4,23.58,67.64,61.61,96.74,923.27,23.58,59.64,46.61,93.63528307,3.21
2024-06-05 22:30:00,DC_4,24.03,62.52,50.67,103.42,914.01,24.03,62.52,35.67,102.5119287,0.88
2024-06-06 01:00:00,DC_4,23.68,53.7,55.66,92.05,795.8,23.68,53.7,55.66,92.04678357,0.0
2024-06-06 03:30:00,DC_4,22.01,52.34,50.35,54.85,511.49,22.51,37.34,35.35,52.2093734,4.81
2024-06-06 06:00:00,DC_4,28.07,50.17,50.99,39.92,473.67,28.07,50.17,50.99,39.91766567,0.01
2024-06-06 08:30:00,DC_4,23.02,46.81,43.42,41.45,416.76,23.02,38.81,30.0,40.47144706,2.36
2024-06-06 11:00:00,DC_4,24.69,53.9,43.16,57.86,545.04,24.69,53.9,30.0,57.80828528,0.09
2024-06-06 13:30:00,DC_4,24.7,52.97,59.89,80.13,690.36,24.7,52.97,59.89,80.13,0.0
2024-06-06 16:00:00,DC_4,24.37,70.46,67.18,160.78,1050.99,24.37,70.46,52.18,158.0813103,1.68
2024-06-06 18:30:00,DC_4,23.7,64.36,55.19,140.72,978.61,23.7,64.36,40.19,140.3889359,0.24
2024-06-06 21:00:00,DC_4,21.43,66.33,67.27,165.64,1018.49,22.93,58.33,52.27,157.8128694,4.73
2024-06-06 23:30:00,DC_4,22.29,53.6,60.95,86.87,819.5,23.29,53.6,45.95,83.8144348,3.52
2024-06-07 02:00:00,DC_4,21.67,53.61,47.05,45.19,506.17,22.17,38.61,32.05,42.61448312,5.7
2024-06-07 04:30:00,DC_4,20.96,54.68,44.56,42.28,439.62,23.46,39.68,30.0,38.71681092,8.43
2024-06-07 07:00:00,DC_4,24.06,45.3,44.3,43.22,461.33,24.06,45.3,44.3,43.22,0.0
2024-06-07 09:30:00,DC_4,22.77,50.89,54.48,54.26,484.01,23.27,42.89,39.48,53.16826235,2.01
2024-06-07 12:00:00,DC_4,22.76,61.17,58.4,107.89,755.56,23.26,53.17,43.4,104.7309386,2.93
2024-06-07 14:30:00,DC_4,22.23,65.53,64.47,105.84,818.26,23.23,57.53,49.47,101.4898584,4.11
2024-06-07 17:00:00,DC_4,21.34,71.83,79.17,185.93,1086.88,23.34,63.83,64.17,176.6594729,4.99
2024-06-07 19:30:00,DC_4,24.19,64.28,55.85,142.61,971.47,24.19,64.28,55.85,142.6074887,0.0
2024-06-07 22:00:00,DC_4,23.32,61.37,56.48,104.96,870.36,23.32,61.37,41.48,104.8707268,0.09
2024-06-08 00:30:00,DC_4,24.06,56.01,47.27,48.17,519.53,24.06,48.01,32.27,45.31981199,5.92
2024-06-08 03:00:00,DC_4,23.74,48.53,43.07,45.73,488.94,23.74,48.53,30.0,43.40990327,5.07
2024-06-08 05:30:00,DC_4,24.29,52.74,49.6,44.25,489.1,24.29,52.74,34.6,42.99885012,2.83
2024-06-08 08:00:00,DC_4,24.22,46.74,44.25,35.04,430.32,24.22,46.74,44.25,35.04,0.0
2024-06-08 10:30:00,DC_4,24.93,52.78,42.22,53.69,482.58,24.93,52.78,42.22,53.68848921,0.0
2024-06-08 13:00:00,DC_4,28.65,54.35,42.98,43.91,570.93,28.65,54.35,42.98,43.91,0.0
2024-06-08 15:30:00,DC_4,22.03,59.55,50.9,95.98,667.38,23.03,44.55,39.01,91.12959174,5.05
2024-06-08 18:00:00,DC_4,23.48,64.08,52.54,102.33,767.8,23.48,56.08,37.54,98.68910188,3.56
2024-06-08 20:30:00,DC_4,24.53,62.56,56.94,84.24,753.71,24.53,62.56,56.94,84.24,0.0
2024-06-08 23:00:00,DC_4,21.65,59.0,58.6,65.87,600.56,23.15,44.0,43.6,62.65661884,4.88
2024-06-09 01:30:00,DC_4,22.53,55.09,52.31,63.58,553.64,22.53,40.09,37.31,60.86802241,4.27
2024-06-09 04:00:00,DC_4,20.09,52.96,49.35,55.71,448.07,22.59,37.96,34.35,52.00636214,6.65
2024-06-09 06:30:00,DC_4,23.44,56.47,49.21,50.86,479.12,23.44,41.47,34.21,48.83812542,3.98
2024-06-09 09:00:00,DC_4,21.65,58.69,46.09,43.57,411.61,23.15,43.69,31.09,40.06284259,8.05
2024-06-09 11:30:00,DC_4,20.12,63.94,54.52,80.58,599.63,22.62,48.94,39.52,75.33456561,6.51
2024-06-09 14:00:00,DC_4,20.81,61.87,60.47,103.61,706.88,23.31,46.87,45.47,96.10164194,7.25
2024-06-09 16:30:00,DC_4,22.8,68.5,58.64,101.87,729.04,23.3,53.5,43.64,96.1799395,5.59
2024-06-09 19:00:00,DC_4,24.99,63.88,58.22,100.01,725.66,24.99,63.88,43.22,97.69411555,2.32
2024-06-09 21:30:00,DC_4,24.05,56.43,57.35,93.4,769.26,24.05,56.43,42.35,92.02803743,1.47
2024-06-10 00:00:00,DC_4,20.66,59.64,56.49,99.91,746.7,23.16,51.64,41.49,92.56362627,7.35
2024-06-10 02:30:00,DC_4,23.4,47.02,46.15,50.87,522.56,23.4,47.02,31.15,48.09964985,5.45
2024-06-10 05:00:00,DC_4,25.61,43.31,37.92,43.72,445.82,25.61,43.31,37.92,43.72,0.0
2024-06-10 07:30:00,DC_4,16.51,64.94,56.96,59.88,424.49,19.01,49.94,41.96,53.45221559,10.73
2024-06-10 10:00:00,DC_4,28.43,58.01,43.72,53.52,491.71,28.43,58.01,43.72,53.51815629,0.0
2024-06-10 12:30:00,DC_4,22.79,68.11,53.13,99.31,743.52,23.29,53.11,38.13,94.56692463,4.78
2024-06-10 15:00:00,DC_4,21.2,64.35,69.53,158.88,924.85,23.2,56.35,54.53,151.9293956,4.37
2024-06-10 17:30:00,DC_4,22.6,69.29,69.93,171.36,1065.49,22.6,61.29,54.93,168.2394821,1.82
2024-06-10 20:00:00,DC_4,23.51,66.08,66.41,102.35,895.49,23.51,58.08,51.41,98.73045535,3.54
2024-06-10 22:30:00,DC_4,23.77,66.85,55.17,114.72,880.62,23.77,58.85,40.17,114.2583165,0.4
2024-06-11 01:00:00,DC_4,23.42,56.74,60.5,50.83,608.98,23.42,48.74,45.5,49.44721468,2.72
2024-06-11 03:30:00,DC_4,21.6,53.93,45.36,64.3,540.01,23.1,45.93,30.36,61.08112138,5.01
2024-06-11 06:00:00,DC_4,16.9,56.68,59.7,68.63,462.0,19.4,41.68,44.7,62.45784782,8.99
2024-06-11 08:30:00,DC_4,25.24,53.84,44.72,41.38,456.05,25.24,53.84,30.0,39.45270757,4.66
2024-06-11 11:00:00,DC_4,24.99,59.76,53.02,69.14,623.94,24.99,59.76,38.02,68.96719761,0.25
2024-06-11 13:30:00,DC_4,21.29,65.07,62.24,119.68,732.58,21.79,65.07,47.24,117.2424118,2.04
2024-06-11 16:00:00,DC_4,22.01,70.27,63.6,132.68,954.36,22.01,70.27,63.6,132.6778474,0.0
2024-06-11 18:30:00,DC_4,23.87,67.96,62.3,121.25,1015.56,23.87,67.96,47.3,119.8108267,1.19
2024-06-11 21:00:00,DC_4,27.56,59.22,59.2,122.85,957.36,27.56,59.22,59.2,122.85,0.0
2024-06-11 23:30:00,DC_4,22.86,66.1,56.43,116.7,895.14,22.86,66.1,56.43,116.699833,0.0
2024-06-12 02:00:00,DC_4,22.43,51.79,50.52,59.73,620.96,22.43,43.79,35.52,56.53517308,5.35
2024-06-12 04:30:00,DC_4,23.01,51.3,43.09,53.99,460.92,23.01,43.3,30.0,52.29857547,3.13
2024-06-12 07:00:00,DC_4,23.32,56.33,43.72,43.77,456.03,23.32,41.33,30.0,39.96353173,8.7
2024-06-12 09:30:00,DC_4,22.05,58.36,50.9,55.74,493.62,22.05,58.36,40.41,54.53533132,2.16
2024-06-12 12:00:00,DC_4,22.16,56.92,55.0,83.17,637.13,23.16,48.92,40.0,78.77257976,5.29
2024-06-12 14:30:00,DC_4,21.97,77.97,63.18,122.82,860.7,23.47,62.97,48.18,115.9539334,5.59
2024-06-12 17:00:00,DC_4,20.41,70.67,73.21,167.61,1026.14,22.91,62.67,58.21,156.5661081,6.59
2024-06-12 19:30:00,DC_4,23.28,73.94,70.93,161.31,1093.6,23.28,65.94,55.93,157.2160882,2.54
2024-06-12 22:00:00,DC_4,23.44,65.4,59.64,119.53,824.65,23.44,57.4,44.64,114.8668573,3.9
2024-06-13 00:30:00,DC_4,23.43,63.34,48.85,87.62,813.39,23.43,55.34,33.85,85.75576915,2.13
2024-06-13 03:00:00,DC_4,23.91,48.47,47.78,43.62,507.94,23.91,48.47,32.78,42.1950964,3.27
2024-06-13 05:30:00,DC_4,21.79,59.97,35.76,49.88,476.18,23.29,44.97,30.0,46.31441617,7.15
2024-06-13 08:00:00,DC_4,25.31,53.17,46.4,58.09,461.1,25.31,53.17,31.4,57.38938716,1.21
2024-06-13 10:30:00,DC_4,22.92,56.87,54.52,66.49,517.73,23.42,41.87,39.52,61.19543005,7.96
2024-06-13 13:00:00,DC_4,22.15,65.76,63.61,111.78,783.71,23.15,50.76,48.61,105.8411861,5.31
2024-06-13 15:30:00,DC_4,21.0,74.81,74.17,172.27,1076.59,23.0,59.81,59.17,161.4203384,6.3
2024-06-13 18:00:00,DC_4,23.05,69.41,68.89,173.54,1105.25,23.05,69.41,53.89,171.7297292,1.04
2024-06-13 20:30:00,DC_4,25.25,62.67,57.4,100.94,897.38,25.25,62.67,57.4,100.9359255,0.0
2024-06-13 23:00:00,DC_4,22.97,60.52,58.39,77.64,738.67,23.47,52.52,43.39,75.66706138,2.54
2024-06-14 01:30:00,DC_4,23.16,52.3,56.43,64.64,678.61,23.16,52.3,41.43,62.84109206,2.78
2024-06-14 04:00:00,DC_4,22.41,48.17,48.74,47.69,464.89,23.41,40.17,33.74,44.7115257,6.25
2024-06-14 06:30:00,DC_4,23.37,46.43,46.69,34.98,437.28,23.37,46.43,46.69,34.97806976,0.01
2024-06-14 09:00:00,DC_4,18.43,57.4,55.16,65.18,488.56,20.93,42.4,40.16,59.27684162,9.06
2024-06-14 11:30:00,DC_4,16.64,70.74,63.52,85.86,576.24,19.14,55.74,48.52,76.78659572,10.57
2024-06-14 14:00:00,DC_4,22.76,63.97,60.25,87.55,691.8,23.26,48.97,45.25,83.38358082,4.76
2024-06-14 16:30:00,DC_4,21.54,71.05,61.76,174.55,1022.05,23.04,63.05,46.76,167.683502,3.93
2024-06-14 19:00:00,DC_4,24.69,60.19,65.21,119.37,946.64,24.69,60.19,65.21,119.37,0.0
2024-06-14 21:30:00,DC_4,25.8,65.94,56.01,123.07,1007.28,25.8,65.94,56.01,123.0671899,0.0
2024-06-15 00:00:00,DC_4,21.37,60.88,51.42,76.93,632.11,21.37,60.88,51.42,76.93,0.0
2024-06-15 02:30:00,DC_4,24.5,47.58,43.48,40.35,515.83,24.5,47.58,30.0,40.28919913,0.15
2024-06-15 05:00:00,DC_4,21.66,53.26,54.16,47.55,425.18,23.16,38.26,39.16,43.64456514,8.21
2024-06-15 07:30:00,DC_4,22.91,63.29,46.35,48.01,467.01,23.41,48.29,31.35,43.56056482,9.27
2024-06-15 10:00:00,DC_4,24.93,52.6,46.27,46.09,437.91,24.93,44.6,31.27,45.39050538,1.52
2024-06-15 12:30:00,DC_4,17.0,76.34,65.73,143.33,707.58,19.5,61.34,50.73,130.5027366,8.95
2024-06-15 15:00:00,DC_4,22.83,63.67,55.56,84.08,734.63,23.33,48.67,40.56,79.46106674,5.49
2024-06-15 17:30:00,DC_4,23.63,62.55,50.04,96.58,715.26,23.63,54.55,35.04,94.0569872,2.61
2024-06-15 20:00:00,DC_4,23.05,65.38,57.64,103.62,706.84,23.05,50.38,42.64,100.8517716,2.67
2024-06-15 22:30:00,DC_4,23.79,63.33,57.44,76.52,736.68,23.79,55.33,42.44,75.5759229,1.23
2024-06-16 01:00:00,DC_4,22.88,56.93,49.73,69.14,590.13,23.38,48.93,34.73,66.02055166,4.51
2024-06-16 03:30:00,DC_4,21.46,64.87,51.84,58.88,528.83,23.46,49.87,36.84,53.22558863,9.6
2024-06-16 06:00:00,DC_4,23.96,55.739999999999995,42.51,44.14,450.99,23.96,41.73,30.0,41.9480078,4.97
2024-06-16 08:30:00,DC_4,24.36,46.96,43.66,38.87,453.06,24.36,46.96,43.66,38.86824399,0.0
2024-06-16 11:00:00,DC_4,22.86,52.69,49.77,53.61,485.7,22.86,37.69,34.77,50.0249434,6.69
2024-06-16 13:30:00,DC_4,16.36,72.28,63.19,103.74,540.23,18.86,57.28,48.19,94.86419036,8.56
2024-06-16 16:00:00,DC_4,22.04,66.15,62.07,95.37,702.04,23.04,51.15,47.07,90.98939571,4.59
2024-06-16 18:30:00,DC_4,23.99,60.59,50.9,93.89,747.62,23.99,60.59,41.69,91.14503941,2.92
2024-06-16 21:00:00,DC_4,23.56,61.37,51.97,81.03,753.41,23.56,53.37,36.97,78.67108253,2.91
2024-06-16 23:30:00,DC_4,21.67,65.43,53.45,112.63,802.57,22.67,50.43,38.45,105.201515,6.6
2024-06-17 02:00:00,DC_4,21.78,58.45,46.44,53.29,571.97,22.78,43.45,31.44,50.45498078,5.32
2024-06-17 04:30:00,DC_4,21.96,62.42,43.92,45.39,478.65,23.46,47.42,30.0,41.59781833,8.35
2024-06-17 07:00:00,DC_4,24.5,51.4,43.57,36.67,442.71,24.5,43.4,30.0,33.52243415,8.58
2024-06-17 09:30:00,DC_4,24.07,50.08,44.14,39.58,438.45,24.07,42.08,30.0,36.45367278,7.9
2024-06-17 12:00:00,DC_4,22.89,52.09,45.8,72.14,676.75,23.39,52.09,30.8,69.84486171,3.18
2024-06-17 14:30:00,DC_4,22.57,66.13,64.63,114.02,774.61,23.07,51.13,49.63,108.5240245,4.82
2024-06-17 17:00:00,DC_4,23.76,68.56,62.97,179.35,1127.92,23.76,68.56,47.97,177.0697144,1.27
2024-06-17 19:30:00,DC_4,22.18,72.8,59.72,160.56,980.42,22.68,57.8,44.72,155.7841311,2.97
2024-06-17 22:00:00,DC_4,21.53,68.88,67.57,115.46,857.15,22.53,53.88,52.57,109.2616189,5.37
2024-06-18 00:30:00,DC_4,22.28,63.23,52.24,102.23,750.77,23.28,55.23,37.24,96.49130582,5.61
2024-06-18 03:00:00,DC_4,21.77,62.76,49.42,55.29,520.85,23.27,47.76,34.42,49.98716593,9.59
2024-06-18 05:30:00,DC_4,23.04,56.13,47.64,40.0,451.19,23.04,41.13,32.64,39.03237011,2.42
2024-06-18 08:00:00,DC_4,23.75,52.99,51.31,48.69,494.34,23.75,44.99,36.31,46.32551588,4.86
2024-06-18 10:30:00,DC_4,21.65,57.64,55.43,62.54,581.71,23.15,57.64,40.43,59.63863893,4.64
2024-06-18 13:00:00,DC_4,21.55,55.739999999999995,64.53,122.38,753.19,23.05,53.88,49.53,113.5582583,7.21
2024-06-18 15:30:00,DC_4,23.99,76.41,64.6,209.99,1298.33,23.99,76.41,64.6,209.9865287,0.0
2024-06-18 18:00:00,DC_4,22.76,79.25,62.43,162.8,1046.9,23.26,64.25,47.43,155.3261675,4.59
2024-06-18 20:30:00,DC_4,22.09,76.83,68.34,176.64,1102.75,22.59,61.83,53.34,169.1060295,4.27
2024-06-18 23:00:00,DC_4,23.69,55.95,53.73,88.93,733.21,23.69,55.95,53.73,88.92599459,0.0
2024-06-19 01:30:00,DC_4,22.78,57.6,45.64,61.74,578.77,22.78,42.6,30.64,58.79624348,4.77
2024-06-19 04:00:00,DC_4,22.13,55.28,52.92,70.93,780.82,22.13,47.28,37.92,69.05206081,2.65
2024-06-19 06:30:00,DC_4,22.05,55.48,50.9,48.86,471.79,23.05,40.48,33.89,44.96065348,7.98
2024-06-19 09:00:00,DC_4,23.16,56.72,56.92,41.11,433.5,23.16,41.72,41.92,38.24732766,6.96
2024-06-19 11:30:00,DC_4,19.42,55.739999999999995,63.58,86.43,599.54,21.92,52.47,48.58,79.65878896,7.83
2024-06-19 14:00:00,DC_4,23.09,57.85,55.41,82.25,755.58,23.09,57.85,40.41,80.90095151,1.64
2024-06-19 16:30:00,DC_4,22.99,68.51,65.32,180.05,1058.61,23.49,68.51,50.32,177.7595682,1.27
2024-06-19 19:00:00,DC_4,23.82,75.08,63.22,119.11,1008.97,23.82,75.08,63.22,119.11,0.0
2024-06-19 21:30:00,DC_4,20.52,62.63,69.41,137.43,961.24,23.02,62.63,54.41,130.0073935,5.4
2024-06-20 00:00:00,DC_4,22.69,52.65,56.85,93.11,748.51,22.69,52.65,56.85,93.11,0.0
2024-06-20 02:30:00,DC_4,24.68,53.06,46.87,61.19,601.47,24.68,53.06,46.87,61.19,0.0
2024-06-20 05:00:00,DC_4,17.48,59.41,62.16,56.21,435.28,19.98,44.41,47.16,51.15948197,8.99
2024-06-20 07:30:00,DC_4,22.23,56.69,59.93,56.67,468.89,23.23,41.69,44.93,52.73216528,6.95
2024-06-20 10:00:00,DC_4,24.19,52.57,48.09,61.14,564.92,24.19,52.57,33.09,59.50770459,2.67
2024-06-20 12:30:00,DC_4,22.11,58.64,64.85,96.46,740.05,22.61,50.64,49.85,92.29585781,4.32
2024-06-20 15:00:00,DC_4,23.22,72.87,66.86,145.02,990.58,23.22,64.87,51.86,142.3458977,1.84
2024-06-20 17:30:00,DC_4,23.14,70.9,68.72,176.21,1146.46,23.14,62.9,53.72,172.3389338,2.2
2024-06-20 20:00:00,DC_4,20.53,74.44,65.44,146.57,992.39,23.03,59.44,50.44,135.4231131,7.61
2024-06-20 22:30:00,DC_4,21.62,65.42,55.45,99.59,857.33,22.62,50.42,40.45,93.01190742,6.61
2024-06-21 01:00:00,DC_4,22.13,55.739999999999995,63.46,100.24,884.23,22.13,53.05,48.46,96.38406937,3.85
2024-06-21 03:30:00,DC_4,23.7,57.53,50.83,57.82,604.19,23.7,49.53,35.83,56.82335817,1.72
2024-06-21 06:00:00,DC_4,25.26,46.88,36.95,26.32,413.91,25.26,46.88,30.0,25.52127004,3.03
2024-06-21 08:30:00,DC_4,23.54,50.08,48.58,40.16,422.43,23.54,42.08,33.58,37.91700748,5.59
2024-06-21 11:00:00,DC_4,23.9,72.4,55.81,92.05,768.0,23.9,57.4,40.81,89.11776753,3.19
2024-06-21 13:30:00,DC_4,18.37,73.74,66.23,120.1,725.09,20.37,65.74,51.23,111.5134195,7.15
2024-06-21 16:00:00,DC_4,23.98,74.48,68.28,147.51,1010.93,23.98,66.48,53.28,143.2731457,2.87
2024-06-21 18:30:00,DC_4,23.43,65.75,69.82,163.68,985.2,23.43,65.75,54.82,160.6096105,1.88
2024-06-21 21:00:00,DC_4,20.71,73.74,69.59,153.05,1008.91,23.21,58.74,54.59,143.4093371,6.3
2024-06-21 23:30:00,DC_4,22.79,60.2,54.78,86.8,775.28,23.29,52.2,39.78,84.22501778,2.97
2024-06-22 02:00:00,DC_4,26.84,56.19,45.54,49.41,511.64,26.84,56.19,45.54,49.40535932,0.01
2024-06-22 04:30:00,DC_4,21.56,58.16,51.64,54.82,491.11,23.06,43.16,36.64,50.88300057,7.18
2024-06-22 07:00:00,DC_4,23.48,54.7,51.81,47.74,415.36,23.48,39.7,36.81,43.75679903,8.34
2024-06-22 09:30:00,DC_4,25.32,44.34,49.21,44.14,471.51,25.32,44.34,49.21,44.1372228,0.01
2024-06-22 12:00:00,DC_4,25.27,50.92,50.77,52.85,493.05,25.27,50.92,35.77,51.88580203,1.82
2024-06-22 14:30:00,DC_4,23.4,69.8,54.62,125.33,873.98,23.4,54.8,39.62,120.6083719,3.77
2024-06-22 17:00:00,DC_4,22.24,66.89,55.61,88.44,772.44,23.24,51.89,40.61,83.79545112,5.25
2024-06-22 19:30:00,DC_4,16.52,70.46,64.13,128.11,739.66,19.02,55.46,49.13,116.949113,8.71
2024-06-22 22:00:00,DC_4,23.26,53.34,51.57,74.81,636.04,23.26,53.34,36.57,71.5856148,4.31
2024-06-23 00:30:00,DC_4,24.12,52.43,42.68,55.88,562.2,24.12,52.43,30.0,54.50471956,2.46
2024-06-23 03:00:00,DC_4,25.0,54.63,45.85,44.69,506.96,25.0,54.63,30.85,43.39616616,2.9
2024-06-23 05:30:00,DC_4,18.06,65.49,43.52,54.15,445.53,20.56,50.49,30.0,50.55047544,6.65
2024-06-23 08:00:00,DC_4,22.51,56.19,42.78,47.15,415.71,23.01,41.19,30.0,44.88310523,4.81
2024-06-23 10:30:00,DC_4,24.39,46.32,40.51,45.1,455.6,24.39,46.32,30.0,42.68444742,5.36
2024-06-23 13:00:00,DC_4,24.05,60.38,50.62,63.99,605.55,24.05,52.38,35.62,61.55557331,3.8
2024-06-23 15:30:00,DC_4,17.24,67.78,76.15,126.69,724.57,19.74,52.78,61.15,116.9631998,7.68
2024-06-23 18:00:00,DC_4,23.78,57.79,52.96,87.59,705.96,23.78,57.79,37.96,85.1503619,2.79
2024-06-23 20:30:00,DC_4,22.0,62.45,61.38,74.44,690.13,22.5,47.45,46.38,71.3522771,4.15
2024-06-23 23:00:00,DC_4,20.85,61.64,53.49,69.22,592.03,22.85,46.64,38.49,63.60800315,8.11
2024-06-24 01:30:00,DC_4,20.76,60.16,55.27,70.51,634.6,23.26,45.16,40.27,64.2475546,8.88
2024-06-24 04:00:00,DC_4,22.24,59.67,49.68,48.92,489.81,23.24,44.67,34.68,46.05183764,5.86
2024-06-24 06:30:00,DC_4,21.08,53.47,49.22,51.94,475.8,22.58,38.47,34.22,47.77923502,8.01
2024-06-24 09:00:00,DC_4,23.34,52.72,55.67,60.46,602.97,23.34,52.72,55.67,60.45745823,0.0
2024-06-24 11:30:00,DC_4,24.16,56.61,53.3,86.63,614.56,24.16,48.61,38.3,83.63811576,3.45
2024-06-24 14:00:00,DC_4,21.33,63.66,65.21,113.59,807.23,23.33,55.66,50.21,108.6060335,4.39
2024-06-24 16:30:00,DC_4,22.76,79.28,69.31,175.01,1150.47,23.26,64.28,54.31,170.0270447,2.85
2024-06-24 19:00:00,DC_4,27.76,64.77,59.81,138.11,1020.89,27.76,64.77,59.81,138.1087703,0.0
2024-06-24 21:30:00,DC_4,23.54,67.48,63.16,133.92,892.07,23.54,59.48,48.16,131.4958429,1.81
2024-06-25 00:00:00,DC_4,24.79,57.83,55.55,83.88,813.49,24.79,57.83,55.55,83.88,0.0
2024-06-25 02:30:00,DC_4,21.57,60.63,56.11,61.95,600.09,23.07,45.63,41.11,57.78262871,6.73
2024-06-25 05:00:00,DC_4,23.93,51.33,45.94,40.58,435.73,23.93,43.33,30.94,39.01795604,3.85
2024-06-25 07:30:00,DC_4,24.36,45.26,43.64,36.08,399.59,24.36,45.26,43.64,36.0760328,0.01
2024-06-25 10:00:00,DC_4,28.43,52.91,45.92,43.39,503.89,28.43,52.91,45.92,43.38976596,0.0
2024-06-25 12:30:00,DC_4,22.64,55.75,54.84,81.87,678.3,22.64,47.75,39.84,79.7747449,2.56
2024-06-25 15:00:00,DC_4,24.14,65.79,48.93,110.36,903.44,24.14,65.79,33.93,108.9147353,1.31
2024-06-25 17:30:00,DC_4,22.51,69.83,65.82,172.29,1030.35,23.01,61.83,50.82,168.9111524,1.96
2024-06-25 20:00:00,DC_4,22.82,66.86,60.41,132.69,924.27,22.82,51.86,45.41,128.2430194,3.35
2024-06-25 22:30:00,DC_4,18.22,71.7,73.6,137.18,807.9,20.72,56.7,58.6,127.8909567,6.77
2024-06-26 01:00:00,DC_4,22.89,61.42,52.85,90.25,709.4,23.39,53.42,37.85,87.82472759,2.69
2024-06-26 03:30:00,DC_4,23.73,58.16,48.82,64.84,618.26,23.73,58.16,48.82,64.83983783,0.0
2024-06-26 06:00:00,DC_4,22.51,55.08,46.48,35.27,408.92,23.01,40.08,31.48,33.0844003,6.2
2024-06-26 08:30:00,DC_4,20.8,60.51,53.84,61.13,514.39,23.3,45.51,38.84,56.74733939,7.17
2024-06-26 11:00:00,DC_4,23.54,62.97,48.43,63.49,521.56,23.54,47.97,33.43,60.13666093,5.28
2024-06-26 13:30:00,DC_4,20.89,62.35,55.33,125.0,830.48,23.39,54.35,40.33,116.7558168,6.6
2024-06-26 16:00:00,DC_4,22.12,65.11,67.43,161.61,1024.18,22.62,57.11,52.43,157.4734384,2.56
2024-06-26 18:30:00,DC_4,21.22,75.4,65.53,176.43,1054.19,23.22,60.4,50.53,166.2376743,5.78
2024-06-26 21:00:00,DC_4,17.21,79.79,65.95,142.76,855.92,19.71,64.79,50.95,132.3872278,7.27
2024-06-26 23:30:00,DC_4,22.28,66.32,60.94,97.91,807.56,22.78,51.32,45.94,92.88952857,5.13
2024-06-27 02:00:00,DC_4,24.41,60.76,47.17,68.84,653.99,24.41,60.76,47.17,68.83544493,0.01
2024-06-27 04:30:00,DC_4,21.83,64.56,59.98,96.3,763.7,22.33,49.56,44.98,91.69747366,4.78
2024-06-27 07:00:00,DC_4,24.43,48.85,48.2,42.6,480.64,24.43,48.85,33.2,41.61527612,2.31
2024-06-27 09:30:00,DC_4,23.55,56.15,55.46,39.52,493.39,23.55,48.15,40.46,37.50615521,5.1
2024-06-27 12:00:00,DC_4,25.06,51.24,51.98,88.05,715.37,25.06,51.24,51.98,88.04832562,0.0
2024-06-27 14:30:00,DC_4,22.77,66.44,60.83,125.24,878.7,23.27,58.44,45.83,122.0325188,2.56
2024-06-27 17:00:00,DC_4,23.43,55.739999999999995,61.68,154.07,1014.76,23.43,74.42,61.68,154.07,0.0
2024-06-27 19:30:00,DC_4,23.51,68.89,57.56,120.8,910.64,23.51,60.89,42.56,118.9197188,1.56
2024-06-27 22:00:00,DC_4,23.79,74.59,68.53,173.76,1170.68,23.79,74.59,53.53,171.6610684,1.21
2024-06-28 00:30:00,DC_4,20.22,65.65,60.85,111.63,814.74,22.72,50.65,45.85,103.3667227,7.4
2024-06-28 03:00:00,DC_4,24.59,63.42,53.87,58.48,614.63,24.59,55.42,38.87,54.61891504,6.6
2024-06-28 05:30:00,DC_4,17.14,59.63,53.65,58.83,438.04,19.64,44.63,38.65,52.38446139,10.96
2024-06-28 08:00:00,DC_4,20.72,57.75,49.1,51.35,439.02,23.22,42.75,34.1,47.80747279,6.9
2024-06-28 10:30:00,DC_4,22.84,58.53,52.7,54.87,524.68,23.34,43.53,37.7,51.03835562,6.98
2024-06-28 13:00:00,DC_4,21.91,66.25,54.07,115.45,779.49,22.91,51.25,39.07,109.0646723,5.53
2024-06-28 15:30:00,DC_4,21.81,70.18,61.94,130.66,907.51,22.81,55.18,46.94,124.3557103,4.82
2024-06-28 18:00:00,DC_4,22.89,76.19,75.73,187.44,1204.42,23.39,68.19,60.73,183.055131,2.34
2024-06-28 20:30:00,DC_4,20.84,71.63,63.37,138.19,944.99,22.84,56.63,48.37,131.4342267,4.89
2024-06-28 23:00:00,DC_4,24.2,59.23,61.31,96.89,847.62,24.2,59.23,46.31,94.30528487,2.67
2024-06-29 01:30:00,DC_4,26.13,57.07,40.66,46.37,518.79,26.13,57.07,30.0,44.31455246,4.43
2024-06-29 04:00:00,DC_4,23.34,50.91,54.72,40.67,501.37,23.34,42.91,39.72,37.95630636,6.67
2024-06-29 06:30:00,DC_4,24.8,48.47,42.94,42.75,472.36,24.8,48.47,30.0,41.61793235,2.65
2024-06-29 09:00:00,DC_4,22.81,56.96,50.26,46.35,469.05,23.31,41.96,35.26,43.04275909,7.14
2024-06-29 11:30:00,DC_4,21.6,50.1,49.72,59.45,494.32,23.1,42.1,34.72,56.05496144,5.71
2024-06-29 14:00:00,DC_4,23.85,65.63,61.77,103.3,745.8,23.85,57.63,46.77,101.2271938,2.01
2024-06-29 16:30:00,DC_4,22.09,65.63,62.91,72.75,707.61,23.09,50.63,47.91,68.52218396,5.81
2024-06-29 19:00:00,DC_4,22.55,62.43,52.97,85.51,704.63,22.55,47.43,37.97,81.29884306,4.92
2024-06-29 21:30:00,DC_4,22.68,67.4,59.34,113.25,996.71,23.18,59.4,44.34,110.4831231,2.44
2024-06-30 00:00:00,DC_4,21.57,60.3,55.67,63.74,608.07,21.57,60.3,40.67,62.07214402,2.62
2024-06-30 02:30:00,DC_4,22.98,48.79,46.68,51.26,551.44,23.48,48.79,31.68,51.23388833,0.05
2024-06-30 05:00:00,DC_4,24.07,44.06,45.06,37.63,414.16,24.07,44.06,45.06,37.63,0.0
2024-06-30 07:30:00,DC_4,22.27,51.46,50.06,43.92,426.64,22.77,36.46,35.06,40.47039669,7.85
2024-06-30 10:00:00,DC_4,21.22,55.64,54.03,45.33,467.77,23.22,40.64,39.03,40.44685422,10.77
2024-06-30 12:30:00,DC_4,24.62,55.19,51.92,67.77,548.95,24.62,55.19,36.92,66.99653953,1.14
2024-06-30 15:00:00,DC_4,22.94,67.87,60.89,88.09,764.44,23.44,52.87,45.89,84.18957248,4.43
2024-06-30 17:30:00,DC_4,22.41,62.12,61.52,104.84,765.82,22.41,62.12,61.52,104.8396779,0.0
2024-06-30 20:00:00,DC_4,24.37,63.87,52.55,89.58,753.46,24.37,63.87,52.55,89.57772683,0.0
2024-06-30 22:30:00,DC_4,21.59,65.58,54.76,74.84,668.14,23.09,50.58,39.76,69.60373967,7.0
2024-07-01 01:00:00,DC_4,23.36,57.84,48.05,71.78,707.33,23.36,57.84,48.05,71.78,0.0
2024-07-01 03:30:00,DC_4,23.63,50.34,41.35,41.98,488.7,23.63,42.34,30.0,41.07445965,2.16
2024-07-01 06:00:00,DC_4,24.96,48.52,49.34,36.62,392.45,24.96,48.52,34.34,34.90758805,4.68
2024-07-01 08:30:00,DC_4,28.7,43.56,41.31,33.45,407.19,28.7,43.56,41.31,33.45,0.0
2024-07-01 11:00:00,DC_4,21.8,65.64,51.79,80.39,678.08,23.3,50.64,36.79,75.35355478,6.27
2024-07-01 13:30:00,DC_4,27.31,59.89,52.22,86.66,699.19,27.31,59.89,52.22,86.65879508,0.0
2024-07-01 16:00:00,DC_4,24.91,67.5,58.93,136.27,1033.67,24.91,67.5,58.93,136.2689646,0.0
2024-07-01 18:30:00,DC_4,22.73,69.89,64.37,117.72,951.75,22.73,54.89,49.37,112.6065707,4.34
2024-07-01 21:00:00,DC_4,23.34,69.96,57.38,105.05,916.46,23.34,61.96,42.38,103.2255047,1.74
2024-07-01 23:30:00,DC_4,22.92,65.84,60.82,94.43,785.84,23.42,57.84,45.82,91.80121459,2.78
2024-07-02 02:00:00,DC_4,22.37,63.93,54.73,74.15,611.98,23.37,48.93,39.73,68.74767187,7.29
2024-07-02 04:30:00,DC_4,24.3,45.71,47.99,47.27,486.8,24.3,45.71,32.99,46.34500611,1.96
2024-07-02 07:00:00,DC_4,22.3,61.26,44.98,67.37,603.78,23.3,46.26,30.0,60.99442168,9.46
2024-07-02 09:30:00,DC_4,21.15,53.92,46.49,62.41,523.14,23.15,45.92,31.49,58.53584568,6.21
2024-07-02 12:00:00,DC_4,24.19,60.06,60.51,117.24,778.46,24.19,60.06,45.51,114.7102564,2.16
2024-07-02 14:30:00,DC_4,23.55,56.29,54.41,101.52,761.17,23.55,56.29,54.41,101.5186911,0.0
2024-07-02 17:00:00,DC_4,21.52,55.739999999999995,65.74,169.62,1018.33,23.02,66.39,50.74,159.1574494,6.17
2024-07-02 19:30:00,DC_4,22.73,62.25,59.06,136.01,992.99,23.23,62.25,44.06,132.7462219,2.4
2024-07-02 22:00:00,DC_4,21.43,60.3,69.68,109.65,882.29,22.43,52.3,54.68,106.313837,3.04
2024-07-03 00:30:00,DC_4,26.72,49.67,45.83,76.04,712.66,26.72,49.67,45.83,76.03965163,0.0
2024-07-03 03:00:00,DC_4,28.1,47.65,44.34,54.81,512.18,28.1,47.65,44.34,54.81,0.0
2024-07-03 05:30:00,DC_4,23.0,52.23,46.81,37.8,433.26,23.0,37.23,31.81,34.95271931,7.53
2024-07-03 08:00:00,DC_4,24.81,54.33,50.48,45.39,460.36,24.81,46.33,35.48,40.98036492,9.71
2024-07-03 10:30:00,DC_4,22.58,53.64,53.37,54.71,492.74,23.08,38.64,38.37,49.8166865,8.94
2024-07-03 13:00:00,DC_4,23.04,69.31,63.17,93.07,797.05,23.04,54.31,48.17,87.44444749,6.04
2024-07-03 15:30:00,DC_4,21.62,69.21,62.28,130.41,941.57,22.62,54.21,47.28,124.984232,4.16
2024-07-03 18:00:00,DC_4,21.93,78.42,69.29,159.67,1087.16,23.43,63.42,54.29,153.4789868,3.88
2024-07-03 20:30:00,DC_4,23.23,65.4,65.77,115.43,947.09,23.23,65.4,50.77,113.7399981,1.46
2024-07-03 23:00:00,DC_4,20.84,73.26,55.08,104.08,806.89,23.34,58.26,40.08,95.52549987,8.22
2024-07-04 01:30:00,DC_4,23.66,58.45,50.42,79.76,684.08,23.66,58.45,35.42,77.96677171,2.25
2024-07-04 04:00:00,DC_4,21.55,52.44,59.06,61.07,538.23,23.05,44.44,44.06,57.86741959,5.24
2024-07-04 06:30:00,DC_4,22.25,51.85,47.02,38.38,445.81,22.75,36.85,32.02,35.04616368,8.69
2024-07-04 09:00:00,DC_4,22.21,55.43,55.79,44.75,458.05,23.21,40.43,40.79,41.97046533,6.21
2024-07-04 11:30:00,DC_4,16.85,68.44,61.85,96.99,672.67,19.35,53.44,46.85,88.55008483,8.7
2024-07-04 14:00:00,DC_4,23.35,67.19,66.71,109.63,750.3,23.35,52.19,51.71,106.9979303,2.4
2024-07-04 16:30:00,DC_4,23.81,71.65,73.23,178.24,1174.5,23.81,71.65,58.23,176.9322759,0.73
2024-07-04 19:00:00,DC_4,21.23,67.16,67.24,168.38,1017.36,21.23,67.16,67.24,168.38,0.0
2024-07-04 21:30:00,DC_4,22.72,66.96,58.5,105.39,865.25,23.22,58.96,43.5,99.80493029,5.3
2024-07-05 00:00:00,DC_4,23.43,64.98,59.38,84.38,672.04,23.43,49.98,44.38,79.72393918,5.52
2024-07-05 02:30:00,DC_4,24.77,44.2,43.87,37.15,537.32,24.77,44.2,43.87,37.15,0.0
2024-07-05 05:00:00,DC_4,22.2,48.27,53.52,35.26,408.29,22.2,33.27,38.52,31.77216742,9.89
2024-07-05 07:30:00,DC_4,22.62,50.29,53.89,53.23,467.43,23.12,42.29,38.89,50.05435517,5.97
2024-07-05 10:00:00,DC_4,22.76,68.66,56.2,78.17,608.6,23.26,53.66,41.2,74.72397623,4.41
2024-07-05 12:30:00,DC_4,23.69,64.63,55.86,89.09,769.78,23.69,56.63,40.86,86.8286976,2.54
2024-07-05 15:00:00,DC_4,22.17,69.75,68.57,159.0,914.72,22.67,54.75,53.57,152.6046982,4.02
2024-07-05 17:30:00,DC_4,24.13,69.72,65.17,136.46,988.73,24.13,69.72,50.17,134.910326,1.14
2024-07-05 20:00:00,DC_4,22.74,71.75,62.78,131.23,1078.34,23.24,63.75,47.78,126.3885485,3.69
2024-07-05 22:30:00,DC_4,22.25,70.46,62.75,107.52,854.65,23.25,55.46,47.75,101.5940193,5.51
2024-07-06 01:00:00,DC_4,20.91,57.44,56.86,59.28,540.33,23.41,42.44,41.86,54.16548497,8.63
2024-07-06 03:30:00,DC_4,23.44,52.39,40.59,34.49,442.36,23.44,44.39,30.0,32.72604814,5.11
2024-07-06 06:00:00,DC_4,21.06,56.88,47.23,42.14,418.65,23.06,41.88,32.23,38.63936666,8.31
2024-07-06 08:30:00,DC_4,22.34,48.44,51.5,52.51,416.56,23.34,40.44,36.5,49.89676206,4.98
2024-07-06 11:00:00,DC_4,22.04,51.23,52.06,49.17,490.52,23.04,43.23,37.06,47.16300166,4.08
2024-07-06 13:30:00,DC_4,22.82,60.08,51.44,61.46,544.88,23.32,45.08,36.44,58.30438713,5.13
2024-07-06 16:00:00,DC_4,22.65,55.739999999999995,58.17,90.17,634.9,23.15,52.24,43.17,86.85791943,3.67
2024-07-06 18:30:00,DC_4,23.4,62.71,55.44,111.31,797.39,23.4,54.71,40.44,108.1330982,2.85
2024-07-06 21:00:00,DC_4,21.61,57.35,57.43,85.67,721.11,23.11,49.35,42.43,80.0896793,6.51
2024-07-06 23:30:00,DC_4,22.19,57.4,53.73,90.79,705.54,22.19,57.4,53.73,90.79,0.0
2024-07-07 02:00:00,DC_4,23.33,50.86,46.08,46.77,520.27,23.33,50.86,46.08,46.76653541,0.01
2024-07-07 04:30:00,DC_4,23.23,53.45,45.34,38.44,469.58,23.23,38.45,30.34,35.82510279,6.8
2024-07-07 07:00:00,DC_4,20.85,50.37,48.23,51.63,398.59,22.85,35.37,33.23,47.1679701,8.64
2024-07-07 09:30:00,DC_4,24.97,52.28,51.74,49.23,444.66,24.97,52.28,36.74,46.38560778,5.78
2024-07-07 12:00:00,DC_4,21.66,54.85,55.64,78.02,574.93,23.16,46.85,40.64,74.437757,4.59
2024-07-07 14:30:00,DC_4,20.98,62.79,60.2,99.08,675.18,23.48,47.79,45.2,91.07510724,8.08
2024-07-07 17:00:00,DC_4,23.63,63.88,55.63,99.85,779.1,23.63,63.88,55.63,99.84720255,0.0
2024-07-07 19:30:00,DC_4,24.93,67.54,54.43,85.15,757.07,24.93,67.54,39.43,83.9004963,1.47
2024-07-07 22:00:00,DC_4,25.49,50.92,52.18,85.96,754.33,25.49,50.92,52.18,85.96,0.0
2024-07-08 00:30:00,DC_4,20.48,64.02,63.44,107.47,787.82,22.48,49.02,48.44,99.46470451,7.45
2024-07-08 03:00:00,DC_4,22.67,52.95,56.4,53.53,537.98,23.17,44.95,41.4,50.75521524,5.18
2024-07-08 05:30:00,DC_4,23.24,52.56,45.96,53.99,520.96,23.24,44.56,30.96,52.1830119,3.35
2024-07-08 08:00:00,DC_4,22.48,61.67,49.83,48.22,444.44,23.48,46.67,34.83,44.18225336,8.37
2024-07-08 10:30:00,DC_4,22.24,53.5,43.6,65.28,549.34,23.24,45.5,30.0,61.02272425,6.52
2024-07-08 13:00:00,DC_4,24.96,60.57,61.66,115.66,827.29,24.96,60.57,61.66,115.66,0.0
2024-07-08 15:30:00,DC_4,23.21,72.92,69.22,155.99,1038.17,23.21,64.92,54.22,152.1478775,2.46
2024-07-08 18:00:00,DC_4,22.55,77.75,68.85,170.69,1094.39,22.55,62.75,53.85,165.831477,2.85
2024-07-08 20:30:00,DC_4,24.52,66.54,67.12,155.1,1019.13,24.52,66.54,52.12,154.0203749,0.7
2024-07-08 23:00:00,DC_4,22.74,77.42,56.94,119.58,906.03,23.24,62.42,41.94,114.2084733,4.49
2024-07-09 01:30:00,DC_4,25.45,52.63,55.12,74.78,731.21,25.45,52.63,55.12,74.78,0.0
2024-07-09 04:00:00,DC_4,25.02,54.02,53.3,35.61,471.3,25.02,54.02,38.3,34.6937602,2.57
2024-07-09 06:30:00,DC_4,21.61,57.85,47.0,70.6,703.75,23.11,49.85,32.0,66.1681933,6.28
2024-07-09 09:00:00,DC_4,25.45,49.95,45.7,59.16,526.64,25.45,49.95,30.7,58.20830376,1.61
2024-07-09 11:30:00,DC_4,23.31,60.99,51.14,67.83,628.85,23.31,52.99,36.14,66.05141476,2.62
2024-07-09 14:00:00,DC_4,23.92,62.08,61.97,99.94,734.36,23.92,54.08,46.97,98.01299288,1.93
2024-07-09 16:30:00,DC_4,16.14,80.49,75.9,234.0,1112.91,18.64,65.49,60.9,216.6628002,7.41
2024-07-09 19:00:00,DC_4,23.79,68.14,61.62,140.5,1052.31,23.79,68.14,46.62,139.9354456,0.4
2024-07-09 21:30:00,DC_4,21.36,65.1,62.21,119.12,887.76,22.86,57.1,47.21,111.706744,6.22
2024-07-10 00:00:00,DC_4,19.93,64.96,56.28,99.06,765.32,22.43,49.96,41.28,91.19575836,7.94
2024-07-10 02:30:00,DC_4,23.61,56.28,49.08,52.56,649.86,23.61,56.28,49.08,52.56,0.0
2024-07-10 05:00:00,DC_4,21.1,51.05,46.49,54.12,506.79,23.1,43.05,31.49,50.75905864,6.21
2024-07-10 07:30:00,DC_4,23.38,51.46,52.55,40.65,440.35,23.38,43.46,37.55,39.2612738,3.42
2024-07-10 10:00:00,DC_4,22.21,59.76,55.87,58.31,515.46,23.21,44.76,40.87,54.13870636,7.15
2024-07-10 12:30:00,DC_4,22.44,65.34,57.16,89.53,699.6,23.44,50.34,42.16,84.87218897,5.2
2024-07-10 15:00:00,DC_4,23.01,71.05,69.17,155.31,986.56,23.01,63.05,54.17,153.7499639,1.0
2024-07-10 17:30:00,DC_4,22.43,73.87,66.16,167.34,1067.99,23.43,65.87,51.16,163.0999824,2.53
2024-07-10 20:00:00,DC_4,23.94,66.81,60.72,134.57,923.38,23.94,66.81,45.72,132.1603016,1.79
2024-07-10 22:30:00,DC_4,22.97,61.41,56.56,119.22,856.79,22.97,53.41,41.56,116.7160438,2.1
2024-07-11 01:00:00,DC_4,21.3,70.27,58.68,90.81,632.01,23.3,55.27,43.68,84.81557298,6.6
2024-07-11 03:30:00,DC_4,26.99,52.28,39.48,36.19,557.67,26.99,52.28,39.48,36.19,0.0
2024-07-11 06:00:00,DC_4,22.46,52.72,40.98,45.3,417.81,23.46,37.72,30.0,43.6109993,3.73
2024-07-11 08:30:00,DC_4,22.11,50.47,45.46,57.48,528.15,23.11,42.47,30.46,54.96900126,4.37
2024-07-11 11:00:00,DC_4,23.92,58.54,47.04,72.35,601.26,23.92,50.54,32.04,70.5598935,2.47
2024-07-11 13:30:00,DC_4,22.62,64.42,61.81,123.12,833.49,23.12,56.42,46.81,118.0734354,4.1
2024-07-11 16:00:00,DC_4,21.48,79.1,67.4,191.93,994.09,23.48,64.1,52.4,181.4583606,5.46
2024-07-11 18:30:00,DC_4,23.31,58.67,62.0,143.24,974.84,23.31,58.67,47.0,143.2046582,0.02
2024-07-11 21:00:00,DC_4,20.91,70.08,63.76,137.92,937.67,22.91,55.08,48.76,130.0506018,5.71
2024-07-11 23:30:00,DC_4,23.61,61.79,57.93,85.72,772.52,23.61,61.79,57.93,85.72,0.0
2024-07-12 02:00:00,DC_4,23.94,48.09,53.13,67.01,649.17,23.94,48.09,53.13,67.00758831,0.0
2024-07-12 04:30:00,DC_4,20.33,58.19,55.48,50.9,518.77,22.83,43.19,40.48,47.2885552,7.1
2024-07-12 07:00:00,DC_4,24.17,53.19,44.94,38.59,413.04,24.17,45.19,30.0,37.57755243,2.62
2024-07-12 09:30:00,DC_4,23.72,50.4,48.54,52.61,469.55,23.72,50.4,33.54,52.08874525,0.99
2024-07-12 12:00:00,DC_4,24.03,58.45,50.89,83.83,721.72,24.03,58.45,50.89,83.82869218,0.0
2024-07-12 14:30:00,DC_4,24.03,66.02,52.32,111.03,777.52,24.03,58.02,37.32,109.0240224,1.81
2024-07-12 17:00:00,DC_4,22.5,63.98,65.03,144.34,978.23,22.5,55.98,50.03,143.9252578,0.29
2024-07-12 19:30:00,DC_4,21.86,70.47,68.55,150.87,983.32,22.86,55.47,53.55,143.9585991,4.58
2024-07-12 22:00:00,DC_4,22.3,70.47,69.39,133.12,959.25,23.3,62.47,54.39,127.4070664,4.29
2024-07-13 00:30:00,DC_4,23.15,58.02,54.11,61.65,626.04,23.15,50.02,39.11,59.85752824,2.91
2024-07-13 03:00:00,DC_4,24.63,62.33,46.73,51.42,498.05,24.63,54.33,31.73,50.08861616,2.59
2024-07-13 05:30:00,DC_4,23.11,51.41,44.38,40.64,414.55,23.11,43.41,30.0,37.63498778,7.39
2024-07-13 08:00:00,DC_4,22.93,54.93,43.16,33.03,418.68,23.43,39.93,30.0,30.47988868,7.72
2024-07-13 10:30:00,DC_4,22.01,61.29,55.77,70.52,548.94,23.01,46.29,40.77,67.47936151,4.31
2024-07-13 13:00:00,DC_4,23.85,54.52,48.14,75.6,563.43,23.85,54.52,48.14,75.6,0.0
2024-07-13 15:30:00,DC_4,22.72,55.3,62.09,91.54,692.53,23.22,47.3,47.09,88.29215492,3.55
2024-07-13 18:00:00,DC_4,26.22,57.61,47.63,84.38,745.0,26.22,57.61,47.63,84.37505572,0.01
2024-07-13 20:30:00,DC_4,21.81,65.79,61.7,112.35,831.8,22.81,50.79,46.7,105.5114734,6.09
2024-07-13 23:00:00,DC_4,22.07,58.53,57.04,68.49,581.87,22.57,43.53,42.04,64.79808026,5.39
2024-07-14 01:30:00,DC_4,22.52,56.5,48.52,63.9,567.26,23.02,48.5,33.52,61.1391316,4.32
2024-07-14 04:00:00,DC_4,23.58,48.45,40.41,38.35,431.1,23.58,40.45,30.0,36.79297067,4.06
2024-07-14 06:30:00,DC_4,22.99,52.4,37.92,39.43,397.35,22.99,37.4,30.0,36.35735619,7.79
2024-07-14 09:00:00,DC_4,22.35,50.64,51.38,44.42,429.18,22.85,35.64,36.38,41.70746201,6.11
2024-07-14 11:30:00,DC_4,22.92,57.33,57.45,61.19,520.5,22.92,42.33,42.45,58.31670237,4.7
2024-07-14 14:00:00,DC_4,23.61,64.25,48.17,68.07,563.6,23.61,49.25,33.17,65.6331545,3.58
2024-07-14 16:30:00,DC_4,22.91,63.92,53.02,99.08,630.53,23.41,48.92,38.02,95.6727284,3.44
2024-07-14 19:00:00,DC_4,24.37,60.85,56.37,81.28,652.99,24.37,52.85,41.37,79.31311561,2.42
2024-07-14 21:30:00,DC_4,22.07,68.99,53.87,88.72,706.08,23.07,53.99,38.87,83.22065137,6.2
2024-07-15 00:00:00,DC_4,24.16,57.08,42.39,66.24,661.4,24.16,57.08,30.0,64.54446738,2.56
2024-07-15 02:30:00,DC_4,22.5,52.54,48.45,69.11,605.8,23.0,44.54,33.45,67.39254085,2.49
2024-07-15 05:00:00,DC_4,24.23,48.21,49.57,51.88,502.45,24.23,48.21,34.57,51.26132076,1.19
2024-07-15 07:30:00,DC_4,26.16,51.58,42.65,36.89,436.41,26.16,51.58,42.65,36.89,0.0
2024-07-15 10:00:00,DC_4,21.88,66.71,43.41,62.24,533.48,23.38,51.71,30.0,57.14910489,8.18
2024-07-15 12:30:00,DC_4,23.28,64.91,55.45,102.49,824.7,23.28,56.91,40.45,98.15231629,4.23
2024-07-15 15:00:00,DC_4,24.8,56.99,54.05,112.46,871.63,24.8,56.99,54.05,112.4576157,0.0
2024-07-15 17:30:00,DC_4,22.5,69.4,65.09,161.93,1060.6,23.0,61.4,50.09,156.5673579,3.31
2024-07-15 20:00:00,DC_4,21.6,70.02,70.92,146.86,983.75,21.6,70.02,70.92,146.86,0.0
2024-07-15 22:30:00,DC_4,23.71,64.05,50.9,104.93,848.17,23.71,64.05,43.08,101.7425123,3.04
2024-07-16 01:00:00,DC_4,28.56,51.53,46.39,47.94,683.27,28.56,51.53,46.39,47.93537715,0.01
2024-07-16 03:30:00,DC_4,28.11,50.18,48.48,38.35,503.83,28.11,50.18,48.48,38.35,0.0
2024-07-16 06:00:00,DC_4,23.06,56.22,46.62,42.08,443.11,23.06,41.22,31.62,38.34392631,8.88
2024-07-16 08:30:00,DC_4,22.18,50.22,54.16,56.19,466.2,23.18,42.22,39.16,53.90043983,4.07
2024-07-16 11:00:00,DC_4,23.08,72.96,59.22,87.24,799.89,23.08,57.96,44.22,83.69847479,4.06
2024-07-16 13:30:00,DC_4,23.27,70.02,65.95,95.4,757.51,23.27,55.02,50.95,92.14633683,3.41
2024-07-16 16:00:00,DC_4,22.82,71.9,66.35,141.65,1075.47,22.82,63.9,51.35,138.8918573,1.95
2024-07-16 18:30:00,DC_4,22.57,67.07,66.77,141.15,1022.72,23.07,59.07,51.77,137.0242894,2.92
2024-07-16 21:00:00,DC_4,18.3,68.69,70.96,150.64,1009.01,20.8,53.69,55.96,137.9538998,8.42
2024-07-16 23:30:00,DC_4,17.11,72.12,63.22,150.06,878.63,19.61,57.12,48.22,138.6191085,7.62
2024-07-17 02:00:00,DC_4,16.85,73.29,57.57,90.62,545.61,19.35,58.29,42.57,83.1523723,8.24
2024-07-17 04:30:00,DC_4,23.24,48.79,48.82,42.09,451.23,23.24,40.79,33.82,39.11558168,7.07
2024-07-17 07:00:00,DC_4,24.97,52.45,39.97,31.96,483.06,24.97,52.45,30.0,31.8499965,0.34
2024-07-17 09:30:00,DC_4,22.24,58.33,51.28,54.72,445.64,23.24,43.33,36.28,50.86154428,7.05
2024-07-17 12:00:00,DC_4,21.75,62.56,62.5,113.71,761.21,23.25,54.56,47.5,108.7589534,4.35
2024-07-17 14:30:00,DC_4,22.29,63.14,60.57,106.05,781.86,23.29,55.14,45.57,100.7703123,4.98
2024-07-17 17:00:00,DC_4,25.47,61.72,65.43,142.14,980.43,25.47,61.72,65.43,142.14,0.0
2024-07-17 19:30:00,DC_4,23.63,67.95,56.48,132.11,932.0,23.63,67.95,56.48,132.107547,0.0
2024-07-17 22:00:00,DC_4,23.74,60.58,49.72,92.31,813.9,23.74,60.58,34.72,90.78102302,1.66
2024-07-18 00:30:00,DC_4,25.46,56.92,43.15,75.36,742.55,25.46,56.92,43.15,75.35558259,0.01
2024-07-18 03:00:00,DC_4,22.95,56.65,49.55,63.39,648.7,23.45,48.65,34.55,59.70513842,5.81
2024-07-18 05:30:00,DC_4,24.03,46.94,51.89,41.46,445.32,24.03,46.94,36.89,41.16203639,0.72
2024-07-18 08:00:00,DC_4,28.65,53.12,51.08,40.83,443.47,28.65,53.12,51.08,40.83,0.0
2024-07-18 10:30:00,DC_4,22.17,62.36,50.9,81.75,620.2,23.17,47.36,35.9,78.68853053,3.74
2024-07-18 13:00:00,DC_4,24.27,69.24,53.61,87.91,694.5,24.27,54.24,38.61,83.28018855,5.27
2024-07-18 15:30:00,DC_4,22.81,66.07,68.49,138.24,938.79,22.81,58.07,53.49,135.3407079,2.1
2024-07-18 18:00:00,DC_4,23.28,76.37,64.18,204.16,1259.52,23.28,76.37,49.18,203.1744238,0.48
2024-07-18 20:30:00,DC_4,22.42,59.83,58.23,145.58,981.58,22.92,59.83,43.23,142.8487204,1.88
2024-07-18 23:00:00,DC_4,23.03,68.79,50.37,111.76,843.97,23.03,53.79,35.37,108.0134686,3.35
2024-07-19 01:30:00,DC_4,24.77,55.21,51.96,65.15,641.33,24.77,55.21,36.96,62.78499362,3.63
2024-07-19 04:00:00,DC_4,22.37,58.28,53.7,38.04,493.02,22.37,58.28,38.7,37.82788999,0.56
2024-07-19 06:30:00,DC_4,22.62,50.9,54.08,38.23,426.16,22.62,35.9,39.08,36.33260359,4.96
2024-07-19 09:00:00,DC_4,22.13,59.03,54.17,61.76,524.52,23.13,44.03,39.17,57.07437309,7.59
2024-07-19 11:30:00,DC_4,24.7,61.88,47.68,85.39,763.27,24.7,61.88,32.68,84.30276823,1.27
2024-07-19 14:00:00,DC_4,22.81,60.44,60.51,112.72,748.02,23.31,52.44,45.51,108.4773765,3.76
2024-07-19 16:30:00,DC_4,23.81,74.94,70.79,156.48,1040.69,23.81,66.94,55.79,151.4896867,3.19
2024-07-19 19:00:00,DC_4,22.48,73.5,63.2,159.21,993.25,22.98,58.5,48.2,153.4245441,3.63
2024-07-19 21:30:00,DC_4,22.64,62.05,63.0,111.19,902.47,23.14,62.05,48.0,110.7546705,0.39
2024-07-20 00:00:00,DC_4,22.75,55.41,49.01,76.37,652.77,22.75,47.41,34.01,74.55342288,2.38
2024-07-20 02:30:00,DC_4,22.05,65.41,52.14,63.99,535.18,23.05,50.41,37.14,60.40070559,5.61
2024-07-20 05:00:00,DC_4,22.13,55.5,50.9,50.28,532.63,22.13,55.5,50.08,50.27954414,0.0
2024-07-20 07:30:00,DC_4,23.08,53.69,49.95,46.59,460.86,23.08,38.69,34.95,41.4631225,11.0
2024-07-20 10:00:00,DC_4,22.6,60.2,44.08,56.99,491.66,23.1,45.2,30.0,53.69077654,5.79
2024-07-20 12:30:00,DC_4,23.84,56.04,47.3,68.04,605.47,23.84,48.04,32.3,66.38684188,2.43
2024-07-20 15:00:00,DC_4,22.43,66.49,53.91,97.01,684.58,23.43,51.49,38.91,92.92258001,4.21
2024-07-20 17:30:00,DC_4,22.55,58.68,58.28,104.93,754.1,22.55,58.68,58.28,104.9264118,0.0
2024-07-20 20:00:00,DC_4,24.06,57.49,49.85,80.92,723.2,24.06,57.49,34.85,78.77553272,2.65
2024-07-20 22:30:00,DC_4,22.72,51.9,55.91,74.54,699.18,23.22,51.9,40.91,72.83701615,2.28
2024-07-21 01:00:00,DC_4,23.42,56.42,53.23,52.39,575.3,23.42,48.42,38.23,50.40831936,3.78
2024-07-21 03:30:00,DC_4,24.35,44.56,41.21,31.72,444.28,24.35,44.56,30.0,30.54955567,3.69
2024-07-21 06:00:00,DC_4,24.66,55.97,41.38,33.51,442.1,24.66,47.97,30.0,31.15998924,7.01
2024-07-21 08:30:00,DC_4,21.74,57.62,56.27,57.76,482.96,23.24,42.62,41.27,51.73458983,10.43
2024-07-21 11:00:00,DC_4,22.84,62.75,53.3,62.06,541.97,23.34,47.75,38.3,57.27195564,7.72
2024-07-21 13:30:00,DC_4,22.82,65.65,53.22,77.07,595.82,23.32,50.65,38.22,74.51333001,3.32
2024-07-21 16:00:00,DC_4,20.83,63.71,60.16,101.57,681.23,23.33,48.71,45.16,94.35288108,7.11
2024-07-21 18:30:00,DC_4,25.12,51.31,59.04,81.1,662.88,25.12,51.31,59.04,81.09528002,0.01
2024-07-21 21:00:00,DC_4,22.4,69.62,61.04,96.17,768.74,23.4,54.62,46.04,92.11746768,4.21
2024-07-21 23:30:00,DC_4,22.36,60.06,54.54,72.75,734.2,23.36,52.06,39.54,69.82454502,4.02
2024-07-22 02:00:00,DC_4,23.67,49.42,48.44,53.66,565.22,23.67,49.42,33.44,51.61564004,3.81
2024-07-22 04:30:00,DC_4,23.93,58.0,52.2,53.33,480.78,23.93,50.0,37.2,50.9059003,4.55
2024-07-22 07:00:00,DC_4,25.25,41.25,43.75,33.1,479.65,25.25,41.25,43.75,33.1,0.0
2024-07-22 09:30:00,DC_4,20.37,56.53,50.46,60.41,500.28,22.87,41.53,35.46,54.8932624,9.13
2024-07-22 12:00:00,DC_4,24.07,63.93,57.23,84.54,666.36,24.07,55.93,42.23,80.780177,4.45
2024-07-22 14:30:00,DC_4,27.88,67.07,54.09,105.0,833.5,27.88,67.07,54.09,105.0,0.0
2024-07-22 17:00:00,DC_4,21.39,74.25,67.81,207.13,1162.98,22.89,66.25,52.81,197.567103,4.62
2024-07-22 19:30:00,DC_4,24.55,69.57,66.73,123.63,994.22,24.55,69.57,51.73,120.10656,2.85
2024-07-22 22:00:00,DC_4,21.58,76.58,56.9,97.07,831.19,23.08,61.58,41.9,90.81955649,6.44
2024-07-23 00:30:00,DC_4,24.55,55.49,43.41,67.23,690.23,24.55,55.49,43.41,67.23,0.0
2024-07-23 03:00:00,DC_4,22.64,55.4,47.77,48.86,509.31,22.64,40.4,32.77,45.07972164,7.74
2024-07-23 05:30:00,DC_4,24.59,47.53,45.9,44.58,510.17,24.59,47.53,30.9,43.36795498,2.72
2024-07-23 08:00:00,DC_4,22.03,53.58,51.26,52.24,453.53,23.03,38.58,36.26,49.90544797,4.47
2024-07-23 10:30:00,DC_4,23.8,58.11,50.33,64.05,564.35,23.8,50.11,35.33,61.21960071,4.42
2024-07-23 13:00:00,DC_4,24.41,62.18,57.17,79.07,689.09,24.41,54.18,42.17,76.75112525,2.93
2024-07-23 15:30:00,DC_4,24.19,67.59,64.85,122.02,917.61,24.19,67.59,49.85,119.394036,2.15
2024-07-23 18:00:00,DC_4,22.79,71.84,73.98,190.47,1196.17,22.79,63.84,58.98,186.6276531,2.02
2024-07-23 20:30:00,DC_4,23.34,69.97,71.08,150.57,1068.04,23.34,69.97,71.08,150.5664234,0.0
2024-07-23 23:00:00,DC_4,23.13,67.28,50.9,113.2,850.99,23.13,59.28,48.39,110.2949627,2.57
2024-07-24 01:30:00,DC_4,24.07,54.96,49.61,70.05,691.8,24.07,54.96,34.61,68.90462176,1.64
2024-07-24 04:00:00,DC_4,22.97,53.13,50.6,46.79,485.54,23.47,45.13,35.6,45.32706376,3.13
2024-07-24 06:30:00,DC_4,28.14,48.06,42.35,29.06,408.68,28.14,48.06,42.35,29.06,0.0
2024-07-24 09:00:00,DC_4,22.02,55.57,51.79,53.99,484.36,23.02,40.57,36.79,51.48001205,4.65
2024-07-24 11:30:00,DC_4,22.75,54.27,51.97,89.92,700.41,22.75,46.27,36.97,87.87068493,2.28
2024-07-24 14:00:00,DC_4,22.83,62.0,56.77,99.95,789.22,23.33,54.0,41.77,96.19485663,3.76
2024-07-24 16:30:00,DC_4,21.46,76.4,50.9,176.27,1121.33,23.46,68.4,59.04,167.7961994,4.81
2024-07-24 19:00:00,DC_4,25.49,67.63,64.54,144.58,1089.05,25.49,67.63,64.54,144.58,0.0
2024-07-24 21:30:00,DC_4,22.72,60.1,64.63,93.53,807.11,22.72,52.1,49.63,91.20934289,2.48
2024-07-25 00:00:00,DC_4,22.67,60.23,57.45,81.6,792.67,22.67,52.23,42.45,78.80764527,3.42
2024-07-25 02:30:00,DC_4,24.22,53.22,42.98,49.41,548.54,24.22,53.22,42.98,49.41,0.0
2024-07-25 05:00:00,DC_4,22.85,54.55,45.29,48.38,541.57,22.85,54.55,45.29,48.38,0.0
2024-07-25 07:30:00,DC_4,23.62,47.87,45.78,43.03,448.09,23.62,47.87,45.78,43.0278371,0.01
2024-07-25 10:00:00,DC_4,23.09,61.13,52.87,66.11,556.99,23.09,46.13,37.87,62.86892695,4.9
2024-07-25 12:30:00,DC_4,23.59,63.93,50.9,90.34,710.12,23.59,55.93,41.13,87.94430951,2.65
2024-07-25 15:00:00,DC_4,22.41,74.77,66.26,182.89,1085.6,23.41,66.77,51.26,179.5911485,1.8
2024-07-25 17:30:00,DC_4,24.15,69.76,50.9,195.09,1197.37,24.15,69.76,69.86,195.09,0.0
2024-07-25 20:00:00,DC_4,23.15,68.68,57.67,120.06,902.8,23.15,60.68,42.67,116.4649931,2.99
2024-07-25 22:30:00,DC_4,23.36,65.87,58.42,103.69,893.7,23.36,65.87,58.42,103.6890244,0.0
2024-07-26 01:00:00,DC_4,23.46,53.44,49.67,57.16,610.5,23.46,53.44,34.67,56.3690817,1.38
2024-07-26 03:30:00,DC_4,21.56,54.09,56.12,55.47,512.47,22.06,39.09,41.12,51.86279419,6.5
2024-07-26 06:00:00,DC_4,22.79,58.7,49.93,45.87,441.65,23.29,43.7,34.93,41.06909365,10.47
2024-07-26 08:30:00,DC_4,23.72,48.37,42.69,39.05,403.6,23.72,40.37,30.0,36.7434252,5.91
2024-07-26 11:00:00,DC_4,24.23,53.84,48.37,57.49,583.56,24.23,53.84,48.37,57.49,0.0
2024-07-26 13:30:00,DC_4,23.98,61.39,58.78,78.98,636.59,23.98,53.39,43.78,76.9119056,2.62
2024-07-26 16:00:00,DC_4,19.98,72.43,77.8,195.35,1046.73,19.98,72.43,77.8,195.3493917,0.0
2024-07-26 18:30:00,DC_4,22.07,72.78,67.39,192.61,1078.7,23.07,64.78,52.39,186.9967848,2.91
2024-07-26 21:00:00,DC_4,22.57,59.19,68.47,120.75,923.01,23.07,59.19,53.47,117.2821148,2.87
2024-07-26 23:30:00,DC_4,22.44,56.95,63.58,95.44,848.03,22.44,48.95,48.58,92.92084005,2.64
2024-07-27 02:00:00,DC_4,23.79,52.52,44.73,49.81,515.71,23.79,44.52,30.0,46.62389926,6.4
2024-07-27 04:30:00,DC_4,24.45,52.57,47.97,45.83,461.56,24.45,44.57,32.97,44.37020153,3.19
2024-07-27 07:00:00,DC_4,23.34,45.51,40.09,41.04,428.75,23.34,45.51,30.0,40.68952366,0.85
2024-01-01 02:00:00,DC_5,22.78,50.83,44.42,35.16,615.23,23.28,35.83,30.0,32.96641087,6.24
2024-01-01 04:30:00,DC_5,21.95,56.95,52.76,48.78,649.35,23.45,41.95,37.76,44.06647739,9.66
2024-01-01 07:00:00,DC_5,22.37,46.57,35.44,27.44,437.89,23.37,31.57,30.0,25.41361645,7.38
2024-01-01 09:30:00,DC_5,23.99,36.5,38.41,24.01,399.49,23.99,30.0,30.0,22.9525038,4.4
2024-01-01 12:00:00,DC_5,23.62,59.46,45.49,49.91,663.64,23.62,44.46,30.49,47.99878728,3.83
2024-01-01 14:30:00,DC_5,22.91,53.41,55.37,63.16,811.72,22.91,38.41,40.37,60.30394813,4.52
2024-01-01 17:00:00,DC_5,28.65,57.28,57.11,72.53,927.94,28.65,57.28,57.11,72.52583498,0.01
2024-01-01 19:30:00,DC_5,23.16,65.4,51.98,110.41,1128.33,23.16,50.4,36.98,107.9195582,2.26
2024-01-01 22:00:00,DC_5,28.74,47.96,44.23,73.63,863.32,28.74,47.96,44.23,73.6269104,0.0
2024-01-02 00:30:00,DC_5,24.29,49.14,42.57,59.27,778.54,24.29,49.14,30.0,59.00994311,0.44
2024-01-02 03:00:00,DC_5,22.72,46.83,41.21,39.79,523.74,23.22,31.83,30.0,37.54839067,5.63
2024-01-02 05:30:00,DC_5,21.92,46.17,42.75,27.3,438.39,23.42,31.17,30.0,26.55227403,2.74
2024-01-02 08:00:00,DC_5,21.13,50.35,43.02,33.31,442.45,23.13,35.35,30.0,29.98050434,10.0
2024-01-02 10:30:00,DC_5,23.7,37.6,42.81,33.87,512.83,23.7,37.6,42.81,33.86694263,0.01
2024-01-02 13:00:00,DC_5,23.44,47.75,49.02,78.42,810.99,23.44,47.75,34.02,75.99319744,3.09
2024-01-02 15:30:00,DC_5,22.59,58.39,62.64,96.87,1026.99,22.59,43.39,47.64,93.92154925,3.04
2024-01-02 18:00:00,DC_5,18.36,72.1,64.9,147.77,1097.59,20.86,57.1,49.9,137.5941323,6.89
2024-01-02 20:30:00,DC_5,24.08,54.57,48.83,59.43,956.82,24.08,54.57,33.83,58.27630739,1.94
2024-01-02 23:00:00,DC_5,22.78,57.98,46.29,74.38,812.53,23.28,42.98,31.29,69.7769345,6.19
2024-01-03 01:30:00,DC_5,22.0,56.52,48.46,40.59,607.17,23.5,41.52,33.46,37.40431647,7.85
2024-01-03 04:00:00,DC_5,22.37,57.33,39.03,31.88,519.74,23.37,42.33,30.0,29.82341291,6.45
2024-01-03 06:30:00,DC_5,22.63,46.22,35.19,26.27,433.96,23.13,31.22,30.0,25.51700407,2.87
2024-01-03 09:00:00,DC_5,23.17,39.92,37.6,27.02,456.47,23.17,30.0,30.0,25.53617312,5.49
2024-01-03 11:30:00,DC_5,24.39,45.37,43.99,49.75,586.09,24.39,37.37,30.0,47.15456165,5.22
2024-01-03 14:00:00,DC_5,23.53,49.68,43.58,51.37,693.54,23.53,41.68,30.0,50.31963339,2.04
2024-01-03 16:30:00,DC_5,27.51,54.26,59.83,103.54,1056.22,27.51,54.26,59.83,103.5393361,0.0
2024-01-03 19:00:00,DC_5,23.32,61.73,51.69,99.76,997.02,23.32,46.73,36.69,96.39736529,3.37
2024-01-03 21:30:00,DC_5,21.22,63.73,58.37,79.71,866.01,23.22,48.73,43.37,75.77969944,4.93
2024-01-04 00:00:00,DC_5,24.28,51.39,39.89,50.89,713.6,24.28,43.39,30.0,49.10252843,3.51
2024-01-04 02:30:00,DC_5,21.94,47.05,41.65,29.67,501.16,22.94,32.05,30.0,25.38478144,14.44
2024-01-04 05:00:00,DC_5,24.34,44.72,34.49,25.35,464.62,24.34,44.72,34.49,25.35,0.0
2024-01-04 07:30:00,DC_5,22.7,50.37,42.75,36.42,511.11,23.2,35.37,30.0,33.80266518,7.19
2024-01-04 10:00:00,DC_5,26.89,36.99,40.36,38.52,671.29,26.89,36.99,40.36,38.52,0.0
2024-01-04 12:30:00,DC_5,23.18,53.14,47.54,58.76,769.62,23.18,45.14,32.54,58.14848918,1.04
2024-01-04 15:00:00,DC_5,21.21,67.54,57.39,118.33,949.27,21.21,67.54,42.39,116.4153035,1.62
2024-01-04 17:30:00,DC_5,22.34,60.02,54.44,107.94,1074.7,22.84,45.02,39.44,106.2271952,1.59
2024-01-04 20:00:00,DC_5,22.57,60.7,55.53,83.79,934.0,23.07,45.7,40.53,79.98706191,4.54
2024-01-04 22:30:00,DC_5,18.06,60.38,61.9,96.78,876.92,20.56,45.38,46.9,90.18991427,6.81
2024-01-05 01:00:00,DC_5,24.32,39.17,49.19,51.11,724.4,24.32,39.17,49.19,51.11,0.0
2024-01-05 03:30:00,DC_5,23.06,37.93,38.85,30.37,490.85,23.06,30.0,30.0,29.6033633,2.52
2024-01-05 06:00:00,DC_5,24.59,44.7,33.79,18.6,373.43,24.59,36.7,30.0,17.69615596,4.86
2024-01-05 08:30:00,DC_5,22.49,38.48,40.09,31.91,415.43,23.49,30.0,30.0,27.95307636,12.4
2024-01-05 11:00:00,DC_5,27.26,48.88,42.69,43.31,537.67,27.26,48.88,30.0,41.4686933,4.25
2024-01-05 13:30:00,DC_5,22.91,55.41,46.73,65.75,813.25,22.91,40.41,31.73,62.73606225,4.58
2024-01-05 16:00:00,DC_5,22.88,62.66,54.57,76.45,881.04,23.38,47.66,39.57,72.43640152,5.25
2024-01-05 18:30:00,DC_5,26.18,52.92,49.45,69.33,885.2,26.18,52.92,49.45,69.32674525,0.0
2024-01-05 21:00:00,DC_5,22.45,62.6,52.73,69.38,917.73,23.45,47.6,37.73,66.32871989,4.4
2024-01-05 23:30:00,DC_5,25.01,49.92,40.34,49.56,821.76,25.01,49.92,30.0,47.77124475,3.61
2024-01-06 02:00:00,DC_5,23.83,58.28,38.56,31.46,488.04,23.83,43.28,30.0,27.00419068,14.16
2024-01-06 04:30:00,DC_5,21.0,36.31,38.53,24.64,422.55,23.5,30.0,30.0,23.94936297,2.8
2024-01-06 07:00:00,DC_5,22.85,40.73,43.53,26.99,416.66,23.35,30.0,30.0,24.69436514,8.51
2024-01-06 09:30:00,DC_5,22.19,42.46,39.61,28.08,455.88,23.19,30.0,30.0,27.18841542,3.18
2024-01-06 12:00:00,DC_5,28.51,49.2,39.32,34.76,576.65,28.51,49.2,39.32,34.75854144,0.0
2024-01-06 14:30:00,DC_5,21.43,53.23,54.63,71.91,671.42,23.43,38.23,39.63,66.51392304,7.5
2024-01-06 17:00:00,DC_5,23.27,45.82,47.93,61.83,647.76,23.27,37.82,32.93,59.621788,3.57
2024-01-06 19:30:00,DC_5,23.47,49.9,39.99,55.25,718.05,23.47,41.9,30.0,52.54474117,4.9
2024-01-06 22:00:00,DC_5,24.75,45.88,37.8,43.15,656.87,24.75,45.88,30.0,41.78807984,3.16
2024-01-07 00:30:00,DC_5,23.69,51.23,36.12,31.66,586.58,23.69,51.23,36.12,31.65646511,0.01
2024-01-07 03:00:00,DC_5,18.27,49.5,40.68,41.88,465.28,20.77,34.5,30.0,39.20937,6.38
2024-01-07 05:30:00,DC_5,23.29,41.75,35.97,24.25,379.86,23.29,30.0,30.0,22.32729545,7.93
2024-01-07 08:00:00,DC_5,27.2,38.79,29.21,23.88,433.36,27.2,38.79,29.21,23.87978882,0.0
2024-01-07 10:30:00,DC_5,23.65,41.29,37.3,27.15,458.79,23.65,33.29,30.0,26.44846677,2.58
2024-01-07 13:00:00,DC_5,22.45,46.69,51.39,51.18,597.65,22.45,31.69,36.39,47.83395796,6.54
2024-01-07 15:30:00,DC_5,23.84,51.19,41.38,53.53,601.26,23.84,43.19,30.0,52.00420978,2.85
2024-01-07 18:00:00,DC_5,20.64,54.12,51.55,72.58,679.78,23.14,39.12,36.55,67.28978777,7.29
2024-01-07 20:30:00,DC_5,27.52,43.72,37.97,44.94,707.56,27.52,43.72,37.97,44.93978128,0.0
2024-01-07 23:00:00,DC_5,22.94,45.89,44.9,34.4,576.41,23.44,37.89,30.0,32.82435809,4.58
2024-01-08 01:30:00,DC_5,23.86,47.75,39.5,44.75,662.59,23.86,39.75,30.0,42.72265906,4.53
2024-01-08 04:00:00,DC_5,21.27,54.97,42.44,64.52,761.66,23.27,39.97,30.0,60.49285997,6.24
2024-01-08 06:30:00,DC_5,23.3,45.44,39.65,29.45,441.05,23.3,30.44,30.0,26.72122478,9.27
2024-01-08 09:00:00,DC_5,23.76,45.88,37.98,41.87,617.32,23.76,37.88,30.0,40.82975806,2.48
2024-01-08 11:30:00,DC_5,23.6,50.65,49.29,45.77,596.05,23.6,42.65,34.29,44.05637005,3.74
2024-01-08 14:00:00,DC_5,22.94,56.99,59.5,79.62,732.65,23.44,41.99,44.5,76.83476968,3.5
2024-01-08 16:30:00,DC_5,24.73,57.22,52.47,96.14,1027.49,24.73,57.22,37.47,94.93295456,1.26
2024-01-08 19:00:00,DC_5,27.76,55.07,50.91,83.87,962.07,27.76,55.07,50.91,83.8657234,0.01
2024-01-08 21:30:00,DC_5,27.5,54.86,54.03,62.91,897.37,27.5,54.86,54.03,62.91,0.0
2024-01-09 00:00:00,DC_5,22.05,63.24,47.07,84.56,914.44,23.05,48.24,32.07,80.25464304,5.09
2024-01-09 02:30:00,DC_5,23.66,51.97,34.5,39.32,611.71,23.66,36.97,30.0,37.84162478,3.76
2024-01-09 05:00:00,DC_5,22.73,47.77,37.65,28.22,454.7,23.23,32.77,30.0,25.7774093,8.66
2024-01-09 07:30:00,DC_5,23.96,38.14,32.87,28.89,457.23,23.96,38.14,30.0,27.96658819,3.2
2024-01-09 10:00:00,DC_5,23.55,49.45,43.41,46.14,520.27,23.55,34.45,30.0,43.63387455,5.43
2024-01-09 12:30:00,DC_5,22.8,52.89,51.23,46.44,631.73,23.3,37.89,36.23,43.80868374,5.67
2024-01-09 15:00:00,DC_5,22.6,59.24,62.37,101.61,906.84,23.1,44.24,47.37,98.19470283,3.36
2024-01-09 17:30:00,DC_5,23.33,67.1,58.96,106.93,1110.04,23.33,52.1,43.96,103.6747002,3.04
2024-01-09 20:00:00,DC_5,24.09,49.13,55.26,100.12,1012.91,24.09,49.13,40.26,98.3815601,1.74
2024-01-09 22:30:00,DC_5,21.95,58.14,39.9,66.83,759.41,23.45,43.14,30.0,63.08832586,5.6
2024-01-10 01:00:00,DC_5,17.55,58.93,49.43,69.28,660.08,20.05,43.93,34.43,63.14502458,8.86
2024-01-10 03:30:00,DC_5,23.45,44.29,32.14,27.77,508.42,23.45,36.29,30.0,27.25527872,1.85
2024-01-10 06:00:00,DC_5,23.74,41.04,33.94,26.38,441.22,23.74,33.04,30.0,25.05629571,5.02
2024-01-10 08:30:00,DC_5,24.58,44.52,37.52,25.04,444.42,24.58,36.52,30.0,24.609586,1.72
2024-01-10 11:00:00,DC_5,22.8,43.61,50.84,39.52,602.4,23.3,35.61,35.84,37.95213358,3.97
2024-01-10 13:30:00,DC_5,24.27,52.36,52.43,55.06,731.35,24.27,44.36,37.43,54.8491848,0.38
2024-01-10 16:00:00,DC_5,23.73,59.68,54.59,101.11,895.74,23.73,44.68,39.59,99.10391118,1.98
2024-01-10 18:30:00,DC_5,22.38,59.36,56.67,125.62,1008.87,23.38,44.36,41.67,119.8744547,4.57
2024-01-10 21:00:00,DC_5,22.71,51.69,46.36,90.91,958.84,23.21,43.69,31.36,88.65166421,2.48
2024-01-10 23:30:00,DC_5,22.47,55.955,48.66,66.71,750.35,22.47,51.19,48.66,66.71,0.0
2024-01-11 02:00:00,DC_5,19.2,57.45,48.67,57.21,669.43,21.7,42.45,33.67,53.18349269,7.04
2024-01-11 04:30:00,DC_5,23.04,41.47,35.81,40.94,517.25,23.04,33.47,30.0,39.70475243,3.02
2024-01-11 07:00:00,DC_5,22.6,46.81,42.37,21.45,373.94,23.1,31.81,30.0,19.57561696,8.74
2024-01-11 09:30:00,DC_5,23.62,40.65,36.83,26.69,465.26,23.62,32.65,30.0,25.88928944,3.0
2024-01-11 12:00:00,DC_5,21.03,49.57,48.04,60.78,612.03,23.03,34.57,33.04,55.55645151,8.59
2024-01-11 14:30:00,DC_5,23.55,55.49,47.91,71.82,800.35,23.55,47.49,32.91,69.22763841,3.61
2024-01-11 17:00:00,DC_5,22.63,54.79,60.2,100.81,992.11,23.13,46.79,45.2,98.34568454,2.44
2024-01-11 19:30:00,DC_5,21.27,62.89,48.68,92.1,929.08,23.27,47.89,33.68,87.92734343,4.53
2024-01-11 22:00:00,DC_5,18.4,65.1,53.14,90.65,849.65,20.9,50.1,38.14,82.91191322,8.54
2024-01-12 00:30:00,DC_5,22.53,49.0,48.67,64.38,718.94,22.53,49.0,48.67,64.37824756,0.0
2024-01-12 03:00:00,DC_5,23.4,51.46,43.74,38.16,490.66,23.4,36.46,30.0,35.62844013,6.63
2024-01-12 05:30:00,DC_5,28.91,44.14,37.24,37.82,698.81,28.91,44.14,37.24,37.81587112,0.01
2024-01-12 08:00:00,DC_5,22.67,48.32,42.78,30.65,427.7,23.17,33.32,30.0,29.40974763,4.05
2024-01-12 10:30:00,DC_5,23.73,38.92,38.52,37.26,486.57,23.73,38.92,30.0,36.63656108,1.67
2024-01-12 13:00:00,DC_5,16.28,61.06,63.59,96.47,767.41,18.78,46.06,48.59,90.10609521,6.6
2024-01-12 15:30:00,DC_5,25.79,50.53,44.81,99.63,1036.94,25.79,50.53,44.81,99.63,0.0
2024-01-12 18:00:00,DC_5,23.31,62.25,55.8,126.72,1084.32,23.31,54.25,40.8,124.4547597,1.79
2024-01-12 20:30:00,DC_5,22.85,53.01,53.88,71.56,970.2,23.35,45.01,38.88,70.54869619,1.41
2024-01-12 23:00:00,DC_5,24.16,53.86,45.58,68.24,902.43,24.16,53.86,30.58,67.74284833,0.73
2024-01-13 01:30:00,DC_5,24.25,45.77,42.65,29.64,548.97,24.25,45.77,42.65,29.63806114,0.01
2024-01-13 04:00:00,DC_5,24.02,45.26,36.38,31.71,473.08,24.02,37.26,30.0,30.88785144,2.59
2024-01-13 06:30:00,DC_5,25.38,47.49,37.47,20.2,410.32,25.38,39.49,30.0,19.3388392,4.26
2024-01-13 09:00:00,DC_5,22.74,53.15,45.53,22.44,395.01,23.24,38.15,30.53,19.84188047,11.58
2024-01-13 11:30:00,DC_5,21.17,47.09,53.77,41.62,456.66,23.17,32.09,38.77,38.22178991,8.16
2024-01-13 14:00:00,DC_5,23.28,49.16,46.87,50.85,615.53,23.28,34.16,31.87,47.26209077,7.06
2024-01-13 16:30:00,DC_5,20.72,50.6,50.22,62.81,639.36,23.22,35.6,35.22,57.94297938,7.75
2024-01-13 19:00:00,DC_5,22.07,49.76,47.59,51.39,647.42,23.07,34.76,32.59,46.38531162,9.74
2024-01-13 21:30:00,DC_5,21.95,52.94,47.25,52.35,606.23,23.45,37.94,32.25,48.90230585,6.59
2024-01-14 00:00:00,DC_5,17.87,53.12,51.93,58.65,565.0,20.37,38.12,36.93,53.28012907,9.16
2024-01-14 02:30:00,DC_5,22.0,39.78,38.01,36.31,519.8,23.0,31.78,30.0,35.06483653,3.43
2024-01-14 05:00:00,DC_5,24.0,40.85,38.71,32.54,479.56,24.0,40.85,38.71,32.54,0.0
2024-01-14 07:30:00,DC_5,24.73,39.11,29.52,20.9,413.53,24.73,39.11,30.0,20.9,0.0
2024-01-14 10:00:00,DC_5,24.1,55.955,30.82,21.99,398.47,24.1,43.01,30.82,21.98696811,0.01
2024-01-14 12:30:00,DC_5,23.2,46.2,45.3,41.44,493.98,23.2,31.2,30.3,37.68109152,9.07
2024-01-14 15:00:00,DC_5,28.04,47.33,42.74,38.89,653.5,28.04,47.33,42.74,38.89,0.0
2024-01-14 17:30:00,DC_5,20.99,47.25,47.74,73.16,739.73,23.49,39.25,32.74,68.54961087,6.3
2024-01-14 20:00:00,DC_5,23.77,61.0,49.14,70.21,774.31,23.77,46.0,34.14,66.31354293,5.55
2024-01-14 22:30:00,DC_5,22.74,52.83,39.29,56.28,627.1,23.24,37.83,30.0,53.4125111,5.1
2024-01-15 01:00:00,DC_5,20.84,57.7,46.95,67.0,687.58,23.34,42.7,31.95,60.66938157,9.45
2024-01-15 03:30:00,DC_5,23.32,40.46,41.43,29.9,495.93,23.32,32.46,30.0,28.76195322,3.81
2024-01-15 06:00:00,DC_5,23.06,42.69,40.06,32.32,421.24,23.06,30.0,30.0,29.92966846,7.4
2024-01-15 08:30:00,DC_5,23.9,37.16,29.26,26.26,410.07,23.9,37.16,29.26,26.26,0.0
2024-01-15 11:00:00,DC_5,23.08,42.64,41.37,29.31,558.63,23.08,34.64,30.0,26.91493681,8.17
2024-01-15 13:30:00,DC_5,21.96,43.98,45.6,53.85,582.9,23.46,35.98,30.6,50.68771265,5.87
2024-01-15 16:00:00,DC_5,22.94,60.77,56.24,95.03,956.13,23.44,45.77,41.24,90.95310135,4.29
2024-01-15 18:30:00,DC_5,22.03,61.85,60.52,100.3,1000.27,22.03,61.85,45.52,99.54492204,0.75
2024-01-15 21:00:00,DC_5,22.96,53.55,50.87,101.05,992.37,23.46,45.55,35.87,98.12134572,2.9
2024-01-15 23:30:00,DC_5,22.32,48.01,44.14,59.01,711.85,23.32,40.01,30.0,54.54485609,7.57
2024-01-16 02:00:00,DC_5,23.29,48.68,33.58,33.85,550.75,23.29,33.68,30.0,33.13528045,2.11
2024-01-16 04:30:00,DC_5,20.79,40.28,40.55,27.33,503.56,22.79,30.0,30.0,27.05667473,1.0
2024-01-16 07:00:00,DC_5,21.33,48.02,44.79,24.67,455.65,23.33,33.02,30.0,23.22893541,5.84
2024-01-16 09:30:00,DC_5,24.52,35.16,35.71,31.5,419.86,24.52,35.16,30.0,31.02943306,1.49
2024-01-16 12:00:00,DC_5,22.14,55.44,50.04,79.62,724.89,23.14,40.44,35.04,75.88955609,4.69
2024-01-16 14:30:00,DC_5,21.97,60.76,50.65,83.2,896.81,23.47,45.76,35.65,79.97999451,3.87
2024-01-16 17:00:00,DC_5,23.21,56.2,63.0,108.84,1020.94,23.21,48.2,48.0,108.3866267,0.42
2024-01-16 19:30:00,DC_5,23.25,54.05,57.73,85.36,929.93,23.25,46.05,42.73,83.70108443,1.94
2024-01-16 22:00:00,DC_5,22.49,54.01,51.25,59.16,793.49,23.49,39.01,36.25,54.86142638,7.27
2024-01-17 00:30:00,DC_5,22.99,48.27,47.08,41.35,683.66,23.49,40.27,32.08,37.88728887,8.37
2024-01-17 03:00:00,DC_5,22.8,50.61,38.52,24.49,470.81,23.3,35.61,30.0,23.31755104,4.79
2024-01-17 05:30:00,DC_5,23.8,43.54,34.57,18.57,440.71,23.8,43.54,34.57,18.56640464,0.02
2024-01-17 08:00:00,DC_5,26.68,33.62,33.53,28.32,433.26,26.68,33.62,33.53,28.31719052,0.01
2024-01-17 10:30:00,DC_5,22.47,45.87,39.95,27.54,477.41,23.47,30.87,30.0,26.77083002,2.79
2024-01-17 13:00:00,DC_5,21.21,63.19,45.38,70.67,720.27,23.21,48.19,30.38,64.41803696,8.85
2024-01-17 15:30:00,DC_5,22.92,58.49,54.57,92.6,916.73,23.42,43.49,39.57,90.12110674,2.68
2024-01-17 18:00:00,DC_5,23.13,67.73,60.14,116.98,1055.14,23.13,52.73,45.14,112.4005401,3.91
2024-01-17 20:30:00,DC_5,28.91,55.17,42.52,81.15,978.78,28.91,55.17,42.52,81.14566035,0.01
2024-01-17 23:00:00,DC_5,23.12,53.74,43.75,68.17,828.94,23.12,45.74,30.0,66.76817658,2.06
2024-01-18 01:30:00,DC_5,25.31,45.94,37.83,37.3,621.52,25.31,45.94,37.83,37.3,0.0
2024-01-18 04:00:00,DC_5,21.57,46.39,40.03,39.51,543.74,23.07,31.39,30.0,35.95727749,8.99
2024-01-18 06:30:00,DC_5,23.76,45.37,34.16,20.41,405.93,23.76,30.37,30.0,19.15419939,6.15
2024-01-18 09:00:00,DC_5,21.38,56.35,46.99,66.69,636.81,23.38,41.35,31.99,62.02431335,7.0
2024-01-18 11:30:00,DC_5,23.33,51.31,42.49,44.73,647.62,23.33,36.31,30.0,39.49020931,11.71
2024-01-18 14:00:00,DC_5,24.87,49.1,41.77,65.1,757.99,24.87,49.1,30.0,63.90562435,1.83
2024-01-18 16:30:00,DC_5,23.03,61.97,53.61,103.61,1013.39,23.03,46.97,38.61,100.9996812,2.52
2024-01-18 19:00:00,DC_5,23.13,61.47,51.6,105.1,1005.26,23.13,61.47,51.6,105.1,0.0
2024-01-18 21:30:00,DC_5,20.35,66.83,49.11,90.9,872.04,22.85,51.83,34.11,85.03689927,6.45
2024-01-19 00:00:00,DC_5,21.54,47.72,45.0,55.51,700.94,23.04,39.72,30.0,53.20300968,4.16
2024-01-19 02:30:00,DC_5,23.42,42.9,42.45,44.74,562.16,23.42,34.9,30.0,42.55557758,4.88
2024-01-19 05:00:00,DC_5,21.92,43.66,39.76,34.17,513.89,22.42,30.0,30.0,30.24887445,11.48
2024-01-19 07:30:00,DC_5,17.73,50.8,42.11,36.75,383.46,20.23,35.8,30.0,33.08458193,9.97
2024-01-19 10:00:00,DC_5,24.33,42.23,45.25,35.83,473.07,24.33,34.23,30.25,32.62350989,8.95
2024-01-19 12:30:00,DC_5,22.45,50.91,48.58,68.46,687.49,22.95,35.91,33.58,64.45448547,5.85
2024-01-19 15:00:00,DC_5,23.06,61.45,47.85,70.36,849.04,23.06,46.45,32.85,66.91836113,4.89
2024-01-19 17:30:00,DC_5,24.85,59.99,48.92,104.15,1061.43,24.85,59.99,33.92,103.8279397,0.31
2024-01-19 20:00:00,DC_5,23.92,63.55,55.09,102.17,1014.26,23.92,48.55,40.09,100.6844366,1.45
2024-01-19 22:30:00,DC_5,23.89,59.04,43.36,77.09,870.73,23.89,51.04,30.0,75.84061624,1.62
2024-01-20 01:00:00,DC_5,22.77,55.955,37.71,30.96,656.33,22.77,47.54,37.71,30.96,0.0
2024-01-20 03:30:00,DC_5,23.18,39.51,42.12,22.9,398.05,23.18,30.0,30.0,22.09199588,3.53
2024-01-20 06:00:00,DC_5,23.93,43.88,32.19,20.52,403.86,23.93,30.0,30.0,18.36025335,10.53
2024-01-20 08:30:00,DC_5,24.03,49.26,34.24,21.78,414.9,24.03,34.26,30.0,19.61557129,9.94
2024-01-20 11:00:00,DC_5,22.8,44.99,47.81,35.2,445.81,23.3,30.0,32.81,33.65680905,4.38
2024-01-20 13:30:00,DC_5,22.54,52.93,45.83,40.36,551.53,23.04,37.93,30.83,37.59207943,6.86
2024-01-20 16:00:00,DC_5,20.33,53.53,51.2,71.65,739.67,22.83,38.53,36.2,65.65859912,8.36
2024-01-20 18:30:00,DC_5,18.04,65.3,53.17,73.33,715.68,20.54,50.3,38.17,67.58704927,7.83
2024-01-20 21:00:00,DC_5,22.65,53.32,47.24,79.73,903.42,23.15,45.32,32.24,77.52330712,2.77
2024-01-20 23:30:00,DC_5,24.0,46.76,37.61,31.2,539.86,24.0,38.76,30.0,29.8589604,4.3
2024-01-21 02:00:00,DC_5,22.43,51.4,37.57,36.1,568.01,23.43,36.4,30.0,34.69366504,3.9
2024-01-21 04:30:00,DC_5,23.3,35.44,30.2,26.73,416.08,23.3,30.0,30.0,25.77939398,3.56
2024-01-21 07:00:00,DC_5,22.72,41.17,41.78,28.97,399.18,23.22,30.0,30.0,26.1182663,9.84
2024-01-21 09:30:00,DC_5,21.49,48.75,43.85,33.25,474.71,23.49,33.75,30.0,30.74807294,7.52
2024-01-21 12:00:00,DC_5,24.04,48.8,42.91,47.19,689.1,24.04,48.8,30.0,44.71118958,5.25
2024-01-21 14:30:00,DC_5,23.06,57.42,52.48,65.69,721.48,23.06,42.42,37.48,62.9914075,4.11
2024-01-21 17:00:00,DC_5,21.2,49.58,50.45,65.08,685.89,22.7,34.58,35.45,62.21882776,4.4
2024-01-21 19:30:00,DC_5,23.93,57.13,52.39,48.66,779.33,23.93,42.13,37.39,45.85671335,5.76
2024-01-21 22:00:00,DC_5,23.94,47.11,38.77,42.04,636.64,23.94,39.11,30.0,40.78144474,2.99
2024-01-22 00:30:00,DC_5,25.24,43.96,46.52,47.28,688.04,25.24,43.96,31.52,46.74075859,1.14
2024-01-22 03:00:00,DC_5,21.83,48.71,41.4,53.83,662.62,22.83,33.71,30.0,50.20662439,6.73
2024-01-22 05:30:00,DC_5,22.68,41.24,40.21,33.41,497.75,22.68,30.0,30.0,31.57673008,5.49
2024-01-22 08:00:00,DC_5,23.81,39.03,38.99,25.74,419.51,23.81,30.0,30.0,23.43308044,8.96
2024-01-22 10:30:00,DC_5,22.19,44.05,47.96,34.22,548.21,22.69,44.05,32.96,34.06005903,0.47
2024-01-22 13:00:00,DC_5,21.7,55.08,53.34,74.43,745.46,23.2,40.08,38.34,69.36336698,6.81
2024-01-22 15:30:00,DC_5,24.13,55.8,48.49,74.07,912.23,24.13,47.8,33.49,71.99920185,2.8
2024-01-22 18:00:00,DC_5,24.7,56.88,49.28,90.93,1051.34,24.7,56.88,34.28,90.9244654,0.01
2024-01-22 20:30:00,DC_5,23.09,58.49,53.15,91.55,988.74,23.09,50.49,38.15,89.37751968,2.37
2024-01-22 23:00:00,DC_5,22.41,48.36,47.89,72.88,881.27,22.91,40.36,32.89,71.3664622,2.08
2024-01-23 01:30:00,DC_5,25.91,53.28,37.6,29.96,672.69,25.91,53.28,30.0,29.26096911,2.33
2024-01-23 04:00:00,DC_5,23.16,45.1,43.73,25.98,468.24,23.16,37.1,30.0,23.89728448,8.02
2024-01-23 06:30:00,DC_5,24.91,35.59,33.31,15.02,406.52,24.91,35.59,33.31,15.02,0.0
2024-01-23 09:00:00,DC_5,23.42,45.07,32.22,20.19,418.95,23.42,30.07,30.0,18.83866519,6.69
2024-01-23 11:30:00,DC_5,23.05,40.87,41.85,41.08,557.38,23.05,40.87,41.85,41.08,0.0
2024-01-23 14:00:00,DC_5,23.27,60.07,49.22,83.28,895.49,23.27,60.07,34.22,81.25741819,2.43
2024-01-23 16:30:00,DC_5,22.66,57.04,53.09,102.53,941.91,22.66,42.04,38.09,99.68143902,2.78
2024-01-23 19:00:00,DC_5,23.81,56.49,53.26,88.04,1027.69,23.81,56.49,53.26,88.03842387,0.0
2024-01-23 21:30:00,DC_5,22.55,56.48,54.15,87.24,948.08,22.55,41.48,39.15,84.60139526,3.02
2024-01-24 00:00:00,DC_5,23.66,52.28,37.22,49.61,704.11,23.66,44.28,30.0,48.30468691,2.63
2024-01-24 02:30:00,DC_5,22.45,48.09,44.55,38.45,573.04,22.95,33.09,30.0,36.40969944,5.31
2024-01-24 05:00:00,DC_5,22.63,46.7,38.13,23.8,437.12,22.63,38.7,30.0,22.84246136,4.02
2024-01-24 07:30:00,DC_5,21.46,46.22,37.74,27.33,468.04,23.46,31.22,30.0,26.55077837,2.85
2024-01-24 10:00:00,DC_5,24.52,46.75,42.77,41.43,563.48,24.52,38.75,30.0,39.7824218,3.98
2024-01-24 12:30:00,DC_5,22.16,45.97,51.67,61.04,662.74,23.16,37.97,36.67,58.47942982,4.19
2024-01-24 15:00:00,DC_5,23.64,62.54,53.77,60.79,828.01,23.64,47.54,38.77,58.51504564,3.74
2024-01-24 17:30:00,DC_5,22.41,62.85,56.05,122.35,1058.06,23.41,47.85,41.05,116.060798,5.14
2024-01-24 20:00:00,DC_5,22.39,55.26,56.96,106.83,1017.85,23.39,47.26,41.96,104.4845253,2.2
2024-01-24 22:30:00,DC_5,17.22,57.58,61.87,97.7,837.46,19.72,42.58,46.87,90.75114503,7.11
2024-01-25 01:00:00,DC_5,23.49,45.79,36.27,43.53,661.81,23.49,37.79,30.0,43.20933682,0.74
2024-01-25 03:30:00,DC_5,22.21,45.51,45.13,39.2,474.49,22.71,30.51,30.13,35.59117231,9.21
2024-01-25 06:00:00,DC_5,23.55,42.96,36.03,22.47,445.0,23.55,30.0,30.0,22.00348992,2.08
2024-01-25 08:30:00,DC_5,24.4,39.62,30.32,28.72,463.08,24.4,39.62,30.32,28.71578463,0.01
2024-01-25 11:00:00,DC_5,24.83,52.89,35.29,32.86,596.65,24.83,44.89,30.0,31.33500396,4.64
2024-01-25 13:30:00,DC_5,24.31,47.89,51.15,69.62,792.93,24.31,47.89,36.15,67.30171945,3.33
2024-01-25 16:00:00,DC_5,21.82,62.56,64.03,108.23,1026.42,23.32,47.56,49.03,102.4619386,5.33
2024-01-25 18:30:00,DC_5,22.99,54.69,44.82,105.21,944.7,22.99,54.69,44.82,105.2056353,0.0
2024-01-25 21:00:00,DC_5,23.06,59.28,49.09,75.5,821.51,23.06,44.28,34.09,73.1784479,3.07
2024-01-25 23:30:00,DC_5,22.56,57.85,55.32,56.41,711.41,23.06,42.85,40.32,52.64789976,6.67
2024-01-26 02:00:00,DC_5,24.17,52.12,43.39,50.11,683.32,24.17,44.12,30.0,48.00342746,4.2
2024-01-26 04:30:00,DC_5,22.24,36.98,36.87,28.54,442.97,23.24,30.0,30.0,26.01099691,8.86
2024-01-26 07:00:00,DC_5,24.38,40.41,28.06,25.56,412.09,24.38,32.41,30.0,25.47162885,0.35
2024-01-26 09:30:00,DC_5,24.96,46.46,37.75,34.23,503.39,24.96,38.46,30.0,33.15412366,3.14
2024-01-26 12:00:00,DC_5,25.22,44.7,40.85,36.44,587.2,25.22,44.7,30.0,35.44623298,2.73
2024-01-26 14:30:00,DC_5,23.12,57.53,47.51,74.46,767.21,23.12,42.53,32.51,70.83657671,4.87
2024-01-26 17:00:00,DC_5,22.82,63.84,61.23,122.48,1103.01,23.32,48.84,46.23,117.6675817,3.93
2024-01-26 19:30:00,DC_5,22.32,55.65,52.43,93.96,1059.42,22.32,55.65,52.43,93.96,0.0
2024-01-26 22:00:00,DC_5,24.71,54.65,47.58,81.42,870.69,24.71,54.65,32.58,80.83752088,0.72
2024-01-27 00:30:00,DC_5,22.99,53.62,37.04,39.98,628.66,23.49,38.62,30.0,36.79792668,7.96
2024-01-27 03:00:00,DC_5,28.89,38.39,37.14,26.47,549.93,28.89,38.39,37.14,26.46813052,0.01
2024-01-27 05:30:00,DC_5,22.26,46.8,41.19,26.62,459.09,23.26,31.8,30.0,24.07763379,9.55
2024-01-27 08:00:00,DC_5,22.58,35.52,39.41,22.92,420.06,23.08,30.0,30.0,21.30025376,7.07
2024-01-27 10:30:00,DC_5,28.71,44.16,39.15,19.01,377.06,28.71,44.16,39.15,19.0074229,0.01
2024-01-27 13:00:00,DC_5,24.62,52.56,38.27,39.1,518.03,24.62,37.56,30.0,36.48907099,6.68
2024-01-27 15:30:00,DC_5,22.93,52.07,45.09,46.15,653.96,22.93,52.07,45.09,46.14791925,0.0
2024-01-27 18:00:00,DC_5,21.75,48.94,49.32,66.19,687.57,22.75,33.94,34.32,62.08632834,6.2
2024-01-27 20:30:00,DC_5,22.06,53.97,46.42,55.31,671.48,23.06,38.97,31.42,51.15823962,7.51
2024-01-27 23:00:00,DC_5,23.02,48.29,32.88,36.91,597.58,23.02,40.29,30.0,35.71676826,3.23
2024-01-28 01:30:00,DC_5,22.73,43.75,45.9,39.67,501.82,23.23,35.75,30.9,36.77425003,7.3
2024-01-28 04:00:00,DC_5,22.74,38.25,43.67,29.62,480.56,22.74,30.0,30.0,28.85563917,2.58
2024-01-28 06:30:00,DC_5,23.52,47.66,41.82,26.94,443.52,23.52,32.66,30.0,25.41948005,5.64
2024-01-28 09:00:00,DC_5,22.4,51.72,36.76,38.17,471.04,23.4,36.72,30.0,36.7646395,3.68
2024-01-28 11:30:00,DC_5,22.74,44.59,41.56,34.21,535.81,23.24,36.59,30.0,34.14308254,0.2
2024-01-28 14:00:00,DC_5,16.46,60.7,59.91,80.84,597.12,18.96,45.7,44.91,74.45459684,7.9
2024-01-28 16:30:00,DC_5,27.71,45.86,47.25,48.53,653.6,27.71,45.86,47.25,48.52962478,0.0
2024-01-28 19:00:00,DC_5,27.08,46.8,47.58,38.95,609.0,27.08,46.8,47.58,38.94928659,0.0
2024-01-28 21:30:00,DC_5,21.01,67.8,51.86,75.23,710.14,23.01,52.8,36.86,70.08301518,6.84
2024-01-29 00:00:00,DC_5,23.29,44.5,43.57,62.57,739.06,23.29,44.5,43.57,62.56916493,0.0
2024-01-29 02:30:00,DC_5,23.75,44.84,48.91,66.72,812.34,23.75,44.84,33.91,62.93127192,5.68
2024-01-29 05:00:00,DC_5,22.69,46.31,37.28,28.03,456.59,23.19,31.31,30.0,27.68049109,1.25
2024-01-29 07:30:00,DC_5,21.79,46.65,34.88,27.38,419.76,23.29,31.65,30.0,25.33867473,7.46
2024-01-29 10:00:00,DC_5,22.79,44.03,48.57,36.54,573.84,23.29,36.03,33.57,33.409432,8.57
2024-01-29 12:30:00,DC_5,24.42,52.84,42.2,51.75,662.36,24.42,44.84,30.0,50.95877638,1.53
2024-01-29 15:00:00,DC_5,24.45,54.72,51.16,85.63,918.8,24.45,54.72,36.16,84.93648659,0.81
2024-01-29 17:30:00,DC_5,23.33,61.21,61.06,95.82,970.13,23.33,46.21,46.06,90.37651711,5.68
2024-01-29 20:00:00,DC_5,23.89,58.22,51.42,74.26,862.1,23.89,58.22,51.42,74.26,0.0
2024-01-29 22:30:00,DC_5,22.43,55.07,55.74,77.66,893.26,22.43,40.07,40.74,74.50061212,4.07
2024-01-30 01:00:00,DC_5,22.0,47.11,45.77,50.91,664.47,23.0,39.11,30.77,48.59679314,4.54
2024-01-30 03:30:00,DC_5,21.36,47.34,39.21,27.82,502.62,21.36,47.34,39.21,27.81807715,0.01
2024-01-30 06:00:00,DC_5,23.15,42.88,33.55,25.54,436.9,23.15,30.0,30.0,24.05463827,5.82
2024-01-30 08:30:00,DC_5,21.72,45.73,37.44,30.2,424.9,23.22,30.73,30.0,26.95171343,10.76
2024-01-30 11:00:00,DC_5,22.52,55.32,49.05,43.89,578.96,23.02,40.32,34.05,40.56286039,7.58
2024-01-30 13:30:00,DC_5,20.93,66.91,47.7,85.82,799.23,23.43,51.91,32.7,79.60395434,7.24
2024-01-30 16:00:00,DC_5,22.13,64.13,55.0,74.67,905.39,23.13,49.13,40.0,70.15335758,6.05
2024-01-30 18:30:00,DC_5,21.4,67.53,57.85,123.36,1018.82,23.4,52.53,42.85,116.2256421,5.78
2024-01-30 21:00:00,DC_5,23.08,56.84,45.68,77.24,924.17,23.08,48.84,30.68,75.34655986,2.45
2024-01-30 23:30:00,DC_5,21.84,59.81,45.4,51.98,736.21,23.34,44.81,30.4,48.20341263,7.27
2024-01-31 02:00:00,DC_5,22.74,46.64,39.8,47.93,616.47,23.24,38.64,30.0,46.33084941,3.34
2024-01-31 04:30:00,DC_5,23.94,45.42,34.67,27.66,440.85,23.94,37.42,30.0,26.58244091,3.9
2024-01-31 07:00:00,DC_5,16.39,56.11,50.94,44.68,417.57,18.89,41.11,35.94,39.84044548,10.83
2024-01-31 09:30:00,DC_5,18.46,47.85,50.62,40.04,526.43,20.96,32.85,35.62,34.70844451,13.32
2024-01-31 12:00:00,DC_5,22.99,57.62,49.99,39.84,631.23,23.49,42.62,34.99,36.01202358,9.61
2024-01-31 14:30:00,DC_5,22.96,55.2,52.11,77.77,830.21,22.96,55.2,52.11,77.76683135,0.0
2024-01-31 17:00:00,DC_5,25.17,61.04,45.46,118.69,1115.69,25.17,61.04,30.46,118.4808011,0.18
2024-01-31 19:30:00,DC_5,27.38,53.98,45.98,73.44,876.87,27.38,53.98,45.98,73.44,0.0
2024-01-31 22:00:00,DC_5,23.21,48.78,55.16,71.25,783.52,23.21,40.78,40.16,68.59780737,3.72
2024-02-01 00:30:00,DC_5,22.85,48.46,43.96,39.97,665.64,23.35,40.46,30.0,38.91310542,2.64
2024-02-01 03:00:00,DC_5,28.76,41.05,34.19,23.05,450.73,28.76,41.05,34.19,23.05,0.0
2024-02-01 05:30:00,DC_5,20.91,51.06,38.31,31.74,443.01,23.41,36.06,30.0,28.76642437,9.37
2024-02-01 08:00:00,DC_5,22.48,46.63,41.92,45.16,611.35,23.48,38.63,30.0,44.36728952,1.76
2024-02-01 10:30:00,DC_5,25.04,44.25,32.91,28.08,532.25,25.04,44.25,30.0,27.26441889,2.9
2024-02-01 13:00:00,DC_5,24.37,50.66,40.18,49.48,744.93,24.37,50.66,30.0,47.91173922,3.17
2024-02-01 15:30:00,DC_5,22.32,61.44,61.15,83.82,902.13,23.32,46.44,46.15,78.09155906,6.83
2024-02-01 18:00:00,DC_5,23.58,58.2,50.875,86.1,931.79,23.58,50.2,34.97,83.61398553,2.89
2024-02-01 20:30:00,DC_5,23.43,51.95,50.91,79.64,891.65,23.43,51.95,35.91,79.2044626,0.55
2024-02-01 23:00:00,DC_5,25.16,51.26,45.69,56.43,793.46,25.16,51.26,30.69,55.3304202,1.95
2024-02-02 01:30:00,DC_5,21.9,52.61,42.06,46.89,615.37,23.4,37.61,30.0,42.47820185,9.41
2024-02-02 04:00:00,DC_5,21.37,50.05,44.86,39.72,513.23,23.37,35.05,30.0,36.9280881,7.03
2024-02-02 06:30:00,DC_5,24.45,40.06,38.4,13.15,406.06,24.45,40.06,38.4,13.15,0.0
2024-02-02 09:00:00,DC_5,21.36,50.34,49.39,30.35,439.15,23.36,35.34,34.39,27.28117115,10.11
2024-02-02 11:30:00,DC_5,22.1,51.29,48.59,46.98,610.54,23.1,36.29,33.59,45.40009529,3.36
2024-02-02 14:00:00,DC_5,23.95,53.63,49.87,73.84,775.7,23.95,45.63,34.87,71.54476757,3.11
2024-02-02 16:30:00,DC_5,24.08,56.52,53.16,98.06,1008.12,24.08,48.52,38.16,94.49730549,3.63
2024-02-02 19:00:00,DC_5,24.97,55.08,43.89,92.5,969.39,24.97,55.08,30.0,92.05380288,0.48
2024-02-02 21:30:00,DC_5,24.48,55.27,47.59,94.85,945.51,24.48,55.27,32.59,93.48384295,1.44
2024-02-03 00:00:00,DC_5,25.35,48.51,41.3,50.07,684.28,25.35,48.51,30.0,49.17224484,1.79
2024-02-03 02:30:00,DC_5,21.96,47.43,46.0,33.85,461.8,23.46,32.43,31.0,31.69168822,6.38
2024-02-03 05:00:00,DC_5,22.33,48.84,44.24,30.28,464.14,23.33,33.84,30.0,26.90054106,11.16
2024-02-03 07:30:00,DC_5,21.75,49.26,44.52,57.44,610.24,22.75,34.26,30.0,55.09328453,4.09
2024-02-03 10:00:00,DC_5,16.65,58.32,51.09,54.02,440.57,19.15,43.32,36.09,49.14073531,9.03
2024-02-03 12:30:00,DC_5,22.19,48.87,44.51,36.74,522.99,23.19,33.87,30.0,34.81668281,5.23
2024-02-03 15:00:00,DC_5,23.61,53.75,52.76,52.81,574.87,23.61,38.75,37.76,50.02443761,5.27
2024-02-03 17:30:00,DC_5,23.17,45.51,42.54,50.65,653.81,23.17,45.51,42.54,50.64724754,0.01
2024-02-03 20:00:00,DC_5,24.63,46.52,47.58,62.26,750.7,24.63,46.52,32.58,62.19247395,0.11
2024-02-03 22:30:00,DC_5,20.79,54.26,55.17,61.36,747.67,21.79,46.26,40.17,57.27212695,6.66
2024-02-04 01:00:00,DC_5,21.14,51.11,39.48,45.29,514.9,23.14,36.11,30.0,40.86844207,9.76
2024-02-04 03:30:00,DC_5,23.59,33.87,31.73,24.07,420.08,23.59,30.0,30.0,24.05668082,0.06
2024-02-04 06:00:00,DC_5,21.2,42.4,41.64,22.39,391.8,23.2,30.0,30.0,20.73774104,7.38
2024-02-04 08:30:00,DC_5,23.55,48.94,34.83,26.46,392.39,23.55,33.94,30.0,23.646438,10.63
2024-02-04 11:00:00,DC_5,22.68,52.42,41.21,39.47,459.94,23.18,37.42,30.0,35.55406944,9.92
2024-02-04 13:30:00,DC_5,23.91,56.32,49.91,75.95,867.48,23.91,48.32,34.91,71.80705357,5.45
2024-02-04 16:00:00,DC_5,23.64,52.48,45.91,54.21,620.68,23.64,52.48,30.91,52.62309845,2.93
2024-02-04 18:30:00,DC_5,23.46,56.13,45.58,86.4,839.66,23.46,41.13,30.58,83.12272407,3.79
2024-02-04 21:00:00,DC_5,24.07,52.66,44.23,48.7,730.64,24.07,44.66,30.0,46.28702159,4.95
2024-02-04 23:30:00,DC_5,22.18,42.96,42.54,43.31,578.96,23.18,34.96,30.0,42.70979452,1.39
2024-02-05 02:00:00,DC_5,22.51,55.0,44.06,41.47,650.32,23.01,40.0,30.0,38.61214487,6.89
2024-02-05 04:30:00,DC_5,22.97,43.39,43.16,30.07,435.37,23.47,30.0,30.0,28.6720403,4.65
2024-02-05 07:00:00,DC_5,23.21,38.93,35.25,21.34,397.92,23.21,30.0,30.0,20.5115936,3.88
2024-02-05 09:30:00,DC_5,24.65,38.54,40.53,29.64,427.75,24.65,38.54,30.0,28.83965707,2.7
2024-02-05 12:00:00,DC_5,22.53,51.74,45.6,57.94,747.63,22.53,36.74,30.6,55.18596882,4.75
2024-02-05 14:30:00,DC_5,24.69,52.75,49.37,88.42,922.72,24.69,52.75,34.37,87.49991556,1.04
2024-02-05 17:00:00,DC_5,16.07,79.48,70.6,167.31,1057.95,18.57,64.48,55.6,157.0492212,6.13
2024-02-05 19:30:00,DC_5,18.16,68.41,56.42,130.06,950.82,20.66,53.41,41.42,121.2026271,6.81
2024-02-05 22:00:00,DC_5,24.37,47.0,52.79,58.37,805.88,24.37,47.0,37.79,56.07506543,3.93
2024-02-06 00:30:00,DC_5,21.77,58.25,43.69,69.51,694.81,23.27,43.25,30.0,65.40815528,5.9
2024-02-06 03:00:00,DC_5,23.72,53.44,52.22,44.8,558.67,23.72,38.44,37.22,39.89647861,10.95
2024-02-06 05:30:00,DC_5,23.91,45.37,31.97,31.02,495.87,23.91,37.37,30.0,29.52286663,4.83
2024-02-06 08:00:00,DC_5,23.95,43.36,36.92,28.25,450.47,23.95,35.36,30.0,26.93984282,4.64
2024-02-06 10:30:00,DC_5,23.74,49.55,45.04,47.49,642.05,23.74,41.55,30.04,45.15931763,4.91
2024-02-06 13:00:00,DC_5,23.21,58.04,45.03,55.63,750.91,23.21,58.04,45.03,55.62666924,0.01
2024-02-06 15:30:00,DC_5,22.1,64.52,56.87,80.13,842.18,23.1,49.52,41.87,76.40201397,4.65
2024-02-06 18:00:00,DC_5,21.87,62.01,50.4,112.55,1119.87,22.87,47.01,35.4,108.823354,3.31
2024-02-06 20:30:00,DC_5,23.32,58.0,49.68,60.89,929.47,23.32,50.0,34.68,57.30484733,5.89
2024-02-06 23:00:00,DC_5,25.67,40.36,39.94,48.26,825.9,25.67,40.36,39.94,48.26,0.0
2024-02-07 01:30:00,DC_5,22.63,53.94,44.35,42.29,628.54,23.13,53.94,30.0,40.79612298,3.53
2024-02-07 04:00:00,DC_5,22.82,47.61,42.1,43.89,628.39,22.82,47.61,42.1,43.8872396,0.01
2024-02-07 06:30:00,DC_5,17.76,49.56,43.59,44.56,489.2,20.26,34.56,30.0,39.77689172,10.73
2024-02-07 09:00:00,DC_5,20.15,50.47,45.83,41.46,517.07,21.65,42.47,30.83,39.49008473,4.75
2024-02-07 11:30:00,DC_5,25.18,45.84,50.33,44.16,617.59,25.18,45.84,50.33,44.15820513,0.0
2024-02-07 14:00:00,DC_5,22.54,53.35,51.04,71.3,778.59,23.04,38.35,36.04,68.72599726,3.61
2024-02-07 16:30:00,DC_5,22.61,70.5,56.89,121.95,1130.56,23.11,55.5,41.89,118.2161419,3.06
2024-02-07 19:00:00,DC_5,22.89,64.15,55.09,89.06,1001.98,23.39,49.15,40.09,86.5520804,2.82
2024-02-07 21:30:00,DC_5,20.93,62.92,54.03,122.71,1046.18,23.43,47.92,39.03,115.9761613,5.49
2024-02-08 00:00:00,DC_5,21.79,53.82,49.89,53.68,699.79,23.29,38.82,34.89,49.93785451,6.97
2024-02-08 02:30:00,DC_5,23.82,51.95,30.68,39.8,582.54,23.82,36.95,30.0,37.28767923,6.31
2024-02-08 05:00:00,DC_5,23.53,39.88,36.9,24.89,450.41,23.53,31.88,30.0,23.50422246,5.57
2024-02-08 07:30:00,DC_5,24.73,37.73,34.79,22.19,388.57,24.73,37.73,34.79,22.19,0.0
2024-02-08 10:00:00,DC_5,23.64,45.96,41.81,38.45,511.5,23.64,37.96,30.0,36.95771782,3.88
2024-02-08 12:30:00,DC_5,24.4,51.22,46.45,52.83,743.38,24.4,43.22,31.45,52.02635842,1.52
2024-02-08 15:00:00,DC_5,22.05,58.22,57.89,82.45,848.31,23.05,43.22,42.89,78.70921469,4.54
2024-02-08 17:30:00,DC_5,21.96,60.54,56.32,104.58,1014.42,23.46,45.54,41.32,99.67555296,4.69
2024-02-08 20:00:00,DC_5,22.89,55.81,57.36,76.73,895.8,22.89,40.81,42.36,74.20117106,3.3
2024-02-08 22:30:00,DC_5,22.07,55.36,41.7,67.48,771.3,23.07,40.36,30.0,63.55193011,5.82
2024-02-09 01:00:00,DC_5,21.41,62.84,49.22,57.67,633.56,23.41,47.84,34.22,50.60886912,12.24
2024-02-09 03:30:00,DC_5,21.44,45.39,45.25,28.11,411.77,23.44,30.39,30.25,25.50188716,9.28
2024-02-09 06:00:00,DC_5,24.05,38.33,26.93,17.69,396.85,24.05,30.33,30.0,16.59446598,6.19
2024-02-09 08:30:00,DC_5,24.23,37.83,33.06,16.0,396.55,24.23,30.0,30.0,15.64556527,2.22
2024-02-09 11:00:00,DC_5,22.37,51.14,49.95,55.81,573.63,23.37,36.14,34.95,52.96473703,5.1
2024-02-09 13:30:00,DC_5,24.39,50.08,42.41,53.4,706.32,24.39,42.08,30.0,51.8111148,2.98
2024-02-09 16:00:00,DC_5,25.74,62.68,49.74,79.83,927.06,25.74,62.68,49.74,79.83,0.0
2024-02-09 18:30:00,DC_5,21.44,67.85,55.21,130.49,1063.96,23.44,52.85,40.21,124.1704022,4.84
2024-02-09 21:00:00,DC_5,21.7,58.36,48.78,78.73,987.95,22.7,43.36,33.78,73.52269189,6.61
2024-02-09 23:30:00,DC_5,24.75,51.28,50.65,54.28,778.2,24.75,51.28,35.65,53.74455376,0.99
2024-02-10 02:00:00,DC_5,20.6,56.91,49.38,48.64,630.26,23.1,41.91,34.38,43.78766516,9.98
2024-02-10 04:30:00,DC_5,23.94,37.67,34.38,23.37,400.66,23.94,30.0,30.0,23.07511034,1.26
2024-02-10 07:00:00,DC_5,24.76,45.24,39.93,23.47,385.46,24.76,37.24,30.0,20.03699268,14.63
2024-02-10 09:30:00,DC_5,22.95,37.99,33.2,24.38,415.85,22.95,37.99,33.2,24.38,0.0
2024-02-10 12:00:00,DC_5,21.94,49.24,50.875,40.16,526.75,23.44,34.24,30.0,38.23130278,4.8
2024-02-10 14:30:00,DC_5,24.31,46.89,45.38,35.22,555.93,24.31,38.89,30.38,32.41320233,7.97
2024-02-10 17:00:00,DC_5,20.27,60.23,47.73,68.31,686.95,22.77,45.23,32.73,63.17941451,7.51
2024-02-10 19:30:00,DC_5,22.61,54.47,52.22,51.63,699.03,23.11,39.47,37.22,49.11193687,4.88
2024-02-10 22:00:00,DC_5,22.22,49.92,50.875,41.88,628.68,22.72,34.92,30.3,39.25751328,6.26
2024-02-11 00:30:00,DC_5,23.32,50.12,38.8,34.65,550.81,23.32,35.12,30.0,33.53598077,3.22
2024-02-11 03:00:00,DC_5,17.04,55.95,42.7,51.48,496.23,19.54,40.95,30.0,46.31577224,10.03
2024-02-11 05:30:00,DC_5,20.33,44.6,39.54,24.2,412.31,22.83,30.0,30.0,23.34667916,3.53
2024-02-11 08:00:00,DC_5,22.81,43.46,31.26,21.67,419.78,23.31,30.0,30.0,21.35016225,1.48
2024-02-11 10:30:00,DC_5,22.19,49.26,50.1,40.46,506.74,22.19,41.26,35.1,39.47671594,2.43
2024-02-11 13:00:00,DC_5,24.11,39.22,33.54,40.21,528.71,24.11,39.22,30.0,37.61161953,6.46
2024-02-11 15:30:00,DC_5,20.67,54.01,48.61,52.34,647.89,23.17,39.01,33.61,45.99404636,12.12
2024-02-11 18:00:00,DC_5,20.89,61.45,57.3,71.29,727.5,23.39,46.45,42.3,65.60729166,7.97
2024-02-11 20:30:00,DC_5,23.82,50.31,53.92,76.24,784.68,23.82,42.31,38.92,74.15306674,2.74
2024-02-11 23:00:00,DC_5,22.77,57.23,41.78,69.62,762.13,23.27,42.23,30.0,68.02190615,2.3
2024-02-12 01:30:00,DC_5,27.75,43.87,23.15,29.52,584.11,27.75,43.87,23.15,29.52,0.0
2024-02-12 04:00:00,DC_5,21.98,51.74,49.34,63.05,700.09,22.98,36.74,34.34,60.33134275,4.31
2024-02-12 06:30:00,DC_5,22.77,41.51,42.34,30.31,446.45,23.27,30.0,30.0,26.97502279,11.0
2024-02-12 09:00:00,DC_5,22.67,45.97,33.73,28.79,416.2,23.17,30.97,30.0,26.1047574,9.33
2024-02-12 11:30:00,DC_5,23.99,55.24,44.87,40.74,569.04,23.99,40.24,30.0,37.3548047,8.31
2024-02-12 14:00:00,DC_5,25.38,49.57,46.6,60.2,778.77,25.38,49.57,31.6,58.76638563,2.38
2024-02-12 16:30:00,DC_5,21.25,66.99,65.96,152.77,1137.37,23.25,51.99,50.96,145.4645475,4.78
2024-02-12 19:00:00,DC_5,23.54,56.18,56.4,108.71,1042.72,23.54,48.18,41.4,106.2361852,2.28
2024-02-12 21:30:00,DC_5,23.14,50.41,51.3,74.04,831.52,23.14,42.41,36.3,70.68793238,4.53
2024-02-13 00:00:00,DC_5,22.33,46.98,47.2,50.42,685.0,23.33,38.98,32.2,47.91646601,4.97
2024-02-13 02:30:00,DC_5,24.54,50.88,44.36,45.81,668.94,24.54,42.88,30.0,44.30985793,3.27
2024-02-13 05:00:00,DC_5,22.95,44.71,38.93,40.24,482.6,23.45,44.71,30.0,37.89091117,5.84
2024-02-13 07:30:00,DC_5,21.24,43.63,42.02,25.92,390.17,23.24,30.0,30.0,22.10104195,14.73
2024-02-13 10:00:00,DC_5,21.86,44.16,38.27,42.89,499.47,22.86,30.0,30.0,40.1744134,6.33
2024-02-13 12:30:00,DC_5,23.55,49.19,38.06,58.37,696.73,23.55,49.19,38.06,58.37,0.0
2024-02-13 15:00:00,DC_5,22.07,54.04,56.45,79.28,849.3,22.57,39.04,41.45,76.24521917,3.83
2024-02-13 17:30:00,DC_5,22.51,63.35,40.98,125.71,1005.81,23.01,48.35,30.0,119.9256471,4.6
2024-02-13 20:00:00,DC_5,23.43,62.41,49.61,96.77,986.13,23.43,47.41,34.61,92.3955661,4.52
2024-02-13 22:30:00,DC_5,23.01,53.24,45.37,71.68,831.38,23.01,45.24,30.37,70.72346272,1.33
2024-02-14 01:00:00,DC_5,21.9,49.53,43.07,49.41,614.77,22.9,34.53,30.0,46.48898966,5.91
2024-02-14 03:30:00,DC_5,23.54,42.64,41.16,32.15,450.17,23.54,30.0,30.0,31.53811493,1.9
2024-02-14 06:00:00,DC_5,23.9,34.45,40.99,34.12,522.89,23.9,34.45,30.0,33.37469039,2.18
2024-02-14 08:30:00,DC_5,23.48,38.14,33.41,25.87,393.3,23.48,30.0,30.0,24.22332221,6.37
2024-02-14 11:00:00,DC_5,22.63,54.54,55.48,69.76,796.26,22.63,39.54,40.48,67.56995882,3.14
2024-02-14 13:30:00,DC_5,22.14,57.68,51.79,74.67,775.43,23.14,42.68,36.79,70.23014165,5.95
2024-02-14 16:00:00,DC_5,23.82,59.4,51.51,78.85,827.03,23.82,44.4,36.51,73.79730999,6.41
2024-02-14 18:30:00,DC_5,23.13,60.21,50.97,81.57,951.75,23.13,45.21,35.97,77.44476866,5.06
2024-02-14 21:00:00,DC_5,23.96,53.65,51.84,85.21,935.75,23.96,45.65,36.84,84.55135976,0.77
2024-02-14 23:30:00,DC_5,23.83,49.25,42.48,40.22,661.69,23.83,41.25,30.0,38.52204694,4.22
2024-02-15 02:00:00,DC_5,22.03,62.36,57.35,67.56,778.16,23.03,47.36,42.35,63.96524505,5.32
2024-02-15 04:30:00,DC_5,21.86,49.48,41.08,30.31,452.84,23.36,34.48,30.0,26.97435152,11.01
2024-02-15 07:00:00,DC_5,21.32,49.47,41.22,32.39,436.24,23.32,34.47,30.0,29.08881894,10.19
2024-02-15 09:30:00,DC_5,22.29,49.66,44.41,39.05,479.63,23.29,34.66,30.0,36.27986125,7.09
2024-02-15 12:00:00,DC_5,21.34,49.84,42.48,48.19,529.3,23.34,34.84,30.0,44.64347258,7.36
2024-02-15 14:30:00,DC_5,24.55,56.81,51.55,84.28,867.09,24.55,48.81,36.55,83.14861928,1.34
2024-02-15 17:00:00,DC_5,22.49,64.95,50.75,83.57,1011.94,23.49,49.95,35.75,80.07309195,4.18
2024-02-15 19:30:00,DC_5,20.88,61.29,51.35,85.21,852.41,23.38,46.29,36.35,79.90387173,6.23
2024-02-15 22:00:00,DC_5,23.09,57.59,46.02,80.81,879.28,23.09,42.59,31.02,78.75218826,2.55
2024-02-16 00:30:00,DC_5,22.07,49.26,40.63,62.18,681.77,22.57,34.26,30.0,59.39797387,4.47
2024-02-16 03:00:00,DC_5,21.28,47.3,48.43,42.49,550.77,22.78,32.3,33.43,38.44051673,9.53
2024-02-16 05:30:00,DC_5,23.23,43.07,36.87,13.53,374.31,23.23,30.0,30.0,12.29422095,9.13
2024-02-16 08:00:00,DC_5,23.27,41.6,39.69,24.84,437.43,23.27,30.0,30.0,24.01266177,3.33
2024-02-16 10:30:00,DC_5,23.19,45.29,48.56,37.81,541.07,23.19,37.29,33.56,33.57994305,11.19
2024-02-16 13:00:00,DC_5,24.69,46.0,39.39,39.83,620.82,24.69,46.0,30.0,39.33817724,1.23
2024-02-16 15:30:00,DC_5,21.68,57.88,53.24,94.1,863.68,22.18,57.88,38.24,93.64477173,0.48
2024-02-16 18:00:00,DC_5,21.74,63.44,58.35,111.79,1024.75,23.24,48.44,43.35,106.0304035,5.15
2024-02-16 20:30:00,DC_5,22.38,68.3,55.69,122.06,1078.33,23.38,53.3,40.69,117.0440727,4.11
2024-02-16 23:00:00,DC_5,21.17,49.34,49.53,75.82,805.48,23.17,41.34,34.53,71.79503818,5.31
2024-02-17 01:30:00,DC_5,23.3,49.03,44.35,28.53,527.03,23.3,49.03,30.0,28.05031101,1.68
2024-02-17 04:00:00,DC_5,23.31,48.98,42.56,40.75,514.21,23.31,48.98,42.56,40.74630617,0.01
2024-02-17 06:30:00,DC_5,21.48,40.36,38.39,27.89,412.86,23.48,30.0,30.0,25.68030436,7.92
2024-02-17 09:00:00,DC_5,28.98,38.81,35.98,19.95,415.53,28.98,38.81,35.98,19.94825399,0.01
2024-02-17 11:30:00,DC_5,27.38,47.95,42.35,40.13,537.01,27.38,47.95,42.35,40.12731068,0.01
2024-02-17 14:00:00,DC_5,23.96,45.9,43.59,50.54,614.23,23.96,37.9,30.0,50.14349749,0.78
2024-02-17 16:30:00,DC_5,18.48,61.89,57.14,77.73,734.92,20.98,53.89,42.14,73.27965919,5.73
2024-02-17 19:00:00,DC_5,23.19,57.39,46.56,67.68,788.83,23.19,42.39,31.56,66.06066456,2.39
2024-02-17 21:30:00,DC_5,22.92,57.2,51.34,77.85,883.23,22.92,42.2,36.34,74.26027946,4.61
2024-02-18 00:00:00,DC_5,27.15,44.47,38.28,33.68,593.55,27.15,44.47,38.28,33.68,0.0
2024-02-18 02:30:00,DC_5,20.68,50.33,44.26,35.03,505.71,23.18,35.33,30.0,31.60428927,9.78
2024-02-18 05:00:00,DC_5,21.84,44.09,40.92,28.61,436.61,23.34,30.0,30.0,26.23346367,8.31
2024-02-18 07:30:00,DC_5,24.19,43.36,35.9,29.18,415.92,24.19,43.36,35.9,29.18,0.0
2024-02-18 10:00:00,DC_5,23.73,41.99,40.43,36.85,407.35,23.73,30.0,30.0,36.2850414,1.53
2024-02-18 12:30:00,DC_5,23.58,51.39,39.71,46.53,516.69,23.58,36.39,30.0,44.45332284,4.46
2024-02-18 15:00:00,DC_5,24.23,53.69,41.07,41.12,554.95,24.23,38.69,30.0,37.73857256,8.22
2024-02-18 17:30:00,DC_5,19.94,54.49,59.26,88.41,817.01,22.44,39.49,44.26,83.66564282,5.37
2024-02-18 20:00:00,DC_5,22.11,67.06,55.43,71.01,778.47,23.11,52.06,40.43,66.84229125,5.87
2024-02-18 22:30:00,DC_5,22.91,51.85,43.92,51.97,675.75,22.91,36.85,30.0,48.69380011,6.3
2024-02-19 01:00:00,DC_5,23.45,52.22,41.37,40.87,632.65,23.45,37.22,30.0,38.62265401,5.5
2024-02-19 03:30:00,DC_5,23.67,47.3,34.04,37.97,552.76,23.67,39.3,30.0,37.45281352,1.36
2024-02-19 06:00:00,DC_5,21.85,44.85,41.25,31.56,458.58,23.35,30.0,30.0,29.42537005,6.76
2024-02-19 08:30:00,DC_5,22.71,48.22,37.9,35.38,459.48,23.21,33.22,30.0,33.61733264,4.98
2024-02-19 11:00:00,DC_5,22.67,46.46,50.52,55.27,624.22,23.17,38.46,35.52,52.88444902,4.32
2024-02-19 13:30:00,DC_5,24.54,48.43,37.96,49.32,659.02,24.54,40.43,30.0,48.61461256,1.43
2024-02-19 16:00:00,DC_5,21.96,63.75,49.41,97.26,846.35,23.46,48.75,34.41,91.37139296,6.05
2024-02-19 18:30:00,DC_5,23.4,49.05,55.58,71.22,859.31,23.4,49.05,40.58,68.90812162,3.25
2024-02-19 21:00:00,DC_5,21.94,56.1,53.04,80.64,960.7,22.44,41.1,38.04,77.03087016,4.48
2024-02-19 23:30:00,DC_5,22.92,49.18,45.56,62.4,747.62,23.42,41.18,30.56,59.10875803,5.27
2024-02-20 02:00:00,DC_5,22.37,47.17,39.76,40.43,561.0,22.87,32.17,30.0,38.51910495,4.73
2024-02-20 04:30:00,DC_5,20.58,44.37,37.24,24.19,427.68,23.08,30.0,30.0,20.70637651,14.4
2024-02-20 07:00:00,DC_5,23.42,42.25,39.53,17.13,393.62,23.42,42.25,39.53,17.13,0.0
2024-02-20 09:30:00,DC_5,22.12,44.03,39.11,29.36,431.85,23.12,30.0,30.0,28.54814479,2.77
2024-02-20 12:00:00,DC_5,21.9,56.53,44.98,54.79,683.46,23.4,41.53,30.0,52.43689824,4.29
2024-02-20 14:30:00,DC_5,24.73,51.17,50.71,87.65,897.92,24.73,51.17,35.71,87.08992852,0.64
2024-02-20 17:00:00,DC_5,23.11,63.78,55.94,100.84,997.54,23.11,48.78,40.94,97.76710368,3.05
2024-02-20 19:30:00,DC_5,23.82,54.98,52.61,82.49,982.48,23.82,54.98,37.61,78.71685448,4.57
2024-02-20 22:00:00,DC_5,28.71,58.97,57.1,111.24,1203.14,28.71,58.97,57.1,111.2352472,0.0
2024-02-21 00:30:00,DC_5,24.37,46.12,46.85,54.28,705.17,24.37,46.12,31.85,53.47793741,1.48
2024-02-21 03:00:00,DC_5,24.18,44.16,34.4,36.14,531.93,24.18,36.16,30.0,33.16066187,8.24
2024-02-21 05:30:00,DC_5,23.09,44.45,43.65,32.94,470.25,23.09,36.45,30.0,31.81691471,3.41
2024-02-21 08:00:00,DC_5,22.52,38.83,40.48,23.73,377.03,23.02,30.0,30.0,21.8071195,8.1
2024-02-21 10:30:00,DC_5,21.36,50.93,40.54,37.2,443.64,23.36,35.93,30.0,34.92260848,6.12
2024-02-21 13:00:00,DC_5,22.51,55.54,45.1,71.69,808.1,23.01,40.54,30.1,69.46418831,3.1
2024-02-21 15:30:00,DC_5,22.14,59.66,59.55,101.16,960.84,23.14,44.66,44.55,98.64237094,2.49
2024-02-21 18:00:00,DC_5,23.23,59.65,53.3,92.61,1035.05,23.23,59.65,53.3,92.60507496,0.01
2024-02-21 20:30:00,DC_5,22.87,59.2,50.05,70.51,941.62,23.37,44.2,35.05,66.61297187,5.53
2024-02-21 23:00:00,DC_5,23.78,57.15,54.07,76.1,920.36,23.78,49.15,39.07,73.72609622,3.12
2024-02-22 01:30:00,DC_5,24.93,43.48,35.85,39.59,577.5,24.93,43.48,35.85,39.59,0.0
2024-02-22 04:00:00,DC_5,20.68,47.67,53.48,38.08,463.01,23.18,32.67,38.48,33.31976021,12.5
2024-02-22 06:30:00,DC_5,22.61,47.29,50.875,27.58,382.1,23.11,32.29,30.0,23.62304101,14.35
2024-02-22 09:00:00,DC_5,24.4,38.8,30.26,31.18,430.54,24.4,38.8,30.0,30.91233268,0.86
2024-02-22 11:30:00,DC_5,21.66,50.08,49.12,64.59,637.0,23.16,35.08,34.12,59.47472375,7.92
2024-02-22 14:00:00,DC_5,23.29,59.42,41.52,64.24,733.29,23.29,44.42,30.0,60.96256276,5.1
2024-02-22 16:30:00,DC_5,21.59,62.03,56.56,109.81,970.15,23.09,47.03,41.56,104.02468,5.27
2024-02-22 19:00:00,DC_5,22.2,65.36,60.26,148.7,1053.78,23.2,50.36,45.26,143.3837654,3.58
2024-02-22 21:30:00,DC_5,23.08,53.12,58.89,90.0,927.45,23.08,45.12,43.89,86.69037303,3.68
2024-02-23 00:00:00,DC_5,16.07,61.15,57.69,82.55,742.41,18.57,46.15,42.69,75.04333706,9.09
2024-02-23 02:30:00,DC_5,23.02,42.4,41.83,35.46,549.85,23.02,42.4,41.83,35.45725615,0.01
2024-02-23 05:00:00,DC_5,22.5,43.34,38.07,35.31,476.75,23.0,30.0,30.0,34.84628901,1.31
2024-02-23 07:30:00,DC_5,21.88,44.86,34.2,25.37,401.02,23.38,30.0,30.0,23.50573453,7.35
2024-02-23 10:00:00,DC_5,22.62,48.48,34.86,27.78,470.12,23.12,33.48,30.0,25.44574958,8.4
2024-02-23 12:30:00,DC_5,27.41,40.91,40.34,35.95,655.84,27.41,40.91,40.34,35.94897104,0.0
2024-02-23 15:00:00,DC_5,23.43,53.98,51.48,77.91,826.31,23.43,45.98,36.48,76.91737982,1.27
2024-02-23 17:30:00,DC_5,16.87,71.25,66.36,143.87,1031.76,19.37,56.25,51.36,134.0373938,6.83
2024-02-23 20:00:00,DC_5,17.02,63.88,66.15,126.11,998.48,19.52,48.88,51.15,118.1051447,6.35
2024-02-23 22:30:00,DC_5,22.54,50.57,46.69,67.28,803.2,23.04,42.57,31.69,65.74528244,2.28
2024-02-24 01:00:00,DC_5,23.41,47.5,48.67,36.54,487.82,23.41,32.5,33.67,32.16256762,11.98
2024-02-24 03:30:00,DC_5,22.03,41.34,37.9,21.45,465.44,22.03,41.34,37.9,21.45,0.0
2024-02-24 06:00:00,DC_5,24.73,40.53,32.31,16.53,380.0,24.73,32.53,30.0,15.8809295,3.93
2024-02-24 08:30:00,DC_5,22.77,37.97,44.34,28.9,411.74,23.27,30.0,30.0,26.40356768,8.64
2024-02-24 11:00:00,DC_5,21.04,49.2,47.3,45.73,484.05,23.04,34.2,32.3,43.18272828,5.57
2024-02-24 13:30:00,DC_5,24.54,42.61,48.48,33.39,517.39,24.54,42.61,33.48,32.44898221,2.82
2024-02-24 16:00:00,DC_5,23.0,52.12,48.5,65.57,747.03,23.0,37.12,33.5,63.12942932,3.72
2024-02-24 18:30:00,DC_5,23.23,57.66,53.58,77.66,812.51,23.23,42.66,38.58,73.08114024,5.9
2024-02-24 21:00:00,DC_5,22.46,46.24,41.08,46.0,709.47,22.46,46.24,41.08,45.99882056,0.0
2024-02-24 23:30:00,DC_5,21.73,51.23,49.36,40.11,602.01,23.23,36.23,34.36,37.95241844,5.38
2024-02-25 02:00:00,DC_5,22.51,41.82,43.44,32.77,528.14,22.51,30.0,30.0,30.64456376,6.49
2024-02-25 04:30:00,DC_5,22.64,47.87,38.76,27.78,476.32,23.14,32.87,30.0,26.53838082,4.47
2024-02-25 07:00:00,DC_5,23.02,44.44,37.12,31.58,431.17,23.02,30.0,30.0,28.3016289,10.38
2024-02-25 09:30:00,DC_5,16.34,52.82,53.15,54.78,474.88,18.84,37.82,38.15,50.51973377,7.78
2024-02-25 12:00:00,DC_5,19.86,53.02,53.5,66.69,517.25,22.36,38.02,38.5,60.42470862,9.39
2024-02-25 14:30:00,DC_5,22.23,43.25,47.24,39.71,553.19,23.23,35.25,32.24,36.7480423,7.46
2024-02-25 17:00:00,DC_5,24.76,42.69,48.79,54.89,749.64,24.76,42.69,48.79,54.88750477,0.0
2024-02-25 19:30:00,DC_5,23.42,49.03,44.31,58.08,686.77,23.42,41.03,30.0,56.75422998,2.28
2024-02-25 22:00:00,DC_5,22.71,47.92,42.21,41.73,597.21,23.21,39.92,30.0,40.96073165,1.84
2024-02-26 00:30:00,DC_5,24.32,54.68,43.64,34.48,656.65,24.32,46.68,30.0,33.54430399,2.71
2024-02-26 03:00:00,DC_5,25.17,47.53,42.15,39.75,628.84,25.17,47.53,42.15,39.75,0.0
2024-02-26 05:30:00,DC_5,23.29,44.7,38.65,21.0,440.87,23.29,30.0,30.0,19.36910849,7.77
2024-02-26 08:00:00,DC_5,24.33,44.82,34.74,29.4,429.15,24.33,36.82,30.0,29.11967351,0.95
2024-02-26 10:30:00,DC_5,22.54,50.86,46.19,51.34,645.45,23.04,35.86,31.19,50.95536372,0.75
2024-02-26 13:00:00,DC_5,21.1,52.19,51.64,62.39,696.27,23.1,37.19,36.64,56.87214871,8.84
2024-02-26 15:30:00,DC_5,21.28,66.0,56.38,101.2,926.21,23.28,51.0,41.38,95.40702097,5.72
2024-02-26 18:00:00,DC_5,23.13,58.96,48.63,102.12,993.91,23.13,43.96,33.63,99.85516894,2.22
2024-02-26 20:30:00,DC_5,22.47,64.29,67.89,113.35,1059.04,23.47,49.29,52.89,109.53163,3.37
2024-02-26 23:00:00,DC_5,21.78,51.75,42.7,70.55,831.36,23.28,43.75,30.0,68.28101403,3.22
2024-02-27 01:30:00,DC_5,17.16,54.9,49.6,49.16,565.69,19.66,39.9,34.6,44.86070955,8.75
2024-02-27 04:00:00,DC_5,25.41,38.06,29.04,24.83,462.66,25.41,38.06,30.0,24.48215047,1.4
2024-02-27 06:30:00,DC_5,22.34,49.14,45.12,27.51,431.59,23.34,34.14,30.12,23.91005415,13.09
2024-02-27 09:00:00,DC_5,22.78,45.03,40.02,31.67,453.0,22.78,45.03,30.0,31.63600383,0.11
2024-02-27 11:30:00,DC_5,23.0,55.64,48.89,57.36,702.3,23.0,40.64,33.89,55.63252706,3.01
2024-02-27 14:00:00,DC_5,17.96,55.955,59.46,102.96,805.95,20.46,44.57,44.46,97.14529715,5.65
2024-02-27 16:30:00,DC_5,21.73,74.12,61.32,145.95,1133.08,23.23,59.12,46.32,139.2786392,4.57
2024-02-27 19:00:00,DC_5,21.99,60.25,62.96,134.82,1134.23,23.49,52.25,47.96,129.1008481,4.24
2024-02-27 21:30:00,DC_5,21.49,62.77,57.73,84.76,953.42,23.49,47.77,42.73,79.4632797,6.25
2024-02-28 00:00:00,DC_5,23.05,51.69,49.15,63.77,789.29,23.05,43.69,34.15,61.10469161,4.18
2024-02-28 02:30:00,DC_5,23.05,43.08,45.92,38.44,604.54,23.05,35.08,30.92,35.93243372,6.52
2024-02-28 05:00:00,DC_5,23.01,52.63,48.67,53.12,693.57,23.01,37.63,33.67,49.72637528,6.39
2024-02-28 07:30:00,DC_5,23.3,44.39,34.71,25.75,435.44,23.3,30.0,30.0,22.91574022,11.01
2024-02-28 10:00:00,DC_5,22.63,43.76,45.99,38.77,512.69,22.63,30.0,30.99,36.0626607,6.98
2024-02-28 12:30:00,DC_5,24.93,48.3,41.2,51.94,717.25,24.93,48.3,41.2,51.94,0.0
2024-02-28 15:00:00,DC_5,23.74,56.35,53.07,85.03,866.0,23.74,48.35,38.07,83.82248585,1.42
2024-02-28 17:30:00,DC_5,22.49,65.04,58.39,114.0,1048.82,23.49,50.04,43.39,109.5307459,3.92
2024-02-28 20:00:00,DC_5,21.23,68.4,58.81,111.72,1059.98,23.23,53.4,43.81,106.1720077,4.97
2024-02-28 22:30:00,DC_5,21.74,67.4,47.59,85.1,927.39,23.24,52.4,32.59,78.60733167,7.63
2024-02-29 01:00:00,DC_5,23.56,49.89,39.76,34.99,581.13,23.56,34.89,30.0,30.69458246,12.28
2024-02-29 03:30:00,DC_5,21.48,47.75,52.18,42.79,546.68,23.48,32.75,37.18,39.14791406,8.51
2024-02-29 06:00:00,DC_5,21.9,40.13,39.76,25.85,390.8,23.4,30.0,30.0,23.89069247,7.58
2024-02-29 08:30:00,DC_5,25.47,38.8,34.18,33.13,464.8,25.47,38.8,30.0,31.13024439,6.04
2024-02-29 11:00:00,DC_5,22.25,49.27,48.8,52.08,590.62,23.25,34.27,33.8,49.48286029,4.99
2024-02-29 13:30:00,DC_5,23.99,47.23,37.72,49.48,654.68,23.99,47.23,37.72,49.47548491,0.01
2024-02-29 16:00:00,DC_5,23.12,52.42,56.75,84.47,944.41,23.12,44.42,41.75,84.0126521,0.54
2024-02-29 18:30:00,DC_5,25.06,59.46,47.46,82.34,937.93,25.06,51.46,32.46,80.31695096,2.46
2024-02-29 21:00:00,DC_5,23.2,61.19,54.64,105.24,993.09,23.2,46.19,39.64,102.073878,3.01
2024-02-29 23:30:00,DC_5,22.75,54.95,46.21,64.58,777.04,23.25,39.95,31.21,61.62936478,4.57
2024-03-01 02:00:00,DC_5,23.33,59.6,51.16,82.26,640.23,23.33,44.6,36.16,79.09633763,3.85
2024-03-01 04:30:00,DC_5,23.36,55.01,47.24,44.92,508.06,23.36,40.01,32.24,42.24843584,5.95
2024-03-01 07:00:00,DC_5,22.44,48.43,50.35,39.68,371.06,23.44,33.43,35.35,36.51997981,7.96
2024-03-01 09:30:00,DC_5,23.45,49.69,41.32,49.74,453.58,23.45,34.69,30.0,47.18734826,5.13
2024-03-01 12:00:00,DC_5,23.0,61.95,57.1,102.8,759.49,23.0,46.95,42.1,97.67589743,4.98
2024-03-01 14:30:00,DC_5,23.16,65.51,55.73,118.91,785.45,23.16,50.51,40.73,116.1318573,2.34
2024-03-01 17:00:00,DC_5,22.71,72.16,68.44,161.26,1037.34,22.71,64.16,53.44,155.7797791,3.4
2024-03-01 19:30:00,DC_5,23.25,64.71,60.05,116.64,1043.04,23.25,49.71,45.05,113.6621588,2.55
2024-03-01 22:00:00,DC_5,21.58,64.25,58.1,135.89,997.17,23.08,49.25,43.1,126.6570215,6.79
2024-03-02 00:30:00,DC_5,24.16,54.69,41.73,59.71,603.37,24.16,39.69,30.0,56.81939168,4.84
2024-03-02 03:00:00,DC_5,23.52,46.93,43.67,45.39,490.18,23.52,31.93,30.0,44.15851135,2.71
2024-03-02 05:30:00,DC_5,23.57,46.17,42.48,32.18,427.73,23.57,31.17,30.0,29.8465328,7.25
2024-03-02 08:00:00,DC_5,24.32,45.02,46.32,37.63,426.5,24.32,37.02,31.32,35.90808422,4.58
2024-03-02 10:30:00,DC_5,28.94,45.43,42.74,48.35,459.75,28.94,45.43,42.74,48.35,0.0
2024-03-02 13:00:00,DC_5,21.65,61.19,53.53,78.27,559.46,23.15,46.19,38.53,74.92421145,4.27
2024-03-02 15:30:00,DC_5,23.67,49.78,46.24,85.12,598.12,23.67,34.78,31.24,83.16908168,2.29
2024-03-02 18:00:00,DC_5,24.88,57.08,54.05,104.45,795.57,24.88,49.08,39.05,102.4352232,1.93
2024-03-02 20:30:00,DC_5,21.61,51.51,62.65,107.34,816.42,23.11,43.51,47.65,103.4502185,3.62
2024-03-02 23:00:00,DC_5,23.85,56.29,46.83,60.37,635.72,23.85,41.29,31.83,59.03915423,2.2
2024-03-03 01:30:00,DC_5,21.42,51.28,45.03,53.5,541.67,22.42,51.28,30.03,51.20058018,4.3
2024-03-03 04:00:00,DC_5,21.12,55.75,53.78,53.09,495.77,23.12,40.75,38.78,49.42204863,6.91
2024-03-03 06:30:00,DC_5,22.77,55.43,51.4,36.83,416.83,23.27,40.43,36.4,34.57408865,6.13
2024-03-03 09:00:00,DC_5,22.38,54.66,52.85,47.61,438.94,23.38,39.66,37.85,44.13680072,7.3
2024-03-03 11:30:00,DC_5,28.99,50.34,47.46,43.95,525.06,28.99,50.34,47.46,43.94852657,0.0
2024-03-03 14:00:00,DC_5,24.86,57.11,50.3,68.5,583.25,24.86,42.11,35.3,65.77375128,3.98
2024-03-03 16:30:00,DC_5,22.37,62.06,63.71,119.17,789.35,23.37,47.06,48.71,113.00617,5.17
2024-03-03 19:00:00,DC_5,17.62,71.04,69.0,136.69,733.53,20.12,56.04,54.0,126.797124,7.24
2024-03-03 21:30:00,DC_5,22.16,60.31,51.96,86.68,685.57,23.16,45.31,36.96,83.35899715,3.83
2024-03-04 00:00:00,DC_5,23.02,52.18,60.74,104.32,798.77,23.02,37.18,45.74,102.3917226,1.85
2024-03-04 02:30:00,DC_5,20.13,65.56,57.46,106.39,791.95,22.63,50.56,42.46,99.44443536,6.53
2024-03-04 05:00:00,DC_5,23.36,49.3,49.03,34.02,411.86,23.36,34.3,34.03,32.80177201,3.58
2024-03-04 07:30:00,DC_5,23.29,57.0,45.82,38.1,438.08,23.29,42.0,30.82,35.92247444,5.72
2024-03-04 10:00:00,DC_5,24.84,55.955,47.18,47.56,506.5,24.84,34.63,32.18,45.60737768,4.11
2024-03-04 12:30:00,DC_5,24.74,61.03,51.28,112.58,766.43,24.74,46.03,36.28,109.8326619,2.44
2024-03-04 15:00:00,DC_5,16.75,72.93,75.87,189.34,890.43,19.25,57.93,60.87,174.4620947,7.86
2024-03-04 17:30:00,DC_5,21.21,68.69,62.23,161.35,985.96,23.21,53.69,47.23,151.6253032,6.03
2024-03-04 20:00:00,DC_5,27.55,58.17,52.87,86.93,937.47,27.55,58.17,52.87,86.92944769,0.0
2024-03-04 22:30:00,DC_5,28.04,55.06,50.51,97.01,850.59,28.04,55.06,50.51,97.01,0.0
2024-03-05 01:00:00,DC_5,21.93,55.23,49.8,60.11,679.7,23.43,40.23,34.8,56.34330503,6.27
2024-03-05 03:30:00,DC_5,20.56,57.78,49.4,65.48,580.47,23.06,42.78,34.4,60.57930513,7.48
2024-03-05 06:00:00,DC_5,23.73,43.44,42.79,41.09,479.81,23.73,35.44,30.0,38.83324056,5.49
2024-03-05 08:30:00,DC_5,22.85,55.45,43.06,42.61,419.54,23.35,40.45,30.0,39.5197774,7.25
2024-03-05 11:00:00,DC_5,22.59,48.53,50.81,70.76,569.63,23.09,33.53,35.81,68.29053436,3.49
2024-03-05 13:30:00,DC_5,27.45,61.55,52.35,90.57,713.1,27.45,61.55,52.35,90.57,0.0
2024-03-05 16:00:00,DC_5,23.21,67.22,53.42,145.98,961.21,23.21,52.22,38.42,139.9299691,4.14
2024-03-05 18:30:00,DC_5,23.19,66.46,65.27,207.85,1217.13,23.19,51.46,50.27,203.9673914,1.87
2024-03-05 21:00:00,DC_5,23.44,61.45,62.5,129.97,931.91,23.44,46.45,47.5,126.4295427,2.72
2024-03-05 23:30:00,DC_5,22.22,54.82,57.55,101.36,764.94,23.22,39.82,42.55,98.25522039,3.06
2024-03-06 02:00:00,DC_5,21.35,61.63,51.61,67.29,637.14,22.85,46.63,36.61,63.28969726,5.94
2024-03-06 04:30:00,DC_5,23.53,45.83,40.17,38.56,393.21,23.53,30.83,30.0,35.22634527,8.65
2024-03-06 07:00:00,DC_5,23.07,48.09,42.61,37.65,413.4,23.07,33.09,30.0,35.33711998,6.14
2024-03-06 09:30:00,DC_5,21.47,60.5,44.64,73.35,547.27,23.47,45.5,30.0,67.49817077,7.98
2024-03-06 12:00:00,DC_5,25.06,53.67,48.5,77.94,666.24,25.06,45.67,33.5,75.80270465,2.74
2024-03-06 14:30:00,DC_5,25.45,67.28,54.85,113.38,861.21,25.45,67.28,54.85,113.38,0.0
2024-03-06 17:00:00,DC_5,21.21,71.21,72.26,210.24,1182.93,23.21,56.21,57.26,198.9158007,5.39
2024-03-06 19:30:00,DC_5,24.38,69.09,54.41,135.1,908.91,24.38,69.09,54.41,135.0969455,0.0
2024-03-06 22:00:00,DC_5,22.8,63.61,57.41,111.73,878.74,23.3,48.61,42.41,109.0382031,2.41
2024-03-07 00:30:00,DC_5,23.72,64.48,52.74,78.39,734.27,23.72,49.48,37.74,74.65472717,4.76
2024-03-07 03:00:00,DC_5,23.03,49.96,40.95,48.49,504.85,23.03,34.96,30.0,45.63384171,5.89
2024-03-07 05:30:00,DC_5,24.21,52.87,38.32,37.62,424.97,24.21,37.87,30.0,35.75457125,4.96
2024-03-07 08:00:00,DC_5,23.64,53.83,47.73,50.07,479.66,23.64,38.83,32.73,47.55586818,5.02
2024-03-07 10:30:00,DC_5,22.18,52.58,56.44,58.08,482.21,23.18,37.58,41.44,53.98681822,7.05
2024-03-07 13:00:00,DC_5,22.94,59.61,61.75,93.24,729.34,23.44,44.61,46.75,90.57884641,2.85
2024-03-07 15:30:00,DC_5,22.97,71.03,57.97,178.24,1112.67,23.47,56.03,42.97,173.2650488,2.79
2024-03-07 18:00:00,DC_5,22.24,74.46,66.58,177.5,1103.51,22.24,74.46,66.58,177.5,0.0
2024-03-07 20:30:00,DC_5,24.37,61.68,60.37,127.22,951.51,24.37,53.68,45.37,124.155737,2.41
2024-03-07 23:00:00,DC_5,22.67,72.16,61.78,114.4,845.56,23.17,57.16,46.78,109.1734131,4.57
2024-03-08 01:30:00,DC_5,24.8,51.33,53.6,65.64,730.98,24.8,43.33,38.6,61.86352394,5.75
2024-03-08 04:00:00,DC_5,21.73,50.39,51.98,52.49,548.15,23.23,35.39,36.98,48.74390255,7.14
2024-03-08 06:30:00,DC_5,23.87,48.0,39.67,40.28,440.68,23.87,48.0,39.67,40.27683596,0.01
2024-03-08 09:00:00,DC_5,22.65,49.34,47.64,46.41,447.43,22.65,49.34,47.64,46.41,0.0
2024-03-08 11:30:00,DC_5,22.71,60.1,53.46,74.08,597.36,23.21,45.1,38.46,68.77177275,7.17
2024-03-08 14:00:00,DC_5,22.2,63.55,64.23,109.85,754.78,23.2,48.55,49.23,104.0654298,5.27
2024-03-08 16:30:00,DC_5,22.9,71.03,64.35,127.0,891.66,23.4,56.03,49.35,120.8689633,4.83
2024-03-08 19:00:00,DC_5,22.38,62.83,62.73,121.8,902.2,23.38,47.83,47.73,117.4586794,3.56
2024-03-08 21:30:00,DC_5,23.3,64.74,60.08,95.41,863.87,23.3,49.74,45.08,90.91315426,4.71
2024-03-09 00:00:00,DC_5,22.79,55.66,52.3,52.3,594.77,23.29,47.66,37.3,49.22792458,5.87
2024-03-09 02:30:00,DC_5,24.03,52.87,49.27,48.16,526.83,24.03,37.87,34.27,45.84671717,4.8
2024-03-09 05:00:00,DC_5,22.66,53.99,40.26,45.07,469.79,23.16,38.99,30.0,42.31225938,6.12
2024-03-09 07:30:00,DC_5,24.67,49.71,38.3,49.94,473.47,24.67,34.71,30.0,46.58793674,6.71
2024-03-09 10:00:00,DC_5,24.8,46.76,48.94,47.15,469.38,24.8,38.76,33.94,45.13156896,4.28
2024-03-09 12:30:00,DC_5,23.71,52.19,49.84,51.55,510.08,23.71,52.19,49.84,51.54852373,0.0
2024-03-09 15:00:00,DC_5,21.45,58.36,56.86,99.09,712.91,23.45,43.36,41.86,92.16299234,6.99
2024-03-09 17:30:00,DC_5,24.11,53.67,54.08,85.08,738.76,24.11,45.67,39.08,83.07852304,2.35
2024-03-09 20:00:00,DC_5,20.59,68.82,64.67,123.22,824.93,23.09,53.82,49.67,115.1048065,6.59
2024-03-09 22:30:00,DC_5,22.89,55.99,48.8,58.64,638.06,23.39,40.99,33.8,54.71888801,6.69
2024-03-10 01:00:00,DC_5,25.39,44.98,48.22,40.65,547.76,25.39,44.98,33.22,40.46113137,0.46
2024-03-10 03:30:00,DC_5,24.35,46.38,46.52,34.27,447.72,24.35,31.38,31.52,31.87764486,6.98
2024-03-10 06:00:00,DC_5,21.34,49.25,44.81,51.73,414.9,23.34,34.25,30.0,47.71178898,7.77
2024-03-10 08:30:00,DC_5,21.96,52.87,42.65,44.89,419.65,23.46,37.87,30.0,39.55778232,11.88
2024-03-10 11:00:00,DC_5,23.02,52.57,40.61,65.02,474.96,23.02,37.57,30.0,63.1632219,2.86
2024-03-10 13:30:00,DC_5,25.48,50.67,50.96,65.32,602.19,25.48,42.67,35.96,62.97361796,3.59
2024-03-10 16:00:00,DC_5,23.89,52.81,60.1,96.31,700.91,23.89,37.81,45.1,92.88491288,3.56
2024-03-10 18:30:00,DC_5,22.68,55.8,61.97,93.56,757.84,23.18,40.8,46.97,88.85516868,5.03
2024-03-10 21:00:00,DC_5,22.36,61.03,59.72,84.85,635.23,23.36,46.03,44.72,79.42449086,6.39
2024-03-10 23:30:00,DC_5,25.55,51.95,42.97,70.54,686.89,25.55,51.95,30.0,69.79708357,1.05
2024-03-11 02:00:00,DC_5,21.5,55.24,52.66,115.32,770.9,23.5,40.24,37.66,108.8352819,5.62
2024-03-11 04:30:00,DC_5,22.12,55.28,50.93,47.22,441.74,23.12,40.28,35.93,43.51173797,7.85
2024-03-11 07:00:00,DC_5,23.75,50.01,52.49,80.28,695.24,23.75,42.01,37.49,77.44896301,3.53
2024-03-11 09:30:00,DC_5,23.11,54.13,50.52,45.85,444.38,23.11,39.13,35.52,42.61992744,7.04
2024-03-11 12:00:00,DC_5,23.56,62.35,52.45,74.49,617.1,23.56,47.35,37.45,72.46955909,2.71
2024-03-11 14:30:00,DC_5,22.86,64.8,59.33,114.93,788.16,23.36,49.8,44.33,110.3686994,3.97
2024-03-11 17:00:00,DC_5,22.59,64.24,66.79,134.86,1018.69,23.09,49.24,51.79,129.9539144,3.64
2024-03-11 19:30:00,DC_5,22.58,64.3,62.93,128.97,863.97,23.08,49.3,47.93,123.799212,4.01
2024-03-11 22:00:00,DC_5,23.9,64.87,59.52,133.61,1019.33,23.9,49.87,44.52,130.1281405,2.61
2024-03-12 00:30:00,DC_5,24.69,51.27,50.93,72.78,764.96,24.69,51.27,35.93,70.60902301,2.98
2024-03-12 03:00:00,DC_5,22.62,50.1,38.98,47.9,551.13,23.12,35.1,30.0,44.83356134,6.4
2024-03-12 05:30:00,DC_5,21.01,52.24,46.89,42.52,396.78,23.01,37.24,31.89,38.72100846,8.93
2024-03-12 08:00:00,DC_5,22.26,53.62,46.86,55.25,452.28,23.26,38.62,31.86,52.22011903,5.48
2024-03-12 10:30:00,DC_5,23.7,58.69,52.29,80.71,646.2,23.7,43.69,37.29,77.23024243,4.31
2024-03-12 13:00:00,DC_5,21.6,72.54,59.33,117.63,787.59,23.1,57.54,44.33,110.9155215,5.71
2024-03-12 15:30:00,DC_5,22.99,63.13,55.2,117.19,931.67,23.49,48.13,40.2,112.3486866,4.13
2024-03-12 18:00:00,DC_5,23.29,70.98,68.12,163.57,1028.07,23.29,55.98,53.12,157.8972265,3.47
2024-03-12 20:30:00,DC_5,23.49,66.49,58.2,122.47,942.55,23.49,51.49,43.2,117.8872545,3.74
2024-03-12 23:00:00,DC_5,23.39,59.78,56.6,98.35,817.97,23.39,44.78,41.6,93.10120488,5.34
2024-03-13 01:30:00,DC_5,21.58,61.21,44.07,62.67,568.83,23.08,46.21,30.0,57.58109596,8.12
2024-03-13 04:00:00,DC_5,22.23,57.65,53.11,54.64,444.43,23.23,42.65,38.11,50.21761748,8.09
2024-03-13 06:30:00,DC_5,22.44,54.83,45.72,52.57,413.65,23.44,39.83,30.72,48.21188651,8.29
2024-03-13 09:00:00,DC_5,23.08,44.18,46.78,46.73,488.14,23.08,30.0,31.78,44.82452332,4.08
2024-03-13 11:30:00,DC_5,22.44,58.94,46.91,76.73,642.11,23.44,43.94,31.91,73.23466799,4.56
2024-03-13 14:00:00,DC_5,23.45,61.5,50.33,74.36,663.89,23.45,46.5,35.33,70.07521905,5.76
2024-03-13 16:30:00,DC_5,23.39,69.4,67.19,174.06,1028.62,23.39,54.4,52.19,169.1824969,2.8
2024-03-13 19:00:00,DC_5,22.7,73.78,68.8,203.33,1186.75,23.2,58.78,53.8,197.0187583,3.1
2024-03-13 21:30:00,DC_5,23.28,56.6,60.6,106.17,923.26,23.28,41.6,45.6,104.7213979,1.36
2024-03-14 00:00:00,DC_5,21.69,61.66,64.78,100.28,843.53,23.19,46.66,49.78,95.15928567,5.11
2024-03-14 02:30:00,DC_5,22.48,47.55,45.1,65.15,565.75,22.98,32.55,30.1,63.46272134,2.59
2024-03-14 05:00:00,DC_5,22.7,50.58,50.79,32.78,417.99,23.2,35.58,35.79,29.38189041,10.37
2024-03-14 07:30:00,DC_5,22.82,53.39,49.37,51.84,488.46,23.32,38.39,34.37,45.8770814,11.5
2024-03-14 10:00:00,DC_5,21.09,49.02,47.91,61.88,578.93,23.09,34.02,32.91,57.00805745,7.87
2024-03-14 12:30:00,DC_5,23.43,58.08,57.86,74.45,682.95,23.43,43.08,42.86,71.27784987,4.26
2024-03-14 15:00:00,DC_5,23.66,60.64,64.22,118.77,920.33,23.66,45.64,49.22,115.635947,2.64
2024-03-14 17:30:00,DC_5,23.38,64.59,56.26,133.62,965.59,23.38,49.59,41.26,131.8681752,1.31
2024-03-14 20:00:00,DC_5,28.03,67.71,53.55,149.5,1093.82,28.03,67.71,53.55,149.5,0.0
2024-03-14 22:30:00,DC_5,23.85,61.24,57.29,95.48,778.23,23.85,46.24,42.29,91.83548132,3.82
2024-03-15 01:00:00,DC_5,23.54,61.97,54.47,71.06,759.28,23.54,46.97,39.47,67.92512415,4.41
2024-03-15 03:30:00,DC_5,23.45,52.41,41.31,50.67,506.97,23.45,37.41,30.0,47.6372826,5.99
2024-03-15 06:00:00,DC_5,21.36,58.37,44.4,50.0,449.07,23.36,43.37,30.0,45.83492349,8.33
2024-03-15 08:30:00,DC_5,23.11,52.64,47.25,43.65,381.86,23.11,37.64,32.25,40.81010591,6.51
2024-03-15 11:00:00,DC_5,23.55,61.06,49.59,79.99,605.19,23.55,46.06,34.59,77.18437593,3.51
2024-03-15 13:30:00,DC_5,22.8,64.06,61.65,106.34,755.51,23.3,49.06,46.65,102.5144436,3.6
2024-03-15 16:00:00,DC_5,17.26,74.18,76.04,210.94,982.12,19.76,59.18,61.04,192.9413494,8.53
2024-03-15 18:30:00,DC_5,21.12,65.67,66.64,153.28,933.24,23.12,50.67,51.64,142.7035838,6.9
2024-03-15 21:00:00,DC_5,16.62,70.33,64.48,198.18,921.19,19.12,55.33,49.48,184.757584,6.77
2024-03-15 23:30:00,DC_5,23.26,52.26,58.89,101.0,785.22,23.26,44.26,43.89,97.65076696,3.32
2024-03-16 02:00:00,DC_5,23.95,48.5,41.85,46.83,485.36,23.95,40.5,30.0,45.50326725,2.83
2024-03-16 04:30:00,DC_5,20.75,55.19,48.37,52.15,477.83,23.25,40.19,33.37,48.48297633,7.03
2024-03-16 07:00:00,DC_5,21.88,46.71,46.45,41.37,418.55,23.38,31.71,31.45,37.20475396,10.07
2024-03-16 09:30:00,DC_5,21.99,47.77,46.92,54.75,463.24,23.49,32.77,31.92,51.36288935,6.19
2024-03-16 12:00:00,DC_5,17.83,62.94,59.53,94.91,579.75,20.33,47.94,44.53,87.43938894,7.87
2024-03-16 14:30:00,DC_5,23.93,59.88,49.35,85.35,621.1,23.93,44.88,34.35,82.45900362,3.39
2024-03-16 17:00:00,DC_5,23.93,57.57,53.88,88.63,667.57,23.93,42.57,38.88,84.97078382,4.13
2024-03-16 19:30:00,DC_5,23.11,69.99,47.56,102.86,750.05,23.11,54.99,32.56,97.62314526,5.09
2024-03-16 22:00:00,DC_5,21.97,58.9,57.63,99.84,728.56,23.47,43.9,42.63,95.94301513,3.9
2024-03-17 00:30:00,DC_5,24.46,58.84,47.38,55.29,563.64,24.46,43.84,32.38,51.94562731,6.05
2024-03-17 03:00:00,DC_5,22.23,57.04,49.73,57.12,480.85,23.23,42.04,34.73,52.86092288,7.46
2024-03-17 05:30:00,DC_5,23.93,49.62,52.62,49.31,589.41,23.93,41.62,37.62,46.7565911,5.18
2024-03-17 08:00:00,DC_5,22.98,53.12,44.61,39.7,413.68,23.48,38.12,30.0,37.35878888,5.9
2024-03-17 10:30:00,DC_5,23.31,47.62,47.07,54.93,521.36,23.31,32.62,32.07,52.13109135,5.1
2024-03-17 13:00:00,DC_5,23.97,54.05,48.93,69.83,572.38,23.97,39.05,33.93,67.26092855,3.68
2024-03-17 15:30:00,DC_5,24.09,59.84,52.38,85.28,638.47,24.09,59.84,52.38,85.27713466,0.0
2024-03-17 18:00:00,DC_5,27.1,51.08,53.56,71.74,719.79,27.1,51.08,53.56,71.74,0.0
2024-03-17 20:30:00,DC_5,22.44,62.69,49.96,97.72,747.5,23.44,47.69,34.96,93.91993004,3.89
2024-03-17 23:00:00,DC_5,21.85,59.63,62.58,89.69,767.68,23.35,44.63,47.58,84.98997851,5.24
2024-03-18 01:30:00,DC_5,25.98,48.25,42.01,60.66,657.12,25.98,48.25,42.01,60.65818294,0.0
2024-03-18 04:00:00,DC_5,22.69,54.3,49.49,58.57,600.71,23.19,39.3,34.49,54.91071691,6.25
2024-03-18 06:30:00,DC_5,23.67,47.94,40.38,39.12,414.74,23.67,32.94,30.0,35.62864421,8.92
2024-03-18 09:00:00,DC_5,20.86,56.74,50.17,55.77,424.69,23.36,41.74,35.17,50.71716986,9.06
2024-03-18 11:30:00,DC_5,22.67,54.84,52.29,75.34,639.77,23.17,39.84,37.29,72.02982446,4.39
2024-03-18 14:00:00,DC_5,23.62,62.14,51.48,127.94,930.39,23.62,47.14,36.48,124.9183551,2.36
2024-03-18 16:30:00,DC_5,25.72,74.7,65.18,138.76,1005.48,25.72,59.7,50.18,132.1472065,4.77
2024-03-18 19:00:00,DC_5,21.21,70.08,71.65,171.2,944.43,23.21,55.08,56.65,161.2011671,5.84
2024-03-18 21:30:00,DC_5,20.15,57.97,66.16,129.26,856.36,22.65,42.97,51.16,119.4554263,7.59
2024-03-19 00:00:00,DC_5,22.3,59.26,55.9,102.93,774.26,23.3,44.26,40.9,99.04046012,3.78
2024-03-19 02:30:00,DC_5,24.42,55.67,48.78,79.3,791.03,24.42,47.67,33.78,78.36952782,1.17
2024-03-19 05:00:00,DC_5,22.37,52.29,42.41,43.42,438.59,23.37,37.29,30.0,40.91653046,5.77
2024-03-19 07:30:00,DC_5,23.25,55.3,46.61,50.85,505.26,23.25,40.3,31.61,49.23441331,3.18
2024-03-19 10:00:00,DC_5,27.07,46.82,41.62,55.15,543.71,27.07,46.82,30.0,52.57559411,4.67
2024-03-19 12:30:00,DC_5,23.88,63.0,58.55,130.91,937.87,23.88,48.0,43.55,124.0422425,5.25
2024-03-19 15:00:00,DC_5,23.41,60.33,60.55,148.17,904.44,23.41,45.33,45.55,145.336957,1.91
2024-03-19 17:30:00,DC_5,22.59,76.51,68.07,198.01,1181.4,23.09,61.51,53.07,191.6709216,3.2
2024-03-19 20:00:00,DC_5,23.56,61.98,56.4,129.75,940.84,23.56,61.98,41.4,126.3969547,2.58
2024-03-19 22:30:00,DC_5,22.08,62.29,55.61,98.0,781.78,23.08,47.29,40.61,95.20470092,2.85
2024-03-20 01:00:00,DC_5,21.81,57.9,42.69,56.86,626.26,23.31,42.9,30.0,52.47969855,7.7
2024-03-20 03:30:00,DC_5,23.13,53.78,46.91,40.82,541.53,23.13,38.78,31.91,38.57570472,5.5
2024-03-20 06:00:00,DC_5,23.05,49.03,42.97,38.57,457.39,23.05,34.03,30.0,36.25033119,6.01
2024-03-20 08:30:00,DC_5,20.56,55.955,55.47,52.12,402.57,23.06,38.43,40.47,46.71201086,10.38
2024-03-20 11:00:00,DC_5,22.99,50.08,52.51,73.69,612.19,23.49,35.08,37.51,72.22164106,1.99
2024-03-20 13:30:00,DC_5,24.21,57.93,51.27,93.74,670.47,24.21,42.93,36.27,89.30629774,4.73
2024-03-20 16:00:00,DC_5,20.44,81.18,62.17,172.49,966.18,22.94,66.18,47.17,158.8984205,7.88
2024-03-20 18:30:00,DC_5,22.99,68.93,55.22,125.11,957.34,23.49,53.93,40.22,122.6601323,1.96
2024-03-20 21:00:00,DC_5,21.98,55.48,63.55,109.01,874.94,23.48,47.48,48.55,102.8297034,5.67
2024-03-20 23:30:00,DC_5,23.51,64.35,57.7,151.9,1114.18,23.51,56.35,42.7,149.8367846,1.36
2024-03-21 02:00:00,DC_5,22.3,54.81,52.2,71.24,610.75,23.3,39.81,37.2,68.20170424,4.26
2024-03-21 04:30:00,DC_5,22.11,45.34,39.95,36.66,395.93,23.11,30.34,30.0,35.11839115,4.21
2024-03-21 07:00:00,DC_5,24.4,47.12,42.81,39.1,401.99,24.4,32.12,30.0,35.72975647,8.62
2024-03-21 09:30:00,DC_5,21.66,51.87,44.85,62.85,502.75,23.16,36.87,30.0,58.96645665,6.18
2024-03-21 12:00:00,DC_5,23.89,63.75,55.39,123.36,834.67,23.89,48.75,40.39,119.2903481,3.3
2024-03-21 14:30:00,DC_5,25.66,55.08,53.7,96.98,753.68,25.66,47.08,38.7,94.84845706,2.2
2024-03-21 17:00:00,DC_5,21.04,78.57,76.06,218.64,1119.75,23.04,63.57,61.06,203.9276027,6.73
2024-03-21 19:30:00,DC_5,22.55,58.6,57.94,138.52,946.88,23.05,58.6,42.94,136.7647387,1.27
2024-03-21 22:00:00,DC_5,27.02,59.91,50.2,74.94,859.28,27.02,59.91,35.2,72.48844568,3.27
2024-03-22 00:30:00,DC_5,23.58,53.03,58.39,81.54,826.73,23.58,45.03,43.39,80.78338926,0.93
2024-03-22 03:00:00,DC_5,23.53,48.47,46.82,49.09,572.22,23.53,40.47,31.82,46.68944471,4.89
2024-03-22 05:30:00,DC_5,22.69,41.0,45.33,40.24,473.79,22.69,41.0,45.33,40.2396644,0.0
2024-03-22 08:00:00,DC_5,24.19,57.2,37.51,49.01,481.33,24.19,42.2,30.0,45.50441475,7.15
2024-03-22 10:30:00,DC_5,24.35,55.5,42.06,60.08,512.13,24.35,40.5,30.0,56.29217844,6.3
2024-03-22 13:00:00,DC_5,22.66,53.81,56.72,106.78,729.61,23.16,38.81,41.72,103.4503832,3.12
2024-03-22 15:30:00,DC_5,24.85,63.52,62.55,122.46,887.91,24.85,48.52,47.55,118.7733676,3.01
2024-03-22 18:00:00,DC_5,16.91,76.36,74.64,201.69,1043.17,19.41,61.36,59.64,185.0956856,8.23
2024-03-22 20:30:00,DC_5,24.68,68.64,51.37,119.34,913.69,24.68,53.64,36.37,114.9671716,3.66
2024-03-22 23:00:00,DC_5,22.44,60.28,57.4,102.31,818.15,23.44,45.28,42.4,97.02409308,5.17
2024-03-23 01:30:00,DC_5,24.23,47.19,43.85,39.77,423.43,24.23,32.19,30.0,36.97208326,7.04
2024-03-23 04:00:00,DC_5,23.12,50.33,43.98,39.21,453.2,23.12,35.33,30.0,36.80789508,6.13
2024-03-23 06:30:00,DC_5,28.54,38.45,45.24,37.54,405.55,28.54,38.45,45.24,37.53817662,0.0
2024-03-23 09:00:00,DC_5,27.93,45.76,43.82,37.56,396.48,27.93,45.76,43.82,37.55587769,0.01
2024-03-23 11:30:00,DC_5,23.23,57.14,50.21,71.54,563.9,23.23,42.14,35.21,67.17156273,6.11
2024-03-23 14:00:00,DC_5,21.93,51.68,57.46,91.73,637.85,23.43,36.68,42.46,84.93713195,7.41
2024-03-23 16:30:00,DC_5,22.26,64.42,56.01,90.13,691.85,23.26,49.42,41.01,86.10798559,4.46
2024-03-23 19:00:00,DC_5,22.63,58.46,59.71,90.54,737.48,23.13,43.46,44.71,88.49083366,2.26
2024-03-23 21:30:00,DC_5,23.98,54.33,57.17,90.8,746.56,23.98,46.33,42.17,89.12480706,1.84
2024-03-24 00:00:00,DC_5,22.39,58.96,64.38,69.32,658.73,23.39,43.96,49.38,64.84020507,6.46
2024-03-24 02:30:00,DC_5,24.4,52.91,43.77,41.15,481.39,24.4,37.91,30.0,38.26937814,7.0
2024-03-24 05:00:00,DC_5,23.67,47.92,40.9,42.51,440.59,23.67,32.92,30.0,39.43134677,7.24
2024-03-24 07:30:00,DC_5,22.68,46.66,43.94,40.45,425.0,23.18,31.66,30.0,38.2929834,5.33
2024-03-24 10:00:00,DC_5,22.33,48.32,45.95,42.96,472.69,23.33,33.32,30.95,39.60676195,7.81
2024-03-24 12:30:00,DC_5,22.51,51.12,44.39,62.26,511.92,23.01,36.12,30.0,59.7426129,4.04
2024-03-24 15:00:00,DC_5,21.53,54.91,62.6,76.91,572.83,23.03,39.91,47.6,72.04851667,6.32
2024-03-24 17:30:00,DC_5,22.53,61.7,55.96,97.73,744.11,23.03,46.7,40.96,95.23160254,2.56
2024-03-24 20:00:00,DC_5,22.74,50.84,50.51,82.18,633.05,23.24,35.84,35.51,76.85677898,6.48
2024-03-24 22:30:00,DC_5,22.95,59.0,57.89,88.94,662.58,23.45,44.0,42.89,85.76263324,3.57
2024-03-25 01:00:00,DC_5,25.59,48.71,41.68,45.15,607.07,25.59,48.71,41.68,45.14589796,0.01
2024-03-25 03:30:00,DC_5,23.26,44.48,44.47,40.46,484.41,23.26,30.0,30.0,39.63840565,2.03
2024-03-25 06:00:00,DC_5,22.75,50.41,39.13,38.15,401.98,23.25,35.41,30.0,35.78801271,6.19
2024-03-25 08:30:00,DC_5,24.16,52.89,49.3,48.5,455.69,24.16,37.89,34.3,46.20387645,4.73
2024-03-25 11:00:00,DC_5,23.0,49.9,48.6,49.3,486.96,23.5,34.9,33.6,46.78294132,5.11
2024-03-25 13:30:00,DC_5,22.21,60.12,56.26,116.13,745.18,23.21,45.12,41.26,110.694298,4.68
2024-03-25 16:00:00,DC_5,28.28,71.34,58.51,157.34,1075.04,28.28,71.34,58.51,157.34,0.0
2024-03-25 18:30:00,DC_5,23.56,72.52,58.17,146.95,998.32,23.56,57.52,43.17,142.9039493,2.75
2024-03-25 21:00:00,DC_5,23.89,72.15,55.93,137.18,918.35,23.89,57.15,40.93,133.0655997,3.0
2024-03-25 23:30:00,DC_5,21.94,55.955,69.57,103.48,866.49,23.44,51.2,54.57,97.58016278,5.7
2024-03-26 02:00:00,DC_5,22.27,49.89,45.22,64.95,619.64,23.27,34.89,30.22,62.37287183,3.97
2024-03-26 04:30:00,DC_5,17.4,56.6,42.82,59.24,442.62,19.9,41.6,30.0,55.4153984,6.46
2024-03-26 07:00:00,DC_5,23.38,51.34,43.38,61.45,575.81,23.38,36.34,30.0,60.12912347,2.15
2024-03-26 09:30:00,DC_5,23.6,55.68,46.1,41.9,450.26,23.6,40.68,31.1,40.78496965,2.66
2024-03-26 12:00:00,DC_5,24.95,50.49,45.35,77.63,652.6,24.95,42.49,30.35,76.63695059,1.28
2024-03-26 14:30:00,DC_5,24.26,62.55,57.72,111.28,772.23,24.26,47.55,42.72,105.6118431,5.09
2024-03-26 17:00:00,DC_5,21.24,72.8,63.22,189.4,1012.05,23.24,57.8,48.22,179.2789728,5.34
2024-03-26 19:30:00,DC_5,23.72,64.32,59.52,141.21,1034.74,23.72,64.32,59.52,141.21,0.0
2024-03-26 22:00:00,DC_5,22.52,63.79,54.11,89.12,827.71,23.02,48.79,39.11,85.14567213,4.46
2024-03-27 00:30:00,DC_5,21.58,54.66,48.42,88.7,684.37,23.08,39.66,33.42,84.69832395,4.51
2024-03-27 03:00:00,DC_5,22.95,45.61,52.88,44.51,532.5,23.45,37.61,37.88,43.07663813,3.22
2024-03-27 05:30:00,DC_5,20.95,48.67,53.15,48.57,426.57,23.45,48.67,38.15,44.59349881,8.19
2024-03-27 08:00:00,DC_5,23.06,45.03,48.04,35.06,425.64,23.06,30.03,33.04,33.12168255,5.53
2024-03-27 10:30:00,DC_5,22.06,51.71,56.66,53.36,514.57,23.06,36.71,41.66,51.2887938,3.88
2024-03-27 13:00:00,DC_5,23.38,55.88,52.96,86.45,764.68,23.38,40.88,37.96,84.25769425,2.54
2024-03-27 15:30:00,DC_5,21.95,62.82,68.2,144.49,907.65,23.45,47.82,53.2,138.8585446,3.9
2024-03-27 18:00:00,DC_5,21.28,69.63,73.24,159.86,1063.67,23.28,54.63,58.24,151.280632,5.37
2024-03-27 20:30:00,DC_5,23.1,64.62,58.29,107.92,918.58,23.1,49.62,43.29,104.7732377,2.92
2024-03-27 23:00:00,DC_5,25.24,58.68,52.61,112.57,1011.64,25.24,58.68,37.61,111.4442241,1.0
2024-03-28 01:30:00,DC_5,23.68,52.09,51.54,67.95,675.75,23.68,44.09,36.54,65.48719522,3.62
2024-03-28 04:00:00,DC_5,23.96,52.17,35.45,52.28,510.95,23.96,37.17,30.0,49.86837633,4.61
2024-03-28 06:30:00,DC_5,24.06,48.71,42.86,33.84,448.15,24.06,33.71,30.0,31.83784383,5.92
2024-03-28 09:00:00,DC_5,24.32,59.38,47.43,47.48,496.03,24.32,44.38,32.43,45.93538347,3.25
2024-03-28 11:30:00,DC_5,21.54,57.46,57.15,72.49,560.05,23.04,42.46,42.15,67.36310823,7.07
2024-03-28 14:00:00,DC_5,24.65,61.66,49.68,87.75,679.62,24.65,46.66,34.68,85.1475902,2.97
2024-03-28 16:30:00,DC_5,26.2,52.67,55.81,157.67,1067.0,26.2,52.67,55.81,157.67,0.0
2024-03-28 19:00:00,DC_5,22.97,58.11,58.36,144.47,965.14,22.97,43.11,43.36,140.9799426,2.42
2024-03-28 21:30:00,DC_5,22.36,58.01,59.47,96.21,803.97,23.36,43.01,44.47,90.98722298,5.43
2024-03-29 00:00:00,DC_5,27.74,49.59,46.04,80.69,756.04,27.74,49.59,46.04,80.68960782,0.0
2024-03-29 02:30:00,DC_5,22.53,51.21,47.78,51.96,584.02,23.03,36.21,32.78,48.67890531,6.31
2024-03-29 05:00:00,DC_5,25.12,52.92,37.69,38.77,419.37,25.12,37.92,30.0,36.74046273,5.23
2024-03-29 07:30:00,DC_5,22.6,43.44,47.25,42.4,452.03,23.1,30.0,32.25,40.67252726,4.07
2024-03-29 10:00:00,DC_5,24.16,57.5,44.11,49.59,526.65,24.16,42.5,30.0,46.00400854,7.23
2024-03-29 12:30:00,DC_5,23.83,56.84,52.73,78.12,700.12,23.83,41.84,37.73,75.94409312,2.79
2024-03-29 15:00:00,DC_5,22.12,76.11,68.59,163.2,1029.92,23.12,61.11,53.59,154.7339189,5.19
2024-03-29 17:30:00,DC_5,23.82,71.61,63.92,194.72,1152.98,23.82,56.61,48.92,189.587823,2.64
2024-03-29 20:00:00,DC_5,24.37,61.45,60.27,107.15,936.48,24.37,53.45,45.27,105.609274,1.44
2024-03-29 22:30:00,DC_5,27.79,59.34,49.07,101.12,913.05,27.79,59.34,49.07,101.12,0.0
2024-03-30 01:00:00,DC_5,24.07,48.09,44.94,55.79,555.04,24.07,40.09,30.0,54.56163916,2.2
2024-03-30 03:30:00,DC_5,24.34,45.34,43.13,35.25,481.15,24.34,37.34,30.0,34.05583389,3.39
2024-03-30 06:00:00,DC_5,24.78,46.17,43.98,30.65,438.91,24.78,46.17,43.98,30.65,0.0
2024-03-30 08:30:00,DC_5,21.08,59.41,43.59,52.02,405.69,23.08,44.41,30.0,45.10825092,13.29
2024-03-30 11:00:00,DC_5,22.36,57.93,49.85,53.21,450.97,23.36,42.93,34.85,49.884942,6.25
2024-03-30 13:30:00,DC_5,24.24,61.55,54.46,73.21,621.81,24.24,46.55,39.46,70.43655853,3.79
2024-03-30 16:00:00,DC_5,26.06,55.46,56.61,87.89,677.49,26.06,55.46,56.61,87.89,0.0
2024-03-30 18:30:00,DC_5,22.27,60.75,60.69,106.12,731.58,23.27,45.75,45.69,98.76786032,6.93
2024-03-30 21:00:00,DC_5,24.03,60.13,55.69,93.93,764.31,24.03,45.13,40.69,90.95641082,3.17
2024-03-30 23:30:00,DC_5,24.38,55.47,43.42,61.43,625.06,24.38,40.47,30.0,57.37347647,6.6
2024-03-31 02:00:00,DC_5,23.28,49.82,51.61,49.32,499.74,23.28,34.82,36.61,46.19151511,6.34
2024-03-31 04:30:00,DC_5,23.27,48.23,30.66,40.08,416.37,23.27,33.23,30.0,38.60617971,3.68
2024-03-31 07:00:00,DC_5,25.03,43.37,39.84,29.32,450.11,25.03,35.37,30.0,29.1667622,0.52
2024-03-31 09:30:00,DC_5,22.89,66.48,46.59,54.63,396.77,23.39,51.48,31.59,49.91561973,8.63
2024-03-31 12:00:00,DC_5,22.12,56.3,53.34,75.17,568.43,23.12,41.3,38.34,70.12022447,6.72
2024-03-31 14:30:00,DC_5,23.77,61.82,46.65,68.66,642.26,23.77,46.82,31.65,67.14483812,2.21
2024-03-31 17:00:00,DC_5,23.22,59.93,57.03,130.78,828.82,23.22,44.93,42.03,126.7835226,3.06
2024-03-31 19:30:00,DC_5,21.88,60.09,54.01,107.28,784.33,23.38,45.09,39.01,103.9810851,3.08
2024-03-31 22:00:00,DC_5,24.4,58.32,42.09,68.49,648.99,24.4,43.32,30.0,65.92950293,3.74
2024-04-01 00:30:00,DC_5,23.75,62.48,45.72,86.62,741.92,23.75,47.48,30.72,84.12252488,2.88
2024-04-01 03:00:00,DC_5,22.73,50.23,53.64,42.82,531.57,23.23,35.23,38.64,41.42839795,3.25
2024-04-01 05:30:00,DC_5,25.35,43.07,38.13,51.13,528.96,25.35,43.07,38.13,51.13,0.0
2024-04-01 08:00:00,DC_5,23.37,52.19,41.15,45.39,458.5,23.37,37.19,30.0,43.10975697,5.02
2024-04-01 10:30:00,DC_5,22.94,53.85,49.36,60.73,513.69,23.44,38.85,34.36,55.97705251,7.83
2024-04-01 13:00:00,DC_5,24.79,63.85,57.86,100.99,788.77,24.79,48.85,42.86,98.87829988,2.09
2024-04-01 15:30:00,DC_5,21.55,68.28,69.47,187.4,995.96,23.05,53.28,54.47,178.5984796,4.7
2024-04-01 18:00:00,DC_5,24.95,67.04,57.93,127.87,1012.06,24.95,59.04,42.93,124.8313718,2.38
2024-04-01 20:30:00,DC_5,22.54,63.4,61.45,131.47,913.67,23.04,48.4,46.45,128.1248804,2.54
2024-04-01 23:00:00,DC_5,23.68,55.8,54.09,81.52,734.61,23.68,40.8,39.09,77.3831384,5.07
2024-04-02 01:30:00,DC_5,21.84,59.49,56.51,73.8,681.02,23.34,44.49,41.51,69.51605225,5.8
2024-04-02 04:00:00,DC_5,22.07,50.0,42.82,37.93,453.05,22.07,50.0,42.82,37.93,0.0
2024-04-02 06:30:00,DC_5,22.4,45.95,44.2,33.36,410.31,23.4,30.95,30.0,31.68095974,5.03
2024-04-02 09:00:00,DC_5,22.98,49.75,47.07,41.04,440.52,23.48,34.75,32.07,39.09637382,4.74
2024-04-02 11:30:00,DC_5,22.67,55.39,51.32,76.76,658.87,23.17,40.39,36.32,73.85876931,3.78
2024-04-02 14:00:00,DC_5,17.33,67.5,62.74,144.5,731.53,19.83,52.5,47.74,133.7963581,7.41
2024-04-02 16:30:00,DC_5,22.31,70.18,60.98,142.38,988.03,23.31,55.18,45.98,135.4116111,4.89
2024-04-02 19:00:00,DC_5,21.79,71.31,65.37,140.4,984.75,23.29,56.31,50.37,132.5151302,5.62
2024-04-02 21:30:00,DC_5,23.04,60.22,64.21,127.76,1011.93,23.04,45.22,49.21,123.7828697,3.11
2024-04-03 00:00:00,DC_5,22.56,54.61,56.76,71.03,757.62,23.06,39.61,41.76,67.29092853,5.26
2024-04-03 02:30:00,DC_5,23.38,48.91,51.46,89.42,826.48,23.38,40.91,36.46,88.58884364,0.93
2024-04-03 05:00:00,DC_5,20.94,47.13,46.95,46.77,453.08,23.44,32.13,31.95,43.31263967,7.39
2024-04-03 07:30:00,DC_5,24.12,45.64,42.1,38.84,454.7,24.12,37.64,30.0,36.90539839,4.98
2024-04-03 10:00:00,DC_5,22.64,53.63,53.75,55.4,539.68,23.14,38.63,38.75,50.62604217,8.62
2024-04-03 12:30:00,DC_5,23.77,58.02,57.08,114.4,795.03,23.77,43.02,42.08,112.5145533,1.65
2024-04-03 15:00:00,DC_5,23.47,67.75,62.05,150.13,907.83,23.47,52.75,47.05,145.0730269,3.37
2024-04-03 17:30:00,DC_5,23.24,63.5,69.21,182.47,1190.59,23.24,63.5,69.21,182.47,0.0
2024-04-03 20:00:00,DC_5,23.67,66.17,62.3,156.92,985.2,23.67,51.17,47.3,152.37543,2.9
2024-04-03 22:30:00,DC_5,22.71,62.07,45.61,104.0,821.79,23.21,47.07,30.61,100.0615874,3.79
2024-04-04 01:00:00,DC_5,23.63,51.69,46.58,57.08,626.41,23.63,36.69,31.58,56.12044397,1.68
2024-04-04 03:30:00,DC_5,23.55,44.2,44.01,33.31,426.48,23.55,44.2,30.0,32.53797417,2.32
2024-04-04 06:00:00,DC_5,23.13,46.44,42.95,35.22,385.76,23.13,31.44,30.0,32.94151262,6.47
2024-04-04 08:30:00,DC_5,25.04,45.45,39.03,36.27,400.84,25.04,37.45,30.0,36.2500237,0.06
2024-04-04 11:00:00,DC_5,22.37,53.58,49.08,73.66,649.27,23.37,38.58,34.08,68.77136584,6.64
2024-04-04 13:30:00,DC_5,24.54,62.96,56.0,89.12,717.64,24.54,47.96,41.0,84.27288913,5.44
2024-04-04 16:00:00,DC_5,23.53,70.63,48.41,110.88,816.99,23.53,55.63,33.41,105.9560186,4.44
2024-04-04 18:30:00,DC_5,20.21,68.18,69.03,201.43,1090.42,22.71,53.18,54.03,186.6087643,7.36
2024-04-04 21:00:00,DC_5,24.02,59.48,53.62,138.19,957.78,24.02,51.48,38.62,136.4830916,1.24
2024-04-04 23:30:00,DC_5,25.57,48.02,44.2,75.11,846.16,25.57,48.02,44.2,75.11,0.0
2024-04-05 02:00:00,DC_5,20.37,51.83,49.07,61.68,506.99,22.87,36.83,34.07,57.40701719,6.93
2024-04-05 04:30:00,DC_5,22.62,48.38,48.78,38.91,455.65,23.12,33.38,33.78,35.79259454,8.01
2024-04-05 07:00:00,DC_5,24.06,45.34,43.13,43.21,465.12,24.06,37.34,30.0,41.38209284,4.23
2024-04-05 09:30:00,DC_5,17.66,66.22,51.89,66.32,515.56,20.16,51.22,36.89,59.09501852,10.89
2024-04-05 12:00:00,DC_5,22.02,61.49,53.29,79.11,594.13,22.52,46.49,38.29,73.40364372,7.21
2024-04-05 14:30:00,DC_5,28.39,61.68,46.67,94.79,732.96,28.39,61.68,31.67,92.04807829,2.89
2024-04-05 17:00:00,DC_5,27.21,63.67,64.24,153.72,1143.2,27.21,63.67,64.24,153.7187458,0.0
2024-04-05 19:30:00,DC_5,24.09,64.66,60.06,131.48,926.35,24.09,49.66,45.06,127.8324628,2.77
2024-04-05 22:00:00,DC_5,23.3,65.19,55.11,105.28,871.47,23.3,50.19,40.11,101.1614594,3.91
2024-04-06 00:30:00,DC_5,22.71,54.3,49.65,59.85,601.01,23.21,39.3,34.65,56.92792919,4.88
2024-04-06 03:00:00,DC_5,21.55,52.81,47.78,46.06,501.59,23.05,37.81,32.78,42.78155502,7.12
2024-04-06 05:30:00,DC_5,24.35,45.79,41.84,20.13,391.77,24.35,30.79,30.0,19.31724864,4.04
2024-04-06 08:00:00,DC_5,23.45,50.33,46.55,37.38,393.58,23.45,35.33,31.55,33.98618685,9.08
2024-04-06 10:30:00,DC_5,17.75,61.98,56.13,84.12,545.43,20.25,46.98,41.13,77.60187093,7.75
2024-04-06 13:00:00,DC_5,23.68,52.78,43.1,65.29,523.43,23.68,37.78,30.0,63.85022962,2.21
2024-04-06 15:30:00,DC_5,16.25,72.11,63.8,103.2,711.43,18.75,57.11,48.8,94.86509099,8.08
2024-04-06 18:00:00,DC_5,22.74,65.19,55.26,121.22,858.35,23.24,50.19,40.26,116.3793165,3.99
2024-04-06 20:30:00,DC_5,21.61,57.01,59.95,115.89,785.73,23.11,42.01,44.95,109.2030935,5.77
2024-04-06 23:00:00,DC_5,16.87,59.49,58.61,122.21,719.0,19.37,44.49,43.61,113.1961492,7.38
2024-04-07 01:30:00,DC_5,23.85,50.67,44.85,49.62,498.54,23.85,35.67,30.0,46.11260158,7.07
2024-04-07 04:00:00,DC_5,23.27,47.19,41.61,42.29,397.09,23.27,32.19,30.0,41.10627173,2.8
2024-04-07 06:30:00,DC_5,20.45,55.46,52.37,51.35,478.8,22.95,40.46,37.37,48.06743353,6.39
2024-04-07 09:00:00,DC_5,23.73,48.47,50.52,27.88,433.12,23.73,33.47,35.52,26.3692402,5.42
2024-04-07 11:30:00,DC_5,22.88,57.71,46.06,58.94,514.27,23.38,42.71,31.06,55.70517524,5.49
2024-04-07 14:00:00,DC_5,22.96,63.37,51.48,75.31,575.6,23.46,48.37,36.48,72.11053007,4.25
2024-04-07 16:30:00,DC_5,27.73,60.16,51.64,93.68,701.92,27.73,60.16,36.64,93.1970837,0.52
2024-04-07 19:00:00,DC_5,22.16,71.55,58.68,100.69,712.09,23.16,56.55,43.68,94.72807377,5.92
2024-04-07 21:30:00,DC_5,22.36,67.27,48.38,101.39,830.23,23.36,59.27,33.38,99.57017893,1.79
2024-04-08 00:00:00,DC_5,23.06,56.95,53.2,80.95,754.36,23.06,41.95,38.2,79.01023632,2.4
2024-04-08 02:30:00,DC_5,21.37,57.09,53.49,64.79,593.12,23.37,42.09,38.49,59.14312538,8.72
2024-04-08 05:00:00,DC_5,18.3,62.69,58.69,74.65,489.71,20.8,47.69,43.69,67.63208467,9.4
2024-04-08 07:30:00,DC_5,23.7,43.83,41.83,43.11,467.28,23.7,35.83,30.0,41.54837646,3.62
2024-04-08 10:00:00,DC_5,24.01,48.64,49.43,49.06,530.31,24.01,33.64,34.43,46.27168872,5.68
2024-04-08 12:30:00,DC_5,27.57,61.55,45.67,90.95,701.13,27.57,61.55,30.67,88.36935176,2.84
2024-04-08 15:00:00,DC_5,21.47,65.65,65.44,141.03,935.55,23.47,50.65,50.44,132.2584023,6.22
2024-04-08 17:30:00,DC_5,22.39,72.08,68.24,166.88,1117.56,23.39,57.08,53.24,160.4383289,3.86
2024-04-08 20:00:00,DC_5,22.23,63.62,63.63,137.8,912.89,23.23,48.62,48.63,133.5810831,3.06
2024-04-08 22:30:00,DC_5,22.31,56.29,55.12,82.4,728.21,23.31,41.29,40.12,78.27301044,5.01
2024-04-09 01:00:00,DC_5,24.55,57.26,46.71,70.66,672.29,24.55,42.26,31.71,68.37451821,3.23
2024-04-09 03:30:00,DC_5,25.32,46.6,46.23,45.78,500.67,25.32,38.6,31.23,45.40673911,0.82
2024-04-09 06:00:00,DC_5,24.92,54.89,49.75,69.74,652.52,24.92,46.89,34.75,64.88271322,6.96
2024-04-09 08:30:00,DC_5,22.16,48.89,48.18,48.65,426.52,23.16,33.89,33.18,46.09034316,5.26
2024-04-09 11:00:00,DC_5,23.9,55.28,49.38,60.2,550.23,23.9,40.28,34.38,58.9917099,2.01
2024-04-09 13:30:00,DC_5,21.81,61.54,55.65,116.45,727.57,23.31,46.54,40.65,110.198786,5.37
2024-04-09 16:00:00,DC_5,20.92,67.35,70.18,171.34,967.15,23.42,52.35,55.18,160.4101607,6.38
2024-04-09 18:30:00,DC_5,24.37,60.47,56.53,117.82,848.37,24.37,45.47,41.53,115.7725901,1.74
2024-04-09 21:00:00,DC_5,23.96,59.12,61.79,117.94,887.58,23.96,51.12,46.79,116.4349628,1.28
2024-04-09 23:30:00,DC_5,23.01,66.47,61.33,134.05,991.52,23.01,51.47,46.33,131.0321028,2.25
2024-04-10 02:00:00,DC_5,24.39,51.83,54.1,72.37,745.34,24.39,43.83,39.1,70.85698406,2.09
2024-04-10 04:30:00,DC_5,22.51,47.42,47.29,32.59,437.3,22.51,47.42,32.29,32.42286883,0.51
2024-04-10 07:00:00,DC_5,22.05,48.66,44.89,34.02,397.33,23.05,33.66,30.0,31.73754093,6.71
2024-04-10 09:30:00,DC_5,23.92,53.64,46.66,52.77,506.35,23.92,38.64,31.66,50.1753001,4.92
2024-04-10 12:00:00,DC_5,16.41,70.95,62.96,121.9,675.55,18.91,55.95,47.96,110.6293632,9.25
2024-04-10 14:30:00,DC_5,23.18,59.63,55.61,104.25,744.87,23.18,44.63,40.61,100.5722378,3.53
2024-04-10 17:00:00,DC_5,23.06,71.4,70.14,186.18,1159.82,23.06,56.4,55.14,182.6343106,1.9
2024-04-10 19:30:00,DC_5,23.53,57.35,62.96,135.39,966.83,23.53,49.35,47.96,132.2457239,2.32
2024-04-10 22:00:00,DC_5,23.78,60.28,56.27,109.72,862.97,23.78,45.28,41.27,106.8618855,2.6
2024-04-11 00:30:00,DC_5,23.04,58.18,53.17,85.84,710.95,23.04,43.18,38.17,81.55032035,5.0
2024-04-11 03:00:00,DC_5,21.32,55.47,55.2,66.63,572.28,23.32,40.47,40.2,62.91385181,5.58
2024-04-11 05:30:00,DC_5,23.61,50.44,40.01,42.98,435.79,23.61,50.44,30.0,41.63761725,3.12
2024-04-11 08:00:00,DC_5,23.75,46.61,41.94,43.01,453.88,23.75,31.61,30.0,40.0633658,6.85
2024-04-11 10:30:00,DC_5,22.12,56.32,49.37,78.14,584.66,23.12,41.32,34.37,73.47830719,5.97
2024-04-11 13:00:00,DC_5,22.2,61.18,54.56,107.81,749.75,23.2,46.18,39.56,103.7548019,3.76
2024-04-11 15:30:00,DC_5,20.92,75.77,68.23,154.81,955.2,23.42,60.77,53.23,141.3900427,8.67
2024-04-11 18:00:00,DC_5,23.89,68.04,61.25,184.7,1137.72,23.89,53.04,46.25,182.6427448,1.11
2024-04-11 20:30:00,DC_5,27.28,68.27,49.56,121.96,949.91,27.28,68.27,34.56,121.1216442,0.69
2024-04-11 23:00:00,DC_5,21.44,61.36,59.92,96.0,811.51,23.44,61.36,44.92,95.17800573,0.86
2024-04-12 01:30:00,DC_5,23.0,48.09,52.46,62.81,576.96,23.0,33.09,37.46,59.22378062,5.71
2024-04-12 04:00:00,DC_5,23.22,51.74,41.15,40.18,482.75,23.22,36.74,30.0,37.48226347,6.71
2024-04-12 06:30:00,DC_5,25.06,49.2,50.0,38.3,473.81,25.06,41.2,35.0,35.75053988,6.66
2024-04-12 09:00:00,DC_5,21.27,52.75,46.83,56.77,522.46,23.27,37.75,31.83,51.89240258,8.59
2024-04-12 11:30:00,DC_5,25.34,57.86,41.59,64.65,613.39,25.34,42.86,30.0,62.16033989,3.85
2024-04-12 14:00:00,DC_5,21.87,56.03,56.38,113.35,763.92,23.37,41.03,41.38,107.1832698,5.44
2024-04-12 16:30:00,DC_5,23.69,64.3,64.56,149.12,976.48,23.69,49.3,49.56,143.8213584,3.55
2024-04-12 19:00:00,DC_5,20.18,73.17,64.04,169.81,1033.02,22.68,58.17,49.04,157.9630882,6.98
2024-04-12 21:30:00,DC_5,24.69,52.94,53.72,71.44,786.53,24.69,44.94,38.72,69.12823793,3.24
2024-04-13 00:00:00,DC_5,24.42,54.76,43.34,60.01,616.23,24.42,39.76,30.0,58.1462875,3.11
2024-04-13 02:30:00,DC_5,23.18,41.6,40.79,35.26,443.04,23.18,30.0,30.0,33.39932001,5.28
2024-04-13 05:00:00,DC_5,20.72,55.7,50.6,49.49,406.76,23.22,40.7,35.6,45.29746624,8.47
2024-04-13 07:30:00,DC_5,20.65,48.95,40.8,50.82,428.61,23.15,33.95,30.0,47.05460582,7.41
2024-04-13 10:00:00,DC_5,22.38,53.61,44.79,55.94,472.29,22.38,53.61,44.79,55.94,0.0
2024-04-13 12:30:00,DC_5,23.97,57.67,46.82,67.47,549.78,23.97,42.67,31.82,65.87090593,2.37
2024-04-13 15:00:00,DC_5,23.23,56.77,53.64,81.62,706.2,23.23,41.77,38.64,78.56671491,3.74
2024-04-13 17:30:00,DC_5,22.86,63.86,58.22,133.73,830.12,23.36,48.86,43.22,128.8066862,3.68
2024-04-13 20:00:00,DC_5,17.08,66.57,58.11,127.82,727.38,19.58,51.57,43.11,116.0840294,9.18
2024-04-13 22:30:00,DC_5,22.87,53.19,50.37,48.38,577.41,23.37,38.19,35.37,45.41774642,6.12
2024-04-14 01:00:00,DC_5,22.39,55.89,50.875,59.31,571.02,23.39,40.89,35.45,55.11506808,7.07
2024-04-14 03:30:00,DC_5,23.13,52.25,48.31,37.01,460.28,23.13,37.25,33.31,35.79953223,3.27
2024-04-14 06:00:00,DC_5,22.27,47.57,44.6,33.21,440.41,23.27,32.57,30.0,31.22727659,5.97
2024-04-14 08:30:00,DC_5,21.24,50.95,50.875,55.69,467.28,23.24,35.95,30.0,50.19290229,9.87
2024-04-14 11:00:00,DC_5,22.91,51.85,43.87,55.12,473.1,23.41,36.85,30.0,52.934182,3.97
2024-04-14 13:30:00,DC_5,25.06,47.71,49.19,83.11,610.54,25.06,39.71,34.19,79.95019717,3.8
2024-04-14 16:00:00,DC_5,22.65,57.2,59.12,94.68,679.44,23.15,42.2,44.12,89.84603099,5.11
2024-04-14 18:30:00,DC_5,24.17,57.4,54.13,82.71,682.82,24.17,42.4,39.13,80.73565052,2.39
2024-04-14 21:00:00,DC_5,25.44,59.0,51.47,80.91,826.32,25.44,51.0,36.47,79.11178339,2.22
2024-04-14 23:30:00,DC_5,20.67,59.09,52.94,81.92,702.82,23.17,44.09,37.94,76.24664301,6.93
2024-04-15 02:00:00,DC_5,23.63,58.78,43.19,82.39,619.01,23.63,43.78,30.0,78.72099768,4.45
2024-04-15 04:30:00,DC_5,22.63,44.44,35.73,47.1,495.96,23.13,30.0,30.0,45.16474545,4.11
2024-04-15 07:00:00,DC_5,23.22,48.12,49.58,38.74,454.57,23.22,33.12,34.58,36.71942408,5.22
2024-04-15 09:30:00,DC_5,22.38,57.3,44.92,45.81,445.3,23.38,42.3,30.0,42.11244604,8.07
2024-04-15 12:00:00,DC_5,22.06,64.14,50.73,83.42,662.17,23.06,49.14,35.73,78.04871454,6.44
2024-04-15 14:30:00,DC_5,21.57,63.16,57.74,131.55,807.52,23.07,48.16,42.74,122.4916589,6.89
2024-04-15 17:00:00,DC_5,24.04,55.955,56.63,144.36,969.07,24.04,53.04,41.63,141.5239143,1.96
2024-04-15 19:30:00,DC_5,23.02,58.71,55.33,135.44,984.61,23.02,43.71,40.33,133.1836263,1.67
2024-04-15 22:00:00,DC_5,17.99,73.75,59.17,129.35,863.45,20.49,58.75,44.17,119.7226467,7.44
2024-04-16 00:30:00,DC_5,24.54,58.6,51.01,71.72,699.1,24.54,43.6,36.01,67.56259878,5.8
2024-04-16 03:00:00,DC_5,21.82,46.74,46.75,48.74,516.18,23.32,31.74,31.75,46.70517313,4.17
2024-04-16 05:30:00,DC_5,22.2,52.4,47.99,40.33,414.84,23.2,37.4,32.99,37.01883384,8.21
2024-04-16 08:00:00,DC_5,21.7,54.98,47.17,42.14,429.06,23.2,39.98,32.17,38.66976169,8.24
2024-04-16 10:30:00,DC_5,22.4,53.57,48.6,64.03,558.41,23.4,38.57,33.6,58.35498387,8.86
2024-04-16 13:00:00,DC_5,22.72,56.92,59.19,89.58,711.35,23.22,41.92,44.19,86.81425778,3.09
2024-04-16 15:30:00,DC_5,22.83,65.89,61.84,194.34,1093.57,23.33,50.89,46.84,190.0343245,2.22
2024-04-16 18:00:00,DC_5,21.15,75.56,70.61,187.79,1216.66,23.15,60.56,55.61,176.7234345,5.89
2024-04-16 20:30:00,DC_5,25.84,56.29,62.74,122.28,979.83,25.84,56.29,47.74,120.5626452,1.4
2024-04-16 23:00:00,DC_5,21.35,62.32,58.42,95.66,771.15,23.35,47.32,43.42,89.06787486,6.89
2024-04-17 01:30:00,DC_5,23.53,52.24,50.75,56.73,516.57,23.53,37.24,35.75,54.39604252,4.11
2024-04-17 04:00:00,DC_5,23.21,58.27,36.34,46.87,527.89,23.21,43.27,30.0,44.23778655,5.62
2024-04-17 06:30:00,DC_5,22.09,50.95,51.87,39.07,423.7,23.09,35.95,36.87,35.75045826,8.5
2024-04-17 09:00:00,DC_5,23.87,56.39,43.62,42.47,438.23,23.87,41.39,30.0,37.32302151,12.12
2024-04-17 11:30:00,DC_5,25.89,51.4,49.62,51.94,597.34,25.89,51.4,49.62,51.9379608,0.0
2024-04-17 14:00:00,DC_5,25.6,54.25,57.28,109.14,763.6,25.6,46.25,42.28,106.6272564,2.3
2024-04-17 16:30:00,DC_5,24.8,66.26,61.67,136.05,996.12,24.8,58.26,46.67,133.9295701,1.56
2024-04-17 19:00:00,DC_5,22.0,71.34,57.39,140.82,905.76,23.0,56.34,42.39,134.7757818,4.29
2024-04-17 21:30:00,DC_5,24.58,63.83,57.69,109.18,918.79,24.58,48.83,42.69,106.9060392,2.08
2024-04-18 00:00:00,DC_5,23.6,61.38,55.26,103.11,817.15,23.6,46.38,40.26,98.10595836,4.85
2024-04-18 02:30:00,DC_5,23.38,53.72,50.44,66.57,664.39,23.38,38.72,35.44,64.09704423,3.71
2024-04-18 05:00:00,DC_5,24.02,45.91,48.3,42.97,474.0,24.02,37.91,33.3,39.92130229,7.09
2024-04-18 07:30:00,DC_5,22.96,51.24,40.17,34.33,383.26,23.46,36.24,30.0,31.89917384,7.08
2024-04-18 10:00:00,DC_5,23.29,53.51,51.25,57.44,492.57,23.29,38.51,36.25,53.3220575,7.17
2024-04-18 12:30:00,DC_5,23.07,49.43,55.94,91.74,617.87,23.07,34.43,40.94,88.66129792,3.36
2024-04-18 15:00:00,DC_5,24.65,66.01,47.52,102.15,813.87,24.65,51.01,32.52,99.26989633,2.82
2024-04-18 17:30:00,DC_5,22.79,73.21,58.63,195.01,1174.39,23.29,58.21,43.63,191.6648964,1.72
2024-04-18 20:00:00,DC_5,21.95,64.09,62.43,110.05,869.87,23.45,49.09,47.43,102.2137367,7.12
2024-04-18 22:30:00,DC_5,21.46,57.09,56.89,83.68,748.25,23.46,42.09,41.89,80.47326495,3.83
2024-04-19 01:00:00,DC_5,21.67,60.44,55.4,76.74,731.41,23.17,45.44,40.4,72.33730014,5.74
2024-04-19 03:30:00,DC_5,28.87,43.65,38.91,43.44,514.01,28.87,43.65,38.91,43.43720648,0.01
2024-04-19 06:00:00,DC_5,23.0,45.33,45.35,34.5,403.6,23.0,30.33,30.35,31.16856523,9.66
2024-04-19 08:30:00,DC_5,18.23,60.58,52.74,59.91,454.27,20.73,45.58,37.74,56.0384533,6.46
2024-04-19 11:00:00,DC_5,23.7,56.43,51.6,75.75,616.65,23.7,41.43,36.6,73.50759938,2.96
2024-04-19 13:30:00,DC_5,21.69,63.31,55.72,102.51,636.54,23.19,48.31,40.72,94.79103288,7.53
2024-04-19 16:00:00,DC_5,27.56,56.11,49.99,85.15,860.2,27.56,56.11,49.99,85.15,0.0
2024-04-19 18:30:00,DC_5,24.9,63.06,54.85,129.12,886.38,24.9,55.06,39.85,126.2475198,2.22
2024-04-19 21:00:00,DC_5,23.55,64.81,59.04,123.64,918.02,23.55,49.81,44.04,119.6079978,3.26
2024-04-19 23:30:00,DC_5,22.54,56.23,50.17,78.06,734.36,23.04,41.23,35.17,74.92034878,4.02
2024-04-20 02:00:00,DC_5,23.71,55.7,47.43,53.47,549.79,23.71,40.7,32.43,52.43407192,1.94
2024-04-20 04:30:00,DC_5,22.73,46.64,42.94,44.36,466.01,23.23,31.64,30.0,40.82950698,7.96
2024-04-20 07:00:00,DC_5,22.06,48.48,49.27,44.73,431.01,23.06,33.48,34.27,42.52580901,4.93
2024-04-20 09:30:00,DC_5,21.63,53.23,51.2,47.48,411.34,23.13,38.23,36.2,45.73440376,3.68
2024-04-20 12:00:00,DC_5,23.24,54.21,49.81,69.87,515.67,23.24,39.21,34.81,67.17092815,3.86
2024-04-20 14:30:00,DC_5,21.48,53.75,46.74,78.81,570.94,23.48,38.75,31.74,75.61201095,4.06
2024-04-20 17:00:00,DC_5,22.82,59.35,60.56,89.18,663.2,23.32,44.35,45.56,85.41010767,4.23
2024-04-20 19:30:00,DC_5,23.57,62.76,55.27,94.47,777.91,23.57,47.76,40.27,89.6908914,5.06
2024-04-20 22:00:00,DC_5,23.41,58.46,48.55,86.67,674.83,23.41,43.46,33.55,82.74538047,4.53
2024-04-21 00:30:00,DC_5,23.98,45.07,40.5,42.17,516.4,23.98,37.07,30.0,41.15020384,2.42
2024-04-21 03:00:00,DC_5,22.34,42.32,41.51,44.92,468.94,22.34,42.32,41.51,44.91669887,0.01
2024-04-21 05:30:00,DC_5,24.65,48.51,37.07,33.42,418.31,24.65,33.51,30.0,32.59095268,2.48
2024-04-21 08:00:00,DC_5,20.34,57.57,52.69,50.76,439.23,22.84,42.57,37.69,45.35237974,10.65
2024-04-21 10:30:00,DC_5,25.31,52.23,43.05,39.44,436.06,25.31,37.23,30.0,36.32275003,7.9
2024-04-21 13:00:00,DC_5,20.84,54.81,55.03,60.52,540.99,23.34,39.81,40.03,53.37670208,11.8
2024-04-21 15:30:00,DC_5,23.0,58.53,56.97,92.01,767.22,23.5,43.53,41.97,88.52571681,3.79
2024-04-21 18:00:00,DC_5,23.44,57.57,52.51,98.72,800.75,23.44,42.57,37.51,95.94405987,2.81
2024-04-21 20:30:00,DC_5,24.11,62.15,44.39,70.08,672.6,24.11,47.15,30.0,67.37218841,3.86
2024-04-21 23:00:00,DC_5,23.65,55.27,44.29,60.85,577.25,23.65,40.27,30.0,59.49367855,2.23
2024-04-22 01:30:00,DC_5,21.68,57.99,55.47,77.87,709.94,23.18,42.99,40.47,72.35438548,7.08
2024-04-22 04:00:00,DC_5,21.49,48.98,50.74,47.07,471.19,23.49,33.98,35.74,43.3984673,7.8
2024-04-22 06:30:00,DC_5,25.35,40.31,36.92,33.49,439.11,25.35,40.31,36.92,33.49,0.0
2024-04-22 09:00:00,DC_5,23.66,51.62,38.03,41.7,441.03,23.66,36.62,30.0,40.2077737,3.58
2024-04-22 11:30:00,DC_5,21.72,55.38,63.8,83.67,590.1,23.22,40.38,48.8,78.72066005,5.92
2024-04-22 14:00:00,DC_5,24.5,57.57,51.66,90.67,722.83,24.5,42.57,36.66,87.50155727,3.49
2024-04-22 16:30:00,DC_5,23.16,68.34,59.85,173.41,1111.2,23.16,53.34,44.85,169.7141132,2.13
2024-04-22 19:00:00,DC_5,22.36,73.26,66.22,192.98,1166.61,23.36,58.26,51.22,186.1482746,3.54
2024-04-22 21:30:00,DC_5,22.2,58.27,55.54,96.17,821.27,23.2,43.27,40.54,90.44861066,5.95
2024-04-23 00:00:00,DC_5,21.17,54.65,55.46,85.06,697.09,23.17,39.65,40.46,77.87410851,8.45
2024-04-23 02:30:00,DC_5,21.57,52.78,49.52,76.16,647.69,23.07,37.78,34.52,69.26009939,9.06
2024-04-23 05:00:00,DC_5,22.35,48.73,44.3,40.78,433.01,23.35,33.73,30.0,39.29892185,3.63
2024-04-23 07:30:00,DC_5,23.53,44.73,44.5,38.32,432.11,23.53,30.0,30.0,37.38503204,2.44
2024-04-23 10:00:00,DC_5,23.24,48.43,28.3,57.07,522.4,23.24,48.43,28.3,57.07,0.0
2024-04-23 12:30:00,DC_5,22.78,62.39,53.59,81.37,658.85,23.28,47.39,38.59,75.55100112,7.15
2024-04-23 15:00:00,DC_5,21.56,65.11,60.32,123.58,785.2,23.06,50.11,45.32,117.3846791,5.01
2024-04-23 17:30:00,DC_5,21.34,72.77,65.9,199.87,1046.58,23.34,57.77,50.9,189.5198195,5.18
2024-04-23 20:00:00,DC_5,23.12,77.48,66.99,173.01,1107.3,23.12,62.48,51.99,167.7579432,3.04
2024-04-23 22:30:00,DC_5,23.37,69.2,56.79,113.67,836.98,23.37,54.2,41.79,109.1182577,4.0
2024-04-24 01:00:00,DC_5,23.15,53.36,52.2,77.26,674.43,23.15,53.36,52.2,77.26,0.0
2024-04-24 03:30:00,DC_5,24.2,45.17,49.1,35.29,489.14,24.2,45.17,49.1,35.28619029,0.01
2024-04-24 06:00:00,DC_5,24.08,44.67,40.86,34.65,427.91,24.08,36.67,30.0,31.70291032,8.51
2024-04-24 08:30:00,DC_5,21.8,45.09,44.5,37.95,469.8,23.3,30.09,30.0,35.19512634,7.26
2024-04-24 11:00:00,DC_5,28.21,52.44,47.93,50.87,585.77,28.21,52.44,47.93,50.86689765,0.01
2024-04-24 13:30:00,DC_5,23.51,66.77,62.39,101.3,775.93,23.51,51.77,47.39,97.52128965,3.73
2024-04-24 16:00:00,DC_5,24.11,62.58,55.04,161.99,1041.04,24.11,54.58,40.04,158.6369636,2.07
2024-04-24 18:30:00,DC_5,25.61,61.72,59.34,124.49,934.67,25.61,53.72,44.34,122.0882803,1.93
2024-04-24 21:00:00,DC_5,22.23,61.56,54.44,122.08,920.28,23.23,46.56,39.44,115.9100462,5.05
2024-04-24 23:30:00,DC_5,23.44,56.87,54.24,92.56,854.56,23.44,41.87,39.24,89.96711527,2.8
2024-04-25 02:00:00,DC_5,23.53,52.19,45.76,52.61,553.96,23.53,37.19,30.76,51.86888572,1.41
2024-04-25 04:30:00,DC_5,23.27,54.76,45.12,49.54,522.89,23.27,39.76,30.12,46.88451666,5.36
2024-04-25 07:00:00,DC_5,23.99,53.9,41.8,44.91,428.92,23.99,38.9,30.0,42.47124093,5.43
2024-04-25 09:30:00,DC_5,25.42,51.58,44.15,46.91,458.06,25.42,36.58,30.0,45.63467715,2.72
2024-04-25 12:00:00,DC_5,26.65,57.3,47.31,61.19,621.15,26.65,49.3,32.31,60.06572267,1.84
2024-04-25 14:30:00,DC_5,23.19,62.98,53.75,112.09,736.61,23.19,47.98,38.75,107.7361704,3.88
2024-04-25 17:00:00,DC_5,21.88,71.76,66.81,173.88,1029.01,23.38,56.76,51.81,164.9460127,5.14
2024-04-25 19:30:00,DC_5,22.89,64.73,63.29,130.8,905.37,23.39,49.73,48.29,126.8364821,3.03
2024-04-25 22:00:00,DC_5,24.27,62.64,54.98,133.46,965.75,24.27,47.64,39.98,130.3637298,2.32
2024-04-26 00:30:00,DC_5,23.83,56.59,54.69,89.94,757.83,23.83,41.59,39.69,87.90577135,2.26
2024-04-26 03:00:00,DC_5,24.36,43.63,37.81,44.91,505.43,24.36,35.63,30.0,44.40246813,1.13
2024-04-26 05:30:00,DC_5,20.34,58.54,54.13,57.25,486.28,22.84,43.54,39.13,52.85016468,7.69
2024-04-26 08:00:00,DC_5,23.69,50.96,52.94,51.2,480.99,23.69,35.96,37.94,49.59097863,3.14
2024-04-26 10:30:00,DC_5,23.16,60.35,41.43,62.93,507.51,23.16,45.35,30.0,57.54880128,8.55
2024-04-26 13:00:00,DC_5,22.23,57.0,59.51,93.04,710.52,23.23,42.0,44.51,88.22800838,5.17
2024-04-26 15:30:00,DC_5,22.55,70.92,60.02,147.14,957.94,23.05,55.92,45.02,140.479886,4.53
2024-04-26 18:00:00,DC_5,19.97,67.14,62.99,157.92,1006.08,22.47,52.14,47.99,146.4290921,7.28
2024-04-26 20:30:00,DC_5,24.32,60.56,62.85,137.63,899.36,24.32,60.56,47.85,136.4356363,0.87
2024-04-26 23:00:00,DC_5,22.56,58.8,56.25,116.99,848.9,23.06,43.8,41.25,113.6963248,2.82
2024-04-27 01:30:00,DC_5,23.06,46.38,50.81,49.57,520.95,23.06,31.38,35.81,46.48459181,6.22
2024-04-27 04:00:00,DC_5,22.09,61.48,49.13,65.4,597.85,23.09,46.48,34.13,60.05951339,8.17
2024-04-27 06:30:00,DC_5,22.03,49.68,44.21,39.9,440.73,23.03,41.68,30.0,38.7224318,2.95
2024-04-27 09:00:00,DC_5,22.95,56.18,46.69,54.77,485.2,23.45,41.18,31.69,51.69104563,5.62
2024-04-27 11:30:00,DC_5,23.59,50.29,48.95,59.11,503.61,23.59,35.29,33.95,56.91216722,3.72
2024-04-27 14:00:00,DC_5,28.19,46.72,52.98,62.26,601.29,28.19,46.72,52.98,62.25988403,0.0
2024-04-27 16:30:00,DC_5,23.88,57.9,53.57,75.72,700.83,23.88,42.9,38.57,72.22328472,4.62
2024-04-27 19:00:00,DC_5,23.61,61.12,55.94,103.2,777.48,23.61,46.12,40.94,98.9236189,4.14
2024-04-27 21:30:00,DC_5,21.3,59.9,53.24,90.82,739.16,23.3,44.9,38.24,84.06698874,7.44
2024-04-28 00:00:00,DC_5,24.84,52.32,53.04,58.03,595.33,24.84,44.32,38.04,55.44562121,4.45
2024-04-28 02:30:00,DC_5,22.13,52.13,42.27,49.25,516.0,23.13,37.13,30.0,45.31322159,7.99
2024-04-28 05:00:00,DC_5,21.64,54.02,47.98,43.65,450.6,23.14,39.02,32.98,39.64557966,9.17
2024-04-28 07:30:00,DC_5,23.98,43.88,44.74,36.67,397.28,23.98,30.0,30.0,34.35259513,6.32
2024-04-28 10:00:00,DC_5,23.61,56.58,45.93,45.51,455.06,23.61,56.58,45.93,45.5078222,0.0
2024-04-28 12:30:00,DC_5,24.17,54.38,51.03,73.36,653.29,24.17,39.38,36.03,71.6971759,2.27
2024-04-28 15:00:00,DC_5,23.96,58.18,49.32,70.02,595.77,23.96,43.18,34.32,65.98208452,5.77
2024-04-28 17:30:00,DC_5,22.09,55.68,62.3,122.37,846.4,23.09,40.68,47.3,117.8421246,3.7
2024-04-28 20:00:00,DC_5,27.96,51.11,46.81,70.0,598.54,27.96,51.11,46.81,69.99672439,0.0
2024-04-28 22:30:00,DC_5,21.32,60.37,54.87,90.25,666.27,23.32,45.37,39.87,83.95958182,6.97
2024-04-29 01:00:00,DC_5,23.47,52.98,45.93,74.71,678.48,23.47,37.98,30.93,71.94365914,3.7
2024-04-29 03:30:00,DC_5,23.16,49.95,46.26,43.07,515.0,23.16,34.95,31.26,40.28905493,6.46
2024-04-29 06:00:00,DC_5,20.49,46.58,47.12,47.59,443.94,22.99,31.58,32.12,42.96402467,9.72
2024-04-29 08:30:00,DC_5,24.72,51.89,44.32,44.8,448.96,24.72,36.89,30.0,40.58817259,9.4
2024-04-29 11:00:00,DC_5,23.45,50.52,43.27,67.27,545.29,23.45,35.52,30.0,64.65237257,3.89
2024-04-29 13:30:00,DC_5,21.92,51.54,62.82,66.61,682.43,23.42,36.54,47.82,60.9883548,8.44
2024-04-29 16:00:00,DC_5,22.01,70.14,62.46,173.19,962.4,23.01,55.14,47.46,165.2423637,4.59
2024-04-29 18:30:00,DC_5,23.55,67.31,57.79,146.78,1004.34,23.55,52.31,42.79,143.8831238,1.97
2024-04-29 21:00:00,DC_5,21.64,63.83,66.75,132.23,947.86,23.14,48.83,51.75,125.9778395,4.73
2024-04-29 23:30:00,DC_5,27.37,53.77,51.23,55.23,721.94,27.37,53.77,51.23,55.23,0.0
2024-04-30 02:00:00,DC_5,22.78,51.51,48.71,71.57,678.18,23.28,36.51,33.71,69.3329849,3.13
2024-04-30 04:30:00,DC_5,24.18,47.44,51.23,43.29,527.73,24.18,47.44,51.23,43.28552607,0.01
2024-04-30 07:00:00,DC_5,27.83,46.03,41.75,47.03,454.79,27.83,46.03,30.0,44.62200374,5.12
2024-04-30 09:30:00,DC_5,23.42,49.71,45.19,50.55,497.43,23.42,34.71,30.19,48.76848268,3.52
2024-04-30 12:00:00,DC_5,22.37,56.41,55.42,78.63,645.74,23.37,41.41,40.42,75.77447303,3.63
2024-04-30 14:30:00,DC_5,24.82,63.65,48.11,83.09,702.11,24.82,48.65,33.11,78.88045522,5.07
2024-04-30 17:00:00,DC_5,23.83,63.96,59.11,163.11,1059.94,23.83,63.96,59.11,163.1054991,0.0
2024-04-30 19:30:00,DC_5,23.91,64.42,61.31,121.42,994.36,23.91,49.42,46.31,118.6235628,2.3
2024-04-30 22:00:00,DC_5,23.54,64.03,50.41,145.32,995.92,23.54,49.03,35.41,141.7975229,2.42
2024-05-01 00:30:00,DC_5,21.26,61.05,51.13,72.49,655.39,23.26,46.05,36.13,67.683947,6.63
2024-05-01 03:00:00,DC_5,22.06,57.51,54.62,60.59,534.99,23.06,42.51,39.62,55.27892349,8.77
2024-05-01 05:30:00,DC_5,22.07,51.42,49.68,50.65,421.46,23.07,36.42,34.68,46.77563289,7.65
2024-05-01 08:00:00,DC_5,21.61,56.33,55.73,68.95,520.94,23.11,41.33,40.73,63.74738309,7.55
2024-05-01 10:30:00,DC_5,23.39,46.44,58.24,68.57,547.77,23.39,38.44,43.24,66.24511092,3.39
2024-05-01 13:00:00,DC_5,22.08,63.11,59.44,90.5,697.38,23.08,48.11,44.44,85.12600342,5.94
2024-05-01 15:30:00,DC_5,21.05,69.95,65.54,169.11,953.09,23.05,54.95,50.54,158.5912603,6.22
2024-05-01 18:00:00,DC_5,22.82,67.9,67.75,167.9,1103.54,23.32,52.9,52.75,161.7419083,3.67
2024-05-01 20:30:00,DC_5,22.35,63.14,59.33,136.7,982.75,23.35,48.14,44.33,131.2906392,3.96
2024-05-01 23:00:00,DC_5,22.35,67.53,55.9,115.65,850.65,23.35,52.53,40.9,110.7268457,4.26
2024-05-02 01:30:00,DC_5,23.65,51.58,37.72,56.37,652.98,23.65,43.58,30.0,54.7055513,2.95
2024-05-02 04:00:00,DC_5,23.16,48.43,50.7,47.16,458.47,23.16,33.43,35.7,44.44836829,5.75
2024-05-02 06:30:00,DC_5,16.42,56.2,54.49,82.91,507.99,18.92,41.2,39.49,77.03203768,7.09
2024-05-02 09:00:00,DC_5,21.57,49.09,51.82,48.14,491.99,23.07,34.09,36.82,44.65061418,7.25
2024-05-02 11:30:00,DC_5,24.06,57.93,50.875,89.53,723.93,24.06,42.93,39.46,87.26186847,2.53
2024-05-02 14:00:00,DC_5,23.79,62.33,46.88,98.06,778.65,23.79,47.33,31.88,95.27491384,2.84
2024-05-02 16:30:00,DC_5,22.82,65.83,62.99,119.94,920.03,23.32,50.83,47.99,116.5235558,2.85
2024-05-02 19:00:00,DC_5,24.65,62.57,54.28,142.73,994.02,24.65,54.57,39.28,139.971384,1.93
2024-05-02 21:30:00,DC_5,21.99,60.56,61.08,108.15,851.36,21.99,60.56,61.08,108.15,0.0
2024-05-03 00:00:00,DC_5,22.54,56.6,54.38,75.02,699.54,23.04,48.6,39.38,72.07826459,3.92
2024-05-03 02:30:00,DC_5,18.23,60.65,54.67,82.72,609.68,20.73,45.65,39.67,75.02009819,9.31
2024-05-03 05:00:00,DC_5,24.43,46.65,37.01,32.87,443.34,24.43,31.65,30.0,30.29928845,7.82
2024-05-03 07:30:00,DC_5,23.47,52.41,52.42,75.22,654.7,23.47,37.41,37.42,72.17823109,4.04
2024-05-03 10:00:00,DC_5,22.29,56.76,54.86,73.25,557.57,23.29,41.76,39.86,68.07165083,7.07
2024-05-03 12:30:00,DC_5,23.05,64.3,54.22,87.61,694.94,23.05,49.3,39.22,83.5063418,4.68
2024-05-03 15:00:00,DC_5,21.04,75.54,50.875,168.68,1026.84,23.04,60.54,43.03,156.693352,7.11
2024-05-03 17:30:00,DC_5,22.6,72.15,72.4,212.32,1200.63,23.1,57.15,57.4,206.2124753,2.88
2024-05-03 20:00:00,DC_5,23.27,64.58,69.93,141.91,934.27,23.27,49.58,54.93,138.731933,2.24
2024-05-03 22:30:00,DC_5,24.25,67.5,58.01,125.94,955.09,24.25,52.5,43.01,122.7367266,2.54
2024-05-04 01:00:00,DC_5,23.59,50.99,51.84,61.99,736.94,23.59,42.99,36.84,59.70348013,3.69
2024-05-04 03:30:00,DC_5,23.55,50.66,49.89,44.98,492.81,23.55,35.66,34.89,43.03126054,4.33
2024-05-04 06:00:00,DC_5,21.44,55.62,33.88,39.87,413.68,23.44,40.62,30.0,38.53912901,3.34
2024-05-04 08:30:00,DC_5,24.11,56.95,46.72,63.03,566.4,24.11,41.95,31.72,60.48826525,4.03
2024-05-04 11:00:00,DC_5,24.36,49.61,43.84,57.8,495.68,24.36,34.61,30.0,55.7931143,3.47
2024-05-04 13:30:00,DC_5,25.24,55.955,50.14,67.29,694.7,25.24,47.75,35.14,64.38702496,4.31
2024-05-04 16:00:00,DC_5,23.34,62.39,54.35,89.41,684.12,23.34,47.39,39.35,84.51941911,5.47
2024-05-04 18:30:00,DC_5,21.61,70.1,54.94,104.08,724.61,23.11,55.1,39.94,98.20916843,5.64
2024-05-04 21:00:00,DC_5,23.41,51.04,50.41,67.68,633.82,23.41,51.04,50.41,67.68,0.0
2024-05-04 23:30:00,DC_5,23.0,50.9,42.85,71.73,595.23,23.0,35.9,30.0,68.99633155,3.81
2024-05-05 02:00:00,DC_5,22.17,55.24,49.77,56.14,535.82,23.17,40.24,34.77,53.37192691,4.93
2024-05-05 04:30:00,DC_5,23.43,45.82,45.05,31.53,440.83,23.43,30.82,30.05,28.66022128,9.1
2024-05-05 07:00:00,DC_5,21.11,54.67,47.97,57.35,463.71,23.11,39.67,32.97,54.26463983,5.38
2024-05-05 09:30:00,DC_5,23.52,45.86,45.15,42.84,418.67,23.52,45.86,45.15,42.83900982,0.0
2024-05-05 12:00:00,DC_5,23.03,47.37,51.0,61.29,546.98,23.03,32.37,36.0,58.52359297,4.51
2024-05-05 14:30:00,DC_5,22.17,59.05,51.89,90.39,638.34,23.17,44.05,36.89,85.22532175,5.71
2024-05-05 17:00:00,DC_5,23.75,52.9,57.48,84.87,672.72,23.75,37.9,42.48,83.78050988,1.28
2024-05-05 19:30:00,DC_5,23.63,57.66,55.92,86.11,757.48,23.63,42.66,40.92,84.07527378,2.36
2024-05-05 22:00:00,DC_5,24.12,55.955,50.03,63.3,710.84,24.12,39.74,35.03,60.60908677,4.25
2024-05-06 00:30:00,DC_5,22.19,58.02,59.69,101.55,774.54,23.19,43.02,44.69,96.22727589,5.24
2024-05-06 03:00:00,DC_5,22.78,54.95,56.4,86.81,718.34,23.28,39.95,41.4,82.8076504,4.61
2024-05-06 05:30:00,DC_5,27.01,49.49,39.49,36.35,453.07,27.01,41.49,30.0,35.22292454,3.1
2024-05-06 08:00:00,DC_5,19.86,48.96,57.06,56.9,425.55,22.36,33.96,42.06,51.48696781,9.51
2024-05-06 10:30:00,DC_5,21.99,60.31,52.54,83.44,638.91,23.49,45.31,37.54,79.75929844,4.41
2024-05-06 13:00:00,DC_5,22.46,55.41,61.62,100.23,736.98,23.46,40.41,46.62,93.32182653,6.89
2024-05-06 15:30:00,DC_5,21.25,63.82,63.61,146.83,907.45,23.25,48.82,48.61,138.1600114,5.9
2024-05-06 18:00:00,DC_5,22.68,68.01,65.71,154.51,1000.88,23.18,68.01,50.71,152.4696701,1.32
2024-05-06 20:30:00,DC_5,23.42,66.53,55.26,133.88,953.57,23.42,51.53,40.26,129.7602736,3.08
2024-05-06 23:00:00,DC_5,23.2,56.5,58.9,90.08,784.61,23.2,41.5,43.9,85.88671699,4.66
2024-05-07 01:30:00,DC_5,21.78,63.08,58.12,79.51,678.23,23.28,48.08,43.12,73.54141563,7.51
2024-05-07 04:00:00,DC_5,21.54,47.33,50.17,54.4,520.51,23.04,32.33,35.17,50.96674926,6.31
2024-05-07 06:30:00,DC_5,24.06,55.16,44.62,28.89,431.14,24.06,40.16,30.0,25.0626003,13.25
2024-05-07 09:00:00,DC_5,22.28,54.19,51.61,49.96,456.12,23.28,39.19,36.61,47.10226143,5.72
2024-05-07 11:30:00,DC_5,24.73,54.25,49.88,60.97,638.22,24.73,39.25,34.88,58.89309208,3.41
2024-05-07 14:00:00,DC_5,23.16,74.5,56.81,104.55,724.36,23.16,59.5,41.81,99.48589006,4.84
2024-05-07 16:30:00,DC_5,23.72,72.47,61.03,155.29,941.99,23.72,57.47,46.03,150.781175,2.9
2024-05-07 19:00:00,DC_5,23.37,73.9,66.11,158.74,1042.8,23.37,58.9,51.11,156.547678,1.38
2024-05-07 21:30:00,DC_5,22.8,68.29,51.41,122.15,924.7,23.3,53.29,36.41,117.1919581,4.06
2024-05-08 00:00:00,DC_5,23.75,63.87,56.38,93.14,771.81,23.75,48.87,41.38,89.21665187,4.21
2024-05-08 02:30:00,DC_5,23.79,53.76,47.73,55.88,596.57,23.79,38.76,32.73,52.6437493,5.79
2024-05-08 05:00:00,DC_5,20.02,58.75,49.15,42.34,440.94,22.52,43.75,34.15,37.60809568,11.18
2024-05-08 07:30:00,DC_5,22.81,48.14,41.23,42.65,439.24,23.31,33.14,30.0,38.34625724,10.09
2024-05-08 10:00:00,DC_5,24.27,60.97,53.4,83.12,601.98,24.27,45.97,38.4,80.85358056,2.73
2024-05-08 12:30:00,DC_5,24.64,52.04,50.18,100.48,733.92,24.64,44.04,35.18,97.70340107,2.76
2024-05-08 15:00:00,DC_5,21.57,66.65,58.85,145.92,913.07,23.07,51.65,43.85,137.0966118,6.05
2024-05-08 17:30:00,DC_5,23.19,66.72,62.84,156.82,1034.14,23.19,51.72,47.84,151.7360419,3.24
2024-05-08 20:00:00,DC_5,21.94,71.87,54.7,138.43,933.74,23.44,56.87,39.7,131.8738248,4.74
2024-05-08 22:30:00,DC_5,23.79,48.71,55.22,119.27,865.39,23.79,48.71,40.22,116.6464859,2.2
2024-05-09 01:00:00,DC_5,22.16,57.23,55.11,78.07,629.55,23.16,42.23,40.11,72.83307847,6.71
2024-05-09 03:30:00,DC_5,21.92,52.84,54.89,49.86,487.47,23.42,37.84,39.89,44.35556085,11.04
2024-05-09 06:00:00,DC_5,22.85,50.24,39.44,45.99,464.14,23.35,35.24,30.0,42.73398287,7.08
2024-05-09 08:30:00,DC_5,28.75,41.7,45.17,33.4,435.45,28.75,41.7,45.17,33.39996536,0.0
2024-05-09 11:00:00,DC_5,21.69,53.13,49.51,63.77,571.46,23.19,38.13,34.51,60.38998355,5.3
2024-05-09 13:30:00,DC_5,21.74,63.35,61.25,101.55,778.08,23.24,48.35,46.25,95.10250657,6.35
2024-05-09 16:00:00,DC_5,24.92,58.9,56.44,164.64,984.28,24.92,50.9,41.44,161.3799167,1.98
2024-05-09 18:30:00,DC_5,20.06,77.57,75.05,170.12,968.06,22.56,62.57,60.05,158.8419477,6.63
2024-05-09 21:00:00,DC_5,22.86,64.57,60.78,152.92,980.38,23.36,49.57,45.78,150.1935645,1.78
2024-05-09 23:30:00,DC_5,21.41,62.25,56.36,108.81,832.27,23.41,47.25,41.36,102.7702215,5.55
2024-05-10 02:00:00,DC_5,23.74,51.87,42.38,70.85,651.79,23.74,36.87,30.0,67.97159029,4.06
2024-05-10 04:30:00,DC_5,23.02,49.69,44.38,36.8,432.1,23.02,34.69,30.0,33.97243901,7.68
2024-05-10 07:00:00,DC_5,26.68,41.52,46.26,30.74,368.48,26.68,41.52,31.26,28.73304948,6.53
2024-05-10 09:30:00,DC_5,23.91,49.78,37.01,38.88,455.68,23.91,34.78,30.0,37.1591216,4.43
2024-05-10 12:00:00,DC_5,24.66,60.04,58.42,91.87,736.35,24.66,45.04,43.42,87.886185,4.34
2024-05-10 14:30:00,DC_5,22.98,63.13,48.86,98.97,759.45,23.48,48.13,33.86,98.21540275,0.76
2024-05-10 17:00:00,DC_5,25.1,64.66,65.31,144.48,1012.18,25.1,56.66,50.31,140.4488693,2.79
2024-05-10 19:30:00,DC_5,23.28,72.69,57.73,119.45,901.31,23.28,57.69,42.73,114.4253349,4.21
2024-05-10 22:00:00,DC_5,24.17,60.6,57.19,106.32,822.78,24.17,45.6,42.19,103.3186324,2.82
2024-05-11 00:30:00,DC_5,23.23,53.28,49.87,50.22,578.15,23.23,38.28,34.87,47.88074659,4.66
2024-05-11 03:00:00,DC_5,23.68,50.67,44.08,41.94,470.66,23.68,35.67,30.0,40.57521032,3.25
2024-05-11 05:30:00,DC_5,23.1,50.57,41.74,44.46,473.94,23.1,35.57,30.0,42.47684703,4.46
2024-05-11 08:00:00,DC_5,26.91,43.14,37.32,29.86,399.64,26.91,43.14,30.0,29.56955748,0.97
2024-05-11 10:30:00,DC_5,23.3,54.23,56.4,57.63,485.76,23.3,46.23,41.4,55.3149932,4.02
2024-05-11 13:00:00,DC_5,22.44,56.7,51.6,73.61,541.53,23.44,41.7,36.6,69.12322098,6.1
2024-05-11 15:30:00,DC_5,21.22,61.98,59.76,100.11,690.96,23.22,46.98,44.76,92.98213436,7.12
2024-05-11 18:00:00,DC_5,24.4,55.34,52.08,91.23,685.29,24.4,40.34,37.08,88.15468613,3.37
2024-05-11 20:30:00,DC_5,22.04,66.31,58.18,102.83,814.99,23.04,51.31,43.18,99.07073065,3.66
2024-05-11 23:00:00,DC_5,23.9,47.37,49.31,50.51,577.11,23.9,39.37,34.31,47.11557672,6.72
2024-05-12 01:30:00,DC_5,26.22,37.07,42.83,31.15,469.46,26.22,37.07,42.83,31.149874,0.0
2024-05-12 04:00:00,DC_5,22.34,43.06,48.6,41.8,458.11,23.34,30.0,33.6,39.50984425,5.48
2024-05-12 06:30:00,DC_5,21.54,54.93,44.87,46.81,416.33,23.04,39.93,30.0,44.13767203,5.71
2024-05-12 09:00:00,DC_5,22.36,49.18,49.9,46.1,442.94,23.36,34.18,34.9,42.05009416,8.79
2024-05-12 11:30:00,DC_5,17.7,64.26,62.15,101.72,574.98,20.2,49.26,47.15,91.19156721,10.35
2024-05-12 14:00:00,DC_5,24.05,54.55,40.42,56.97,514.37,24.05,39.55,30.0,53.02608768,6.92
2024-05-12 16:30:00,DC_5,23.56,52.01,53.73,89.28,660.37,23.56,37.01,38.73,86.45624878,3.16
2024-05-12 19:00:00,DC_5,23.4,62.36,57.1,85.85,732.26,23.4,47.36,42.1,81.44055573,5.14
2024-05-12 21:30:00,DC_5,22.62,67.92,53.61,89.96,710.94,23.12,52.92,38.61,85.59801809,4.85
2024-05-13 00:00:00,DC_5,23.92,52.89,46.35,69.24,687.07,23.92,44.89,31.35,66.03626323,4.63
2024-05-13 02:30:00,DC_5,22.57,54.85,43.49,47.88,550.01,23.07,39.85,30.0,47.09720059,1.63
2024-05-13 05:00:00,DC_5,22.74,45.21,39.04,33.32,396.39,23.24,30.21,30.0,32.16856954,3.46
2024-05-13 07:30:00,DC_5,23.77,48.61,44.68,33.25,430.28,23.77,33.61,30.0,31.88963469,4.09
2024-05-13 10:00:00,DC_5,21.08,58.7,51.81,65.29,517.24,23.08,43.7,36.81,60.5318386,7.29
2024-05-13 12:30:00,DC_5,23.69,53.2,55.19,93.03,709.38,23.69,38.2,40.19,89.3984365,3.9
2024-05-13 15:00:00,DC_5,22.47,65.33,50.875,168.6,1012.42,23.47,50.33,53.58,162.3014915,3.74
2024-05-13 17:30:00,DC_5,23.67,69.67,63.15,166.98,1031.57,23.67,54.67,48.15,163.8422871,1.88
2024-05-13 20:00:00,DC_5,24.42,67.82,67.45,121.29,985.54,24.42,52.82,52.45,116.1131077,4.27
2024-05-13 22:30:00,DC_5,24.43,60.59,55.2,81.27,835.12,24.43,45.59,40.2,77.56028914,4.56
2024-05-14 01:00:00,DC_5,22.93,56.32,51.78,61.81,618.5,23.43,41.32,36.78,58.88676607,4.73
2024-05-14 03:30:00,DC_5,24.83,44.15,44.68,57.78,550.08,24.83,44.15,30.0,56.05360961,2.99
2024-05-14 06:00:00,DC_5,20.9,61.58,42.4,53.5,473.8,23.4,46.58,30.0,49.97112514,6.6
2024-05-14 08:30:00,DC_5,21.86,49.15,52.67,44.48,402.57,23.36,34.15,37.67,41.56209594,6.56
2024-05-14 11:00:00,DC_5,21.78,60.32,55.18,63.25,632.88,23.28,45.32,40.18,59.27648103,6.28
2024-05-14 13:30:00,DC_5,21.76,65.07,57.02,124.95,821.72,23.26,50.07,42.02,117.0353108,6.33
2024-05-14 16:00:00,DC_5,23.34,58.12,58.15,134.97,991.06,23.34,50.12,43.15,132.480604,1.84
2024-05-14 18:30:00,DC_5,23.92,63.04,56.96,137.88,974.36,23.92,48.04,41.96,134.7418978,2.28
2024-05-14 21:00:00,DC_5,21.63,58.47,63.18,125.93,879.39,23.13,43.47,48.18,118.9730786,5.52
2024-05-14 23:30:00,DC_5,24.78,58.32,56.17,92.08,787.47,24.78,50.32,41.17,89.50287946,2.8
2024-05-15 02:00:00,DC_5,23.53,49.47,44.51,61.82,630.84,23.53,41.47,30.0,60.19357827,2.63
2024-05-15 04:30:00,DC_5,23.22,47.46,39.27,44.56,496.36,23.22,32.46,30.0,42.18166778,5.34
2024-05-15 07:00:00,DC_5,22.29,58.44,57.7,83.96,707.79,23.29,43.44,42.7,79.46220368,5.36
2024-05-15 09:30:00,DC_5,21.05,60.09,48.23,69.98,501.03,23.05,45.09,33.23,64.40560607,7.97
2024-05-15 12:00:00,DC_5,22.18,63.29,50.13,99.58,713.16,23.18,48.29,35.13,97.18299079,2.41
2024-05-15 14:30:00,DC_5,24.27,57.92,58.93,108.69,805.66,24.27,42.92,43.93,105.1975765,3.21
2024-05-15 17:00:00,DC_5,24.37,62.37,59.08,159.09,1048.07,24.37,54.37,44.08,155.5778742,2.21
2024-05-15 19:30:00,DC_5,21.41,70.37,54.75,131.4,885.52,23.41,55.37,39.75,122.4228019,6.83
2024-05-15 22:00:00,DC_5,21.88,56.93,55.11,88.15,820.07,23.38,41.93,40.11,84.8826581,3.71
2024-05-16 00:30:00,DC_5,23.81,60.67,52.94,71.63,708.44,23.81,45.67,37.94,68.28736049,4.67
2024-05-16 03:00:00,DC_5,23.27,56.83,51.04,80.0,697.33,23.27,41.83,36.04,78.06267146,2.42
2024-05-16 05:30:00,DC_5,23.43,55.11,48.67,47.91,462.19,23.43,40.11,33.67,45.52504521,4.98
2024-05-16 08:00:00,DC_5,22.4,52.14,38.7,40.54,413.92,23.4,37.14,30.0,37.90817,6.49
2024-05-16 10:30:00,DC_5,19.84,62.17,55.47,65.56,516.92,19.84,62.17,55.47,65.56,0.0
2024-05-16 13:00:00,DC_5,22.05,57.5,55.69,91.26,699.36,23.05,42.5,40.69,85.61561116,6.18
2024-05-16 15:30:00,DC_5,22.73,68.18,55.83,149.98,877.68,23.23,53.18,40.83,144.0424513,3.96
2024-05-16 18:00:00,DC_5,24.01,62.61,64.06,148.86,1065.99,24.01,47.61,49.06,145.9102837,1.98
2024-05-16 20:30:00,DC_5,21.67,65.03,52.39,118.11,885.49,23.17,50.03,37.39,110.0204635,6.85
2024-05-16 23:00:00,DC_5,22.92,64.64,57.16,105.7,830.06,23.42,49.64,42.16,101.4313958,4.04
2024-05-17 01:30:00,DC_5,23.31,55.28,53.92,62.36,766.23,23.31,55.28,38.92,60.02334043,3.75
2024-05-17 04:00:00,DC_5,27.63,45.75,45.58,33.69,518.71,27.63,45.75,45.58,33.69,0.0
2024-05-17 06:30:00,DC_5,23.0,54.16,42.55,36.01,440.88,23.0,39.16,30.0,34.4143363,4.43
2024-05-17 09:00:00,DC_5,21.66,57.23,50.75,60.88,486.59,23.16,42.23,35.75,55.75729567,8.41
2024-05-17 11:30:00,DC_5,24.72,55.31,53.59,62.4,550.47,24.72,40.31,38.59,59.00091495,5.45
2024-05-17 14:00:00,DC_5,23.58,57.51,55.38,101.59,761.38,23.58,42.51,40.38,98.9883044,2.56
2024-05-17 16:30:00,DC_5,23.17,66.5,67.77,175.26,1111.84,23.17,66.5,67.77,175.26,0.0
2024-05-17 19:00:00,DC_5,22.83,57.64,64.56,127.38,848.35,23.33,42.64,49.56,123.4956892,3.05
2024-05-17 21:30:00,DC_5,21.91,67.29,60.65,133.75,902.53,23.41,52.29,45.65,125.97912,5.81
2024-05-18 00:00:00,DC_5,21.7,57.87,56.93,71.74,608.8,23.2,42.87,41.93,67.14442471,6.41
2024-05-18 02:30:00,DC_5,21.36,52.94,51.41,56.79,532.52,23.36,37.94,36.41,54.3502449,4.3
2024-05-18 05:00:00,DC_5,25.36,44.08,36.72,31.48,427.16,25.36,44.08,36.72,31.48,0.0
2024-05-18 07:30:00,DC_5,23.39,49.66,43.07,46.08,402.96,23.39,34.66,30.0,42.27320397,8.26
2024-05-18 10:00:00,DC_5,22.64,46.37,44.48,37.34,381.08,23.14,31.37,30.0,35.10769355,5.98
2024-05-18 12:30:00,DC_5,22.45,56.34,50.12,58.47,506.21,23.45,41.34,35.12,56.58546389,3.22
2024-05-18 15:00:00,DC_5,23.33,60.7,46.1,103.94,687.62,23.33,45.7,31.1,102.0786456,1.79
2024-05-18 17:30:00,DC_5,22.54,58.48,55.53,102.12,749.96,22.54,50.48,40.53,98.79974201,3.25
2024-05-18 20:00:00,DC_5,22.4,62.9,63.9,78.81,728.7,23.4,47.9,48.9,75.20991259,4.57
2024-05-18 22:30:00,DC_5,24.4,56.35,42.91,83.06,714.68,24.4,48.35,30.0,81.5131635,1.86
2024-05-19 01:00:00,DC_5,23.23,49.06,48.46,68.99,689.48,23.23,41.06,33.46,67.75761843,1.79
2024-05-19 03:30:00,DC_5,21.45,55.7,55.04,83.27,659.24,23.45,40.7,40.04,76.87326665,7.68
2024-05-19 06:00:00,DC_5,28.47,40.67,38.02,28.5,379.94,28.47,40.67,38.02,28.49758227,0.01
2024-05-19 08:30:00,DC_5,25.39,45.02,40.69,42.06,408.16,25.39,37.02,30.0,40.71435712,3.2
2024-05-19 11:00:00,DC_5,24.97,50.1,50.46,50.27,469.96,24.97,35.1,35.46,48.75778854,3.01
2024-05-19 13:30:00,DC_5,22.97,54.02,49.02,80.42,660.37,23.47,39.02,34.02,76.73891384,4.58
2024-05-19 16:00:00,DC_5,23.54,62.25,53.69,145.3,947.56,23.54,47.25,38.69,142.3210691,2.05
2024-05-19 18:30:00,DC_5,25.25,50.03,52.36,87.02,704.75,25.25,50.03,52.36,87.0183343,0.0
2024-05-19 21:00:00,DC_5,23.78,55.72,52.42,85.69,718.12,23.78,40.72,37.42,83.49411002,2.56
2024-05-19 23:30:00,DC_5,21.38,63.65,55.45,114.08,859.74,23.38,48.65,40.45,106.6219658,6.54
2024-05-20 02:00:00,DC_5,21.53,49.47,50.43,62.19,585.82,23.03,34.47,35.43,57.83239541,7.01
2024-05-20 04:30:00,DC_5,20.63,48.49,46.54,53.09,469.46,23.13,33.49,31.54,47.58787234,10.36
2024-05-20 07:00:00,DC_5,21.53,53.63,47.76,80.16,655.2,23.03,38.63,32.76,76.44012676,4.64
2024-05-20 09:30:00,DC_5,17.35,64.89,67.68,79.03,505.8,19.85,49.89,52.68,71.86023958,9.07
2024-05-20 12:00:00,DC_5,22.21,67.7,59.67,151.31,915.58,23.21,52.7,44.67,146.3955826,3.25
2024-05-20 14:30:00,DC_5,22.88,61.13,51.13,86.88,746.68,23.38,46.13,36.13,83.20309883,4.23
2024-05-20 17:00:00,DC_5,23.32,74.18,65.92,170.64,1104.44,23.32,59.18,50.92,165.761761,2.86
2024-05-20 19:30:00,DC_5,23.52,63.5,67.39,142.35,1007.39,23.52,48.5,52.39,139.982396,1.66
2024-05-20 22:00:00,DC_5,23.0,61.32,64.58,115.72,891.0,23.5,46.32,49.58,111.395934,3.74
2024-05-21 00:30:00,DC_5,22.79,55.09,52.76,86.46,748.77,23.29,40.09,37.76,83.13207702,3.85
2024-05-21 03:00:00,DC_5,25.15,47.12,42.47,50.13,589.22,25.15,47.12,42.47,50.12613735,0.01
2024-05-21 05:30:00,DC_5,21.91,58.45,39.13,36.09,410.94,23.41,43.45,30.0,33.2902592,7.76
2024-05-21 08:00:00,DC_5,25.3,51.29,45.77,58.22,619.1,25.3,43.29,30.77,57.43964843,1.34
2024-05-21 10:30:00,DC_5,21.81,56.7,44.77,76.75,559.51,23.31,41.7,30.0,71.41245184,6.95
2024-05-21 13:00:00,DC_5,25.48,64.36,52.89,118.63,784.05,25.48,49.36,37.89,116.6868824,1.64
2024-05-21 15:30:00,DC_5,23.23,66.63,54.39,136.39,948.42,23.23,51.63,39.39,134.0456791,1.72
2024-05-21 18:00:00,DC_5,22.9,66.32,64.27,148.31,1056.79,23.4,51.32,49.27,143.5946672,3.18
2024-05-21 20:30:00,DC_5,21.26,63.8,65.06,125.9,884.72,23.26,48.8,50.06,116.525048,7.45
2024-05-21 23:00:00,DC_5,24.88,47.54,53.82,79.14,784.5,24.88,47.54,53.82,79.14,0.0
2024-05-22 01:30:00,DC_5,25.55,60.22,41.2,47.27,616.71,25.55,45.22,30.0,45.49131761,3.76
2024-05-22 04:00:00,DC_5,16.69,62.6,56.9,64.96,489.45,19.19,47.6,41.9,57.60976268,11.32
2024-05-22 06:30:00,DC_5,23.32,49.55,50.44,48.95,480.0,23.32,34.55,35.44,47.25817875,3.46
2024-05-22 09:00:00,DC_5,24.27,51.6,46.01,44.68,446.69,24.27,36.6,31.01,41.71285571,6.64
2024-05-22 11:30:00,DC_5,24.26,54.64,49.89,68.5,596.65,24.26,39.64,34.89,64.70112763,5.55
2024-05-22 14:00:00,DC_5,22.62,63.28,51.48,88.05,676.21,23.12,48.28,36.48,83.33353802,5.36
2024-05-22 16:30:00,DC_5,23.51,70.75,59.68,153.57,997.08,23.51,55.75,44.68,149.0595385,2.94
2024-05-22 19:00:00,DC_5,22.84,69.53,66.63,156.9,1001.84,23.34,54.53,51.63,153.3696866,2.25
2024-05-22 21:30:00,DC_5,22.53,69.44,58.54,131.34,973.32,23.03,54.44,43.54,125.4671629,4.47
2024-05-23 00:00:00,DC_5,21.86,58.63,55.08,76.64,675.91,23.36,43.63,40.08,72.60099807,5.27
2024-05-23 02:30:00,DC_5,24.56,48.58,47.05,51.21,544.08,24.56,40.58,32.05,47.14684977,7.93
2024-05-23 05:00:00,DC_5,24.43,48.92,44.11,42.55,475.31,24.43,33.92,30.0,38.93870857,8.49
2024-05-23 07:30:00,DC_5,21.76,49.45,47.9,51.16,463.85,23.26,34.45,32.9,48.19795485,5.79
2024-05-23 10:00:00,DC_5,21.91,59.6,56.34,73.13,536.62,23.41,44.6,41.34,68.31605619,6.58
2024-05-23 12:30:00,DC_5,22.13,62.18,55.93,85.43,777.93,23.13,47.18,40.93,80.63659076,5.61
2024-05-23 15:00:00,DC_5,22.85,56.41,60.68,109.68,870.74,23.35,41.41,45.68,106.8189863,2.61
2024-05-23 17:30:00,DC_5,22.36,66.98,71.72,187.99,1127.88,23.36,51.98,56.72,181.778053,3.3
2024-05-23 20:00:00,DC_5,23.7,69.2,57.3,159.58,1086.75,23.7,54.2,42.3,154.3243507,3.29
2024-05-23 22:30:00,DC_5,19.6,63.24,60.67,135.73,862.6,22.1,48.24,45.67,126.4607889,6.83
2024-05-24 01:00:00,DC_5,23.63,63.43,59.17,96.08,818.47,23.63,63.43,59.17,96.08,0.0
2024-05-24 03:30:00,DC_5,23.63,51.81,46.12,45.71,438.41,23.63,43.81,31.12,42.58415478,6.84
2024-05-24 06:00:00,DC_5,23.83,43.85,46.37,32.17,387.47,23.83,30.0,31.37,29.88751718,7.1
2024-05-24 08:30:00,DC_5,21.53,54.74,42.46,41.01,400.13,23.03,39.74,30.0,38.24622781,6.74
2024-05-24 11:00:00,DC_5,23.54,49.62,50.94,82.74,630.93,23.54,34.62,35.94,78.16612474,5.53
2024-05-24 13:30:00,DC_5,22.21,61.65,63.66,99.95,693.81,23.21,46.65,48.66,93.67103755,6.28
2024-05-24 16:00:00,DC_5,22.4,69.42,60.87,142.21,974.57,23.4,54.42,45.87,136.385205,4.1
2024-05-24 18:30:00,DC_5,23.47,69.77,65.57,181.25,1171.96,23.47,54.77,50.57,175.8294833,2.99
2024-05-24 21:00:00,DC_5,20.88,70.4,61.91,141.95,1013.69,23.38,55.4,46.91,131.6923001,7.23
2024-05-24 23:30:00,DC_5,24.56,59.74,49.18,103.76,842.67,24.56,44.74,34.18,100.9096753,2.75
2024-05-25 02:00:00,DC_5,24.09,48.14,49.92,68.52,658.7,24.09,40.14,34.92,67.84941038,0.98
2024-05-25 04:30:00,DC_5,22.41,54.46,44.65,53.9,547.19,23.41,39.46,30.0,50.62430033,6.08
2024-05-25 07:00:00,DC_5,22.95,57.04,43.04,44.68,483.64,23.45,42.04,30.0,43.06505235,3.61
2024-05-25 09:30:00,DC_5,21.27,52.79,52.47,58.09,504.51,23.27,37.79,37.47,54.20637262,6.69
2024-05-25 12:00:00,DC_5,23.56,54.02,43.65,76.89,544.31,23.56,39.02,30.0,73.19994888,4.8
2024-05-25 14:30:00,DC_5,22.56,61.42,53.15,69.94,579.03,23.06,46.42,38.15,64.86739757,7.25
2024-05-25 17:00:00,DC_5,21.2,62.84,56.76,96.87,677.54,23.2,47.84,41.76,90.51840215,6.56
2024-05-25 19:30:00,DC_5,22.89,60.09,54.61,99.78,711.91,23.39,45.09,39.61,97.32990687,2.46
2024-05-25 22:00:00,DC_5,22.43,58.96,53.17,69.84,652.57,23.43,43.96,38.17,66.63535457,4.59
2024-05-26 00:30:00,DC_5,22.87,45.18,45.73,49.48,546.51,23.37,37.18,30.73,48.35065286,2.28
2024-05-26 03:00:00,DC_5,24.14,55.12,50.08,43.93,470.84,24.14,40.12,35.08,41.53979949,5.44
2024-05-26 05:30:00,DC_5,21.59,50.63,38.42,45.91,445.98,22.59,42.63,30.0,42.99377804,6.35
2024-05-26 08:00:00,DC_5,23.2,55.01,43.3,40.51,416.35,23.2,40.01,30.0,36.7583314,9.26
2024-05-26 10:30:00,DC_5,22.5,58.23,48.63,88.01,645.71,23.0,43.23,33.63,82.88587278,5.82
2024-05-26 13:00:00,DC_5,22.96,53.37,56.59,77.59,610.17,23.46,38.37,41.59,74.34050739,4.19
2024-05-26 15:30:00,DC_5,22.69,54.91,58.22,90.5,647.75,23.19,39.91,43.22,87.20296079,3.64
2024-05-26 18:00:00,DC_5,25.5,55.32,53.23,80.18,735.27,25.5,47.32,38.23,79.64719502,0.66
2024-05-26 20:30:00,DC_5,24.95,55.17,51.39,74.9,616.68,24.95,40.17,36.39,71.24642097,4.88
2024-05-26 23:00:00,DC_5,22.41,56.59,48.63,68.93,631.43,23.41,41.59,33.63,66.7572334,3.15
2024-05-27 01:30:00,DC_5,22.58,49.83,52.82,70.23,674.54,22.58,34.83,37.82,69.08463342,1.63
2024-05-27 04:00:00,DC_5,24.54,50.05,48.28,47.83,524.41,24.54,42.05,33.28,46.54873412,2.68
2024-05-27 06:30:00,DC_5,24.25,50.61,34.26,29.87,436.35,24.25,35.61,30.0,28.24452308,5.44
2024-05-27 09:00:00,DC_5,22.89,55.955,43.45,42.86,492.2,23.39,34.3,30.0,39.84501316,7.03
2024-05-27 11:30:00,DC_5,26.92,62.46,40.29,81.29,660.13,26.92,54.46,30.0,79.31544138,2.43
2024-05-27 14:00:00,DC_5,23.16,64.64,57.51,99.01,763.86,23.16,49.64,42.51,96.27140104,2.77
2024-05-27 16:30:00,DC_5,22.27,73.21,58.24,186.07,1151.03,23.27,58.21,43.24,180.2242749,3.14
2024-05-27 19:00:00,DC_5,22.49,71.07,62.79,165.26,984.4,23.49,56.07,47.79,158.2174012,4.26
2024-05-27 21:30:00,DC_5,23.17,62.73,59.74,127.77,934.57,23.17,62.73,59.74,127.77,0.0
2024-05-28 00:00:00,DC_5,23.65,54.49,57.79,73.83,719.95,23.65,39.49,42.79,71.21397764,3.54
2024-05-28 02:30:00,DC_5,23.71,40.51,41.31,36.18,493.76,23.71,32.51,30.0,33.18190836,8.29
2024-05-28 05:00:00,DC_5,22.52,40.98,44.0,34.28,391.57,23.02,30.0,30.0,32.42629851,5.41
2024-05-28 07:30:00,DC_5,23.03,50.74,43.79,41.79,407.9,23.03,35.74,30.0,39.10772381,6.42
2024-05-28 10:00:00,DC_5,20.21,56.71,53.99,66.31,474.04,22.71,41.71,38.99,61.54768593,7.18
2024-05-28 12:30:00,DC_5,24.22,62.72,47.76,106.13,761.08,24.22,47.72,32.76,102.4659245,3.45
2024-05-28 15:00:00,DC_5,24.88,72.94,54.12,124.06,935.76,24.88,72.94,54.12,124.055792,0.0
2024-05-28 17:30:00,DC_5,22.22,77.53,65.1,204.21,1210.84,23.22,62.53,50.1,197.0860415,3.49
2024-05-28 20:00:00,DC_5,21.93,63.0,55.89,119.84,913.25,23.43,48.0,40.89,115.0534655,3.99
2024-05-28 22:30:00,DC_5,21.9,64.51,72.58,113.66,818.28,23.4,49.51,57.58,107.8258863,5.13
2024-05-29 01:00:00,DC_5,22.59,59.31,43.91,69.21,634.42,23.09,44.31,30.0,66.11267254,4.48
2024-05-29 03:30:00,DC_5,22.88,56.81,49.64,80.72,796.2,23.38,41.81,34.64,77.54043003,3.94
2024-05-29 06:00:00,DC_5,22.91,50.46,50.67,41.29,411.41,23.41,35.46,35.67,37.46023459,9.28
2024-05-29 08:30:00,DC_5,22.36,63.75,47.67,50.3,462.29,23.36,48.75,32.67,45.58627122,9.37
2024-05-29 11:00:00,DC_5,24.33,52.73,50.0,74.2,610.7,24.33,37.73,35.0,72.90239633,1.75
2024-05-29 13:30:00,DC_5,23.06,50.52,48.03,82.1,653.62,23.06,35.52,33.03,80.07030468,2.47
2024-05-29 16:00:00,DC_5,24.24,65.24,68.46,141.4,1016.52,24.24,50.24,53.46,137.1442543,3.01
2024-05-29 18:30:00,DC_5,21.62,67.43,61.7,149.16,959.35,23.12,52.43,46.7,140.9087756,5.53
2024-05-29 21:00:00,DC_5,20.34,71.41,67.21,143.24,901.94,22.84,56.41,52.21,133.5429231,6.77
2024-05-29 23:30:00,DC_5,23.35,67.88,62.48,167.85,1090.72,23.35,52.88,47.48,163.3033376,2.71
2024-05-30 02:00:00,DC_5,22.67,47.89,46.72,60.86,594.7,23.17,32.89,31.72,58.5703992,3.76
2024-05-30 04:30:00,DC_5,24.21,47.24,41.48,30.42,402.15,24.21,32.24,30.0,28.868679,5.1
2024-05-30 07:00:00,DC_5,21.13,49.84,40.12,39.44,465.19,23.13,34.84,30.0,36.20960625,8.19
2024-05-30 09:30:00,DC_5,25.46,44.94,44.72,43.4,456.31,25.46,36.94,30.0,40.5073954,6.66
2024-05-30 12:00:00,DC_5,24.05,53.67,52.1,83.93,674.6,24.05,38.67,37.1,80.53322939,4.05
2024-05-30 14:30:00,DC_5,21.84,69.59,57.15,124.3,770.68,23.34,54.59,42.15,119.6925334,3.71
2024-05-30 17:00:00,DC_5,24.16,68.36,66.12,193.47,1086.51,24.16,53.36,51.12,188.6639195,2.48
2024-05-30 19:30:00,DC_5,22.73,65.09,55.27,124.87,947.77,23.23,50.09,40.27,119.649622,4.18
2024-05-30 22:00:00,DC_5,22.94,58.65,57.88,120.94,862.29,23.44,43.65,42.88,115.469735,4.52
2024-05-31 00:30:00,DC_5,22.75,57.18,53.39,78.36,741.81,23.25,42.18,38.39,73.85243822,5.75
2024-05-31 03:00:00,DC_5,23.82,45.41,40.52,48.24,552.87,23.82,37.41,30.0,46.01093078,4.62
2024-05-31 05:30:00,DC_5,23.65,49.62,42.44,39.04,459.03,23.65,34.62,30.0,36.95116027,5.35
2024-05-31 08:00:00,DC_5,23.63,51.03,48.13,38.52,434.71,23.63,36.03,33.13,35.33384721,8.27
2024-05-31 10:30:00,DC_5,21.69,55.91,47.34,54.32,509.39,23.19,40.91,32.34,50.23190086,7.53
2024-05-31 13:00:00,DC_5,24.35,64.73,64.46,165.99,967.16,24.35,64.73,64.46,165.99,0.0
2024-05-31 15:30:00,DC_5,23.61,66.24,70.09,144.3,940.51,23.61,51.24,55.09,140.445614,2.67
2024-05-31 18:00:00,DC_5,20.73,73.38,64.1,181.19,1075.21,23.23,58.38,49.1,169.759469,6.31
2024-05-31 20:30:00,DC_5,24.81,57.47,50.09,127.27,842.93,24.81,49.47,35.09,124.7841208,1.95
2024-05-31 23:00:00,DC_5,22.04,61.27,54.83,110.26,845.82,22.54,53.27,39.83,107.9187493,2.12
2024-06-01 01:30:00,DC_5,23.23,48.12,48.02,35.9,512.83,23.23,48.12,48.02,35.9,0.0
2024-06-01 04:00:00,DC_5,21.62,56.41,49.1,57.28,502.0,23.12,41.41,34.1,53.44504063,6.7
2024-06-01 06:30:00,DC_5,21.1,60.05,49.48,45.48,403.07,23.1,45.05,34.48,41.35823539,9.06
2024-06-01 09:00:00,DC_5,22.55,54.67,48.47,43.17,392.04,23.05,39.67,33.47,40.22397355,6.82
2024-06-01 11:30:00,DC_5,23.64,61.13,61.93,64.97,578.89,23.64,46.13,46.93,59.94617414,7.73
2024-06-01 14:00:00,DC_5,22.71,63.95,52.95,72.63,627.38,23.21,48.95,37.95,68.06299144,6.29
2024-06-01 16:30:00,DC_5,23.71,56.01,58.66,90.74,728.87,23.71,41.01,43.66,86.72837597,4.42
2024-06-01 19:00:00,DC_5,23.81,64.97,55.69,84.76,733.66,23.81,49.97,40.69,81.92712282,3.34
2024-06-01 21:30:00,DC_5,22.06,62.62,55.45,82.82,711.57,23.06,47.62,40.45,79.24196964,4.32
2024-06-02 00:00:00,DC_5,22.61,54.77,48.24,72.56,663.64,23.11,39.77,33.24,67.6473991,6.77
2024-06-02 02:30:00,DC_5,21.01,63.6,51.69,59.28,549.26,23.01,48.6,36.69,54.20442943,8.56
2024-06-02 05:00:00,DC_5,22.75,45.37,43.07,31.89,428.49,23.25,30.37,30.0,29.73772871,6.75
2024-06-02 07:30:00,DC_5,22.54,64.29,53.19,82.25,670.94,23.04,49.29,38.19,79.45324997,3.4
2024-06-02 10:00:00,DC_5,22.45,48.7,50.875,46.71,468.84,23.45,33.7,46.38,44.57661396,4.57
2024-06-02 12:30:00,DC_5,24.14,62.6,57.66,69.99,607.57,24.14,47.6,42.66,64.58622935,7.72
2024-06-02 15:00:00,DC_5,21.97,67.65,62.7,99.05,678.39,23.47,52.65,47.7,92.32468107,6.79
2024-06-02 17:30:00,DC_5,23.77,62.92,57.81,85.88,701.5,23.77,47.92,42.81,83.27241716,3.04
2024-06-02 20:00:00,DC_5,24.37,58.09,54.88,72.59,727.34,24.37,58.09,54.88,72.58574158,0.01
2024-06-02 22:30:00,DC_5,23.63,64.29,50.26,67.23,681.84,23.63,49.29,35.26,62.14574868,7.56
2024-06-03 01:00:00,DC_5,21.15,56.89,56.77,65.98,637.15,23.15,41.89,41.77,59.83844143,9.31
2024-06-03 03:30:00,DC_5,23.03,47.7,50.58,53.99,532.83,23.03,32.7,35.58,51.70842765,4.23
2024-06-03 06:00:00,DC_5,22.61,51.29,42.46,33.6,451.76,23.11,36.29,30.0,31.4098358,6.52
2024-06-03 08:30:00,DC_5,23.56,57.02,43.18,42.81,423.22,23.56,42.02,30.0,41.4725427,3.12
2024-06-03 11:00:00,DC_5,22.66,63.04,62.67,62.91,551.57,23.16,48.04,47.67,58.99598145,6.22
2024-06-03 13:30:00,DC_5,25.45,58.74,48.45,87.7,766.96,25.45,50.74,33.45,85.24471725,2.8
2024-06-03 16:00:00,DC_5,24.29,74.98,56.35,122.99,987.8,24.29,59.98,41.35,117.7842729,4.23
2024-06-03 18:30:00,DC_5,16.64,80.78,75.23,223.66,1100.22,19.14,65.78,60.23,206.914171,7.49
2024-06-03 21:00:00,DC_5,22.27,79.43,65.98,171.8,1230.99,23.27,64.43,50.98,164.4565745,4.27
2024-06-03 23:30:00,DC_5,20.27,59.96,57.65,81.32,705.89,22.77,44.96,42.65,76.95602001,5.37
2024-06-04 02:00:00,DC_5,23.75,63.45,48.64,61.5,624.86,23.75,63.45,33.64,59.6747125,2.97
2024-06-04 04:30:00,DC_5,22.76,51.62,49.94,49.3,461.96,23.26,36.62,34.94,45.43217232,7.85
2024-06-04 07:00:00,DC_5,24.37,59.27,44.97,50.51,468.83,24.37,44.27,30.0,44.90055455,11.11
2024-06-04 09:30:00,DC_5,20.06,57.88,52.98,70.5,582.94,22.56,42.88,37.98,65.3491697,7.31
2024-06-04 12:00:00,DC_5,23.73,55.87,44.55,76.2,594.39,23.73,40.87,30.0,71.96944521,5.55
2024-06-04 14:30:00,DC_5,21.4,70.75,65.74,117.4,868.69,23.4,55.75,50.74,109.6595993,6.59
2024-06-04 17:00:00,DC_5,22.9,69.99,69.57,166.63,1027.86,23.4,54.99,54.57,161.0740401,3.33
2024-06-04 19:30:00,DC_5,23.9,72.78,65.56,148.33,1140.63,23.9,57.78,50.56,144.6331118,2.49
2024-06-04 22:00:00,DC_5,23.08,63.19,54.98,106.04,914.52,23.08,48.19,39.98,104.2003893,1.73
2024-06-05 00:30:00,DC_5,22.28,66.36,50.97,85.49,723.17,23.28,51.36,35.97,80.72975683,5.57
2024-06-05 03:00:00,DC_5,21.44,59.4,56.02,62.64,514.35,22.44,44.4,41.02,58.67220424,6.33
2024-06-05 05:30:00,DC_5,23.68,55.955,49.16,45.38,488.76,23.68,36.54,34.16,41.63762952,8.25
2024-06-05 08:00:00,DC_5,21.87,53.86,54.37,61.73,484.45,23.37,38.86,39.37,57.36546199,7.07
2024-06-05 10:30:00,DC_5,22.36,58.81,53.87,61.31,567.54,23.36,43.81,38.87,57.39098018,6.39
2024-06-05 13:00:00,DC_5,20.8,76.31,70.16,164.41,1043.32,23.3,61.31,55.16,152.5620379,7.21
2024-06-05 15:30:00,DC_5,22.99,68.73,61.03,138.13,916.67,23.49,53.73,46.03,131.5483492,4.76
2024-06-05 18:00:00,DC_5,23.14,67.19,71.26,171.37,1166.72,23.14,52.19,56.26,168.0233216,1.95
2024-06-05 20:30:00,DC_5,23.29,67.59,58.75,112.2,905.09,23.29,52.59,43.75,109.8756639,2.07
2024-06-05 23:00:00,DC_5,20.93,67.46,64.66,112.68,940.5,23.43,52.46,49.66,105.8655711,6.05
2024-06-06 01:30:00,DC_5,24.09,51.24,47.91,61.69,623.34,24.09,43.24,32.91,59.75249649,3.14
2024-06-06 04:00:00,DC_5,23.52,56.05,44.19,37.17,495.76,23.52,41.05,30.0,36.45893631,1.91
2024-06-06 06:30:00,DC_5,22.7,51.76,46.71,41.67,437.49,23.2,36.76,31.71,40.06013887,3.86
2024-06-06 09:00:00,DC_5,23.36,51.62,43.45,49.9,470.78,23.36,36.62,30.0,48.08448262,3.64
2024-06-06 11:30:00,DC_5,22.8,54.28,51.67,53.01,573.76,23.3,39.28,36.67,50.90580105,3.97
2024-06-06 14:00:00,DC_5,24.67,60.61,54.68,104.57,768.93,24.67,45.61,39.68,101.6844198,2.76
2024-06-06 16:30:00,DC_5,23.98,67.64,61.33,140.15,983.37,23.98,52.64,46.33,137.9484151,1.57
2024-06-06 19:00:00,DC_5,22.18,68.6,56.19,145.63,979.02,23.18,53.6,41.19,140.6737555,3.4
2024-06-06 21:30:00,DC_5,21.35,67.69,70.49,183.89,1189.54,23.35,52.69,55.49,175.9317167,4.33
2024-06-07 00:00:00,DC_5,22.45,64.03,56.54,61.21,704.58,23.45,49.03,41.54,57.9573208,5.31
2024-06-07 02:30:00,DC_5,21.3,51.46,53.51,56.68,567.29,23.3,36.46,38.51,51.46692574,9.2
2024-06-07 05:00:00,DC_5,21.97,55.79,52.32,54.06,434.38,23.47,40.79,37.32,49.73382505,8.0
2024-06-07 07:30:00,DC_5,21.55,55.82,48.01,45.14,457.93,23.05,40.82,33.01,43.39739237,3.86
2024-06-07 10:00:00,DC_5,21.26,67.41,63.69,100.05,684.21,23.26,52.41,48.69,94.21012897,5.84
2024-06-07 12:30:00,DC_5,21.95,59.75,58.18,103.39,769.69,23.45,44.75,43.18,96.99695845,6.18
2024-06-07 15:00:00,DC_5,23.87,66.6,61.58,143.32,920.13,23.87,51.6,46.58,139.0973415,2.95
2024-06-07 17:30:00,DC_5,23.15,64.56,66.25,166.48,1049.97,23.15,49.56,51.25,162.4268644,2.43
2024-06-07 20:00:00,DC_5,22.97,69.28,64.29,132.23,929.12,23.47,54.28,49.29,127.6359134,3.47
2024-06-07 22:30:00,DC_5,23.06,60.98,58.92,86.04,792.24,23.06,45.98,43.92,82.44157215,4.18
2024-06-08 01:00:00,DC_5,21.76,50.67,52.02,61.58,555.12,23.26,35.67,37.02,58.98906692,4.21
2024-06-08 03:30:00,DC_5,20.85,53.45,58.21,52.14,454.55,23.35,38.45,43.21,47.89793227,8.14
2024-06-08 06:00:00,DC_5,22.3,51.98,45.35,40.06,432.59,23.3,36.98,30.35,37.32535917,6.83
2024-06-08 08:30:00,DC_5,21.87,55.79,49.72,41.09,443.8,23.37,40.79,34.72,39.15559234,4.71
2024-06-08 11:00:00,DC_5,24.11,53.02,47.03,49.78,501.32,24.11,38.02,32.03,47.5739343,4.43
2024-06-08 13:30:00,DC_5,22.74,60.59,57.1,82.6,604.12,23.24,52.59,42.1,77.54541839,6.12
2024-06-08 16:00:00,DC_5,19.96,67.94,64.12,123.79,781.31,22.46,52.94,49.12,114.9359355,7.15
2024-06-08 18:30:00,DC_5,17.46,70.4,63.84,115.3,741.22,19.96,70.4,48.84,110.4333645,4.22
2024-06-08 21:00:00,DC_5,22.87,57.11,59.52,88.71,742.6,23.37,42.11,44.52,83.69941249,5.65
2024-06-08 23:30:00,DC_5,17.62,68.68,66.51,92.86,614.04,20.12,53.68,51.51,84.89726056,8.57
2024-06-09 02:00:00,DC_5,22.15,57.94,46.55,54.91,544.27,23.15,42.94,31.55,51.68573442,5.87
2024-06-09 04:30:00,DC_5,22.87,48.97,44.13,46.75,477.16,23.37,33.97,30.0,43.00619736,8.01
2024-06-09 07:00:00,DC_5,22.81,47.01,48.81,37.53,439.8,23.31,32.01,33.81,35.97868159,4.13
2024-06-09 09:30:00,DC_5,20.39,53.76,56.12,72.9,475.32,22.89,38.76,41.12,66.47244213,8.82
2024-06-09 12:00:00,DC_5,24.26,48.39,46.61,53.07,456.39,24.26,48.39,31.61,50.61272941,4.63
2024-06-09 14:30:00,DC_5,23.58,68.03,60.06,113.8,784.59,23.58,53.03,45.06,108.341767,4.8
2024-06-09 17:00:00,DC_5,22.23,66.36,55.8,92.61,683.65,23.23,51.36,40.8,87.42094183,5.6
2024-06-09 19:30:00,DC_5,28.09,49.58,51.67,76.99,656.1,28.09,49.58,51.67,76.99,0.0
2024-06-09 22:00:00,DC_5,23.46,59.54,52.78,63.09,627.61,23.46,44.54,37.78,58.84872236,6.72
2024-06-10 00:30:00,DC_5,23.37,61.98,45.82,79.96,777.47,23.37,46.98,30.82,75.74089227,5.28
2024-06-10 03:00:00,DC_5,22.49,63.19,44.0,83.67,714.45,23.49,48.19,30.0,79.19465994,5.35
2024-06-10 05:30:00,DC_5,23.57,50.18,44.89,45.3,465.67,23.57,35.18,30.0,42.13045069,7.0
2024-06-10 08:00:00,DC_5,22.69,58.13,55.37,52.68,486.45,23.19,43.13,40.37,47.62236223,9.6
2024-06-10 10:30:00,DC_5,22.27,61.7,52.12,62.78,540.39,23.27,46.7,37.12,58.89237176,6.19
2024-06-10 13:00:00,DC_5,27.34,58.13,53.31,94.79,773.46,27.34,58.13,38.31,93.46193692,1.4
2024-06-10 15:30:00,DC_5,20.88,71.65,68.92,135.61,864.59,23.38,56.65,53.92,125.8525376,7.2
2024-06-10 18:00:00,DC_5,23.97,62.47,60.11,166.88,1110.55,23.97,54.47,45.11,162.7753717,2.46
2024-06-10 20:30:00,DC_5,22.05,62.68,63.3,124.46,1007.44,23.05,47.68,48.3,119.3152081,4.13
2024-06-10 23:00:00,DC_5,20.76,63.39,53.61,90.47,793.8,23.26,48.39,38.61,83.90681152,7.25
2024-06-11 01:30:00,DC_5,21.85,55.8,47.39,53.64,625.96,23.35,40.8,32.39,50.52541224,5.81
2024-06-11 04:00:00,DC_5,22.66,51.81,51.46,51.29,524.35,23.16,36.81,36.46,48.44255792,5.55
2024-06-11 06:30:00,DC_5,23.88,48.46,40.39,44.31,460.43,23.88,48.46,40.39,44.31,0.0
2024-06-11 09:00:00,DC_5,23.18,54.55,48.02,49.29,455.57,23.18,39.55,33.02,45.35717045,7.98
2024-06-11 11:30:00,DC_5,23.33,53.97,56.37,79.56,648.91,23.33,38.97,41.37,75.47659075,5.13
2024-06-11 14:00:00,DC_5,24.41,65.7,61.17,104.44,763.16,24.41,50.7,46.17,102.0175977,2.32
2024-06-11 16:30:00,DC_5,24.68,74.32,65.94,188.06,1158.36,24.68,59.32,50.94,184.9972104,1.63
2024-06-11 19:00:00,DC_5,25.02,69.01,65.97,132.18,998.49,25.02,54.01,50.97,126.2069268,4.52
2024-06-11 21:30:00,DC_5,23.39,61.8,61.53,98.02,892.78,23.39,61.8,61.53,98.01758494,0.0
2024-06-12 00:00:00,DC_5,21.88,54.83,55.8,77.11,696.07,23.38,39.83,40.8,73.34575036,4.88
2024-06-12 02:30:00,DC_5,26.22,47.03,44.55,50.72,633.79,26.22,47.03,30.0,48.03454125,5.29
2024-06-12 05:00:00,DC_5,23.04,49.15,46.23,45.83,486.82,23.04,34.15,31.23,43.47359745,5.14
2024-06-12 07:30:00,DC_5,24.01,49.35,41.01,38.93,417.08,24.01,34.35,30.0,36.23079834,6.93
2024-06-12 10:00:00,DC_5,22.73,56.11,45.81,47.45,438.27,23.23,41.11,30.81,43.63347656,8.04
2024-06-12 12:30:00,DC_5,23.19,57.4,68.21,77.5,721.94,23.19,42.4,53.21,73.64746996,4.97
2024-06-12 15:00:00,DC_5,21.17,70.18,70.99,166.04,973.36,23.17,70.18,55.99,160.6103376,3.27
2024-06-12 17:30:00,DC_5,23.55,73.56,67.97,148.61,1024.95,23.55,58.56,52.97,145.3458712,2.2
2024-06-12 20:00:00,DC_5,22.62,68.81,54.48,139.54,919.69,23.12,53.81,39.48,134.8544106,3.36
2024-06-12 22:30:00,DC_5,21.8,68.72,59.21,113.8,830.72,22.8,53.72,44.21,108.3522595,4.79
2024-06-13 01:00:00,DC_5,23.49,54.67,49.88,64.56,704.98,23.49,39.67,34.88,60.18338337,6.78
2024-06-13 03:30:00,DC_5,20.86,53.83,49.86,62.55,526.76,23.36,38.83,34.86,56.50599239,9.66
2024-06-13 06:00:00,DC_5,24.12,43.09,44.22,37.11,451.32,24.12,43.09,30.0,35.19414218,5.16
2024-06-13 08:30:00,DC_5,24.28,53.27,49.65,59.13,541.45,24.28,38.27,34.65,56.59693327,4.28
2024-06-13 11:00:00,DC_5,22.65,59.93,51.04,63.85,578.18,23.15,44.93,36.04,58.65503606,8.14
2024-06-13 13:30:00,DC_5,23.09,67.19,57.15,89.14,823.73,23.09,52.19,42.15,85.02233625,4.62
2024-06-13 16:00:00,DC_5,22.96,77.76,69.03,163.48,999.44,23.46,62.76,54.03,158.0796582,3.3
2024-06-13 18:30:00,DC_5,21.36,73.86,61.74,180.88,1144.93,23.36,58.86,46.74,171.6205901,5.12
2024-06-13 21:00:00,DC_5,24.39,67.13,63.53,150.69,1106.47,24.39,59.13,48.53,148.5289073,1.43
2024-06-13 23:30:00,DC_5,22.73,60.32,55.54,88.54,811.05,23.23,45.32,40.54,85.05763474,3.93
2024-06-14 02:00:00,DC_5,18.21,62.44,57.91,74.17,549.41,20.71,47.44,42.91,67.93121556,8.41
2024-06-14 04:30:00,DC_5,25.83,49.8,38.5,36.63,491.03,25.83,41.8,30.0,34.38458568,6.13
2024-06-14 07:00:00,DC_5,23.0,56.48,49.32,48.0,431.59,23.0,41.48,34.32,44.73733109,6.8
2024-06-14 09:30:00,DC_5,22.95,46.83,50.6,53.09,504.55,23.45,31.83,35.6,49.84871348,6.11
2024-06-14 12:00:00,DC_5,23.86,59.78,49.04,82.21,636.24,23.86,44.78,34.04,78.84242301,4.1
2024-06-14 14:30:00,DC_5,24.63,61.66,57.28,100.63,711.55,24.63,46.66,42.28,97.66367567,2.95
2024-06-14 17:00:00,DC_5,21.94,69.81,68.6,134.19,949.35,23.44,54.81,53.6,126.9469647,5.4
2024-06-14 19:30:00,DC_5,19.51,72.05,67.32,177.37,1019.24,22.01,57.05,52.32,167.4317712,5.6
2024-06-14 22:00:00,DC_5,23.53,67.57,58.28,104.84,902.25,23.53,52.57,43.28,101.586376,3.1
2024-06-15 00:30:00,DC_5,21.26,53.61,51.63,60.31,516.55,23.26,38.61,36.63,56.43396769,6.43
2024-06-15 03:00:00,DC_5,26.91,51.86,34.7,41.81,478.26,26.91,43.86,30.0,41.31236763,1.19
2024-06-15 05:30:00,DC_5,21.87,60.55,53.01,46.05,401.27,23.37,45.55,38.01,41.81971504,9.19
2024-06-15 08:00:00,DC_5,25.2,51.19,39.7,28.2,395.6,25.2,36.19,30.0,25.56946828,9.33
2024-06-15 10:30:00,DC_5,21.9,58.2,49.07,62.61,448.52,23.4,43.2,34.07,57.3656966,8.38
2024-06-15 13:00:00,DC_5,23.02,52.43,50.875,64.98,518.5,23.02,37.43,39.6,63.63919586,2.06
2024-06-15 15:30:00,DC_5,23.84,56.08,58.41,89.05,622.6,23.84,56.08,58.41,89.05,0.0
2024-06-15 18:00:00,DC_5,23.53,64.65,57.22,107.13,801.14,23.53,49.65,42.22,103.050549,3.81
2024-06-15 20:30:00,DC_5,24.68,58.3,55.97,75.08,672.59,24.68,43.3,40.97,72.53266962,3.39
2024-06-15 23:00:00,DC_5,21.28,55.36,55.05,82.82,626.53,23.28,40.36,40.05,78.19311135,5.59
2024-06-16 01:30:00,DC_5,24.1,44.56,42.38,37.06,537.66,24.1,44.56,42.38,37.05676773,0.01
2024-06-16 04:00:00,DC_5,20.45,56.03,50.3,50.81,434.89,22.95,41.03,35.3,45.22807991,10.99
2024-06-16 06:30:00,DC_5,23.39,60.13,48.5,44.37,426.5,23.39,45.13,33.5,40.20781789,9.38
2024-06-16 09:00:00,DC_5,23.42,58.64,50.73,56.13,422.82,23.42,50.64,35.73,53.22761052,5.17
2024-06-16 11:30:00,DC_5,23.25,56.71,48.67,62.93,534.11,23.25,41.71,33.67,61.76761686,1.85
2024-06-16 14:00:00,DC_5,24.01,54.98,53.46,74.63,623.66,24.01,39.98,38.46,70.2698829,5.84
2024-06-16 16:30:00,DC_5,24.33,57.65,61.3,80.6,726.79,24.33,42.65,46.3,78.69783766,2.36
2024-06-16 19:00:00,DC_5,24.91,64.3,62.4,89.22,754.82,24.91,49.3,47.4,85.02352893,4.7
2024-06-16 21:30:00,DC_5,20.98,61.53,60.99,95.08,741.9,23.48,46.53,45.99,88.92286252,6.48
2024-06-17 00:00:00,DC_5,19.59,64.52,61.05,101.85,800.67,22.09,49.52,46.05,93.86006419,7.84
2024-06-17 02:30:00,DC_5,27.52,45.25,42.32,60.35,611.18,27.52,45.25,42.32,60.3468214,0.01
2024-06-17 05:00:00,DC_5,25.1,49.05,32.74,37.04,465.01,25.1,34.05,30.0,35.48404031,4.2
2024-06-17 07:30:00,DC_5,22.47,57.66,46.79,39.74,414.28,23.47,42.66,31.79,37.13417316,6.56
2024-06-17 10:00:00,DC_5,22.78,64.92,50.51,55.81,506.12,23.28,49.92,35.51,51.89465487,7.02
2024-06-17 12:30:00,DC_5,24.41,53.72,58.25,84.04,677.36,24.41,38.72,43.25,79.67070399,5.2
2024-06-17 15:00:00,DC_5,24.65,61.64,62.21,163.08,1095.79,24.65,61.64,47.21,159.7262621,2.06
2024-06-17 17:30:00,DC_5,21.97,77.44,73.97,164.67,1146.17,23.47,62.44,58.97,156.2587187,5.11
2024-06-17 20:00:00,DC_5,23.29,72.27,64.1,139.45,1020.29,23.29,57.27,49.1,134.083766,3.85
2024-06-17 22:30:00,DC_5,25.58,67.73,51.69,109.29,975.05,25.58,59.73,36.69,107.6214448,1.53
2024-06-18 01:00:00,DC_5,25.71,60.02,51.2,83.09,732.78,25.71,52.02,36.2,79.50765415,4.31
2024-06-18 03:30:00,DC_5,22.9,47.08,42.54,44.69,468.69,23.4,32.08,30.0,43.51614206,2.63
2024-06-18 06:00:00,DC_5,26.69,56.11,45.35,49.23,553.59,26.69,48.11,30.35,47.69940396,3.11
2024-06-18 08:30:00,DC_5,24.91,56.76,49.78,47.98,482.54,24.91,41.76,34.78,43.64255134,9.04
2024-06-18 11:00:00,DC_5,23.63,62.74,54.52,86.12,717.73,23.63,47.74,39.52,82.30826352,4.43
2024-06-18 13:30:00,DC_5,21.95,64.39,64.03,109.31,788.88,23.45,49.39,49.03,102.9951517,5.78
2024-06-18 16:00:00,DC_5,22.58,72.94,68.31,146.33,975.89,23.08,57.94,53.31,139.1739164,4.89
2024-06-18 18:30:00,DC_5,23.38,70.63,71.3,157.43,1054.5,23.38,55.63,56.3,152.7081798,3.0
2024-06-18 21:00:00,DC_5,23.77,61.19,65.87,113.01,901.49,23.77,46.19,50.87,108.414362,4.07
2024-06-18 23:30:00,DC_5,23.31,63.31,53.47,89.67,797.24,23.31,48.31,38.47,88.33146042,1.49
2024-06-19 02:00:00,DC_5,24.83,57.11,52.58,64.13,636.09,24.83,42.11,37.58,61.105387,4.72
2024-06-19 04:30:00,DC_5,24.89,51.84,44.47,44.5,437.57,24.89,36.84,30.0,41.79933455,6.07
2024-06-19 07:00:00,DC_5,22.98,50.54,50.2,51.39,527.06,23.48,35.54,35.2,49.0946016,4.47
2024-06-19 09:30:00,DC_5,20.56,58.89,57.82,61.9,508.9,23.06,43.89,42.82,54.69001255,11.65
2024-06-19 12:00:00,DC_5,22.0,64.22,58.65,90.47,676.87,23.5,49.22,43.65,85.29387171,5.72
2024-06-19 14:30:00,DC_5,28.91,62.17,55.04,111.42,908.64,28.91,62.17,55.04,111.42,0.0
2024-06-19 17:00:00,DC_5,22.7,74.59,65.33,145.33,1071.96,23.2,59.59,50.33,138.3091215,4.83
2024-06-19 19:30:00,DC_5,22.91,63.12,59.27,120.73,892.05,23.41,48.12,44.27,118.4950407,1.85
2024-06-19 22:00:00,DC_5,24.28,59.04,57.48,94.29,788.02,24.28,44.04,42.48,90.02972559,4.52
2024-06-20 00:30:00,DC_5,24.0,60.06,55.95,79.98,659.89,24.0,45.06,40.95,77.38123356,3.25
2024-06-20 03:00:00,DC_5,23.98,48.73,51.19,36.56,504.18,23.98,33.73,36.19,34.05352724,6.86
2024-06-20 05:30:00,DC_5,21.91,54.31,50.92,44.25,458.99,23.41,39.31,35.92,39.95352781,9.71
2024-06-20 08:00:00,DC_5,22.72,53.74,54.83,49.59,430.78,23.22,38.74,39.83,45.65278469,7.94
2024-06-20 10:30:00,DC_5,23.37,58.95,47.02,60.24,551.61,23.37,43.95,32.02,56.8452928,5.64
2024-06-20 13:00:00,DC_5,23.76,57.53,61.67,98.28,742.26,23.76,42.53,46.67,95.59578271,2.73
2024-06-20 15:30:00,DC_5,21.83,69.41,56.07,114.37,786.38,23.33,54.41,41.07,107.9696822,5.6
2024-06-20 18:00:00,DC_5,22.4,79.0,77.71,192.84,1222.67,23.4,64.0,62.71,186.9835796,3.04
2024-06-20 20:30:00,DC_5,25.54,60.9,55.77,148.37,1036.83,25.54,60.9,40.77,145.9261399,1.65
2024-06-20 23:00:00,DC_5,22.54,62.31,54.3,86.15,755.76,23.04,47.31,39.3,82.01149147,4.8
2024-06-21 01:30:00,DC_5,22.55,59.28,45.19,97.87,733.33,23.05,44.28,30.19,92.25081254,5.74
2024-06-21 04:00:00,DC_5,22.01,57.34,48.57,50.5,517.7,23.01,42.34,33.57,46.58549234,7.75
2024-06-21 06:30:00,DC_5,22.15,50.31,46.74,37.78,420.56,23.15,35.31,31.74,36.57676552,3.18
2024-06-21 09:00:00,DC_5,22.25,54.47,55.2,34.26,427.2,23.25,39.47,40.2,32.3977305,5.44
2024-06-21 11:30:00,DC_5,23.15,55.11,50.3,64.69,636.75,23.15,40.11,35.3,61.83781693,4.41
2024-06-21 14:00:00,DC_5,25.27,63.11,53.21,99.46,719.18,25.27,48.11,38.21,96.53495608,2.94
2024-06-21 16:30:00,DC_5,23.08,71.54,67.68,142.98,916.81,23.08,56.54,52.68,139.2138424,2.63
2024-06-21 19:00:00,DC_5,24.52,64.25,66.71,156.74,1071.86,24.52,56.25,51.71,153.637872,1.98
2024-06-21 21:30:00,DC_5,22.37,70.58,64.42,114.82,900.02,23.37,55.58,49.42,109.0491868,5.03
2024-06-22 00:00:00,DC_5,23.23,55.32,49.78,68.47,575.34,23.23,40.32,34.78,65.60187863,4.19
2024-06-22 02:30:00,DC_5,24.0,59.37,44.48,54.77,547.36,24.0,44.37,30.0,50.56040347,7.69
2024-06-22 05:00:00,DC_5,22.1,55.02,47.69,57.8,533.44,23.1,40.02,32.69,53.41528936,7.59
2024-06-22 07:30:00,DC_5,23.87,50.41,40.73,43.04,431.42,23.87,35.41,30.0,39.96410458,7.15
2024-06-22 10:00:00,DC_5,24.22,47.05,49.95,41.15,455.41,24.22,32.05,34.95,38.78457425,5.75
2024-06-22 12:30:00,DC_5,25.61,48.16,49.41,44.48,490.24,25.61,40.16,34.41,43.38345231,2.47
2024-06-22 15:00:00,DC_5,21.61,63.38,61.99,91.38,644.82,23.11,48.38,46.99,86.22947523,5.64
2024-06-22 17:30:00,DC_5,23.24,67.98,67.25,113.66,800.95,23.24,52.98,52.25,109.2769319,3.86
2024-06-22 20:00:00,DC_5,23.3,58.9,58.8,96.39,798.21,23.3,43.9,43.8,92.48776719,4.05
2024-06-22 22:30:00,DC_5,22.57,55.64,54.2,67.35,634.98,23.07,40.64,39.2,65.71422431,2.43
2024-06-23 01:00:00,DC_5,23.9,56.98,50.5,64.86,638.78,23.9,41.98,35.5,59.75598339,7.87
2024-06-23 03:30:00,DC_5,23.31,51.26,50.875,49.04,509.18,23.31,36.26,33.6,44.44851072,9.36
2024-06-23 06:00:00,DC_5,23.68,46.81,45.77,45.65,404.58,23.68,31.81,30.77,43.54741841,4.61
2024-06-23 08:30:00,DC_5,21.86,56.79,51.86,59.04,422.6,23.36,41.79,36.86,54.63699134,7.46
2024-06-23 11:00:00,DC_5,21.67,54.85,55.38,55.47,477.9,23.17,39.85,40.38,50.84580474,8.34
2024-06-23 13:30:00,DC_5,17.14,72.46,61.34,107.02,628.15,19.64,57.46,46.34,98.57697296,7.89
2024-06-23 16:00:00,DC_5,23.74,61.35,69.84,97.13,770.24,23.74,46.35,54.84,93.8868061,3.34
2024-06-23 18:30:00,DC_5,28.58,61.83,52.35,94.91,764.8,28.58,61.83,37.35,94.41320028,0.52
2024-06-23 21:00:00,DC_5,23.27,65.6,56.18,98.88,828.56,23.27,50.6,41.18,94.99796323,3.93
2024-06-23 23:30:00,DC_5,24.26,56.43,50.29,55.81,692.67,24.26,41.43,35.29,51.92774532,6.96
2024-06-24 02:00:00,DC_5,24.04,54.19,45.59,63.97,607.97,24.04,39.19,30.59,60.59265527,5.28
2024-06-24 04:30:00,DC_5,20.88,61.77,57.12,64.67,541.41,23.38,46.77,42.12,59.38780729,8.17
2024-06-24 07:00:00,DC_5,23.7,43.13,53.47,37.1,443.57,23.7,30.0,38.47,34.45674589,7.12
2024-06-24 09:30:00,DC_5,23.54,58.37,50.07,48.46,465.51,23.54,43.37,35.07,45.10664315,6.92
2024-06-24 12:00:00,DC_5,25.32,59.42,51.99,90.53,692.32,25.32,44.42,36.99,87.2431808,3.63
2024-06-24 14:30:00,DC_5,22.84,64.97,66.47,105.88,782.34,23.34,49.97,51.47,103.1736521,2.56
2024-06-24 17:00:00,DC_5,22.94,73.03,64.51,170.99,1101.31,23.44,58.03,49.51,166.4023095,2.68
2024-06-24 19:30:00,DC_5,24.21,71.75,57.16,143.52,1025.18,24.21,56.75,42.16,141.385565,1.49
2024-06-24 22:00:00,DC_5,21.64,59.69,62.1,103.04,761.73,23.14,44.69,47.1,95.22007886,7.59
2024-06-25 00:30:00,DC_5,24.52,59.15,49.12,64.62,709.48,24.52,44.15,34.12,61.05517621,5.52
2024-06-25 03:00:00,DC_5,21.38,61.95,50.83,66.42,556.45,23.38,46.95,35.83,61.86889438,6.85
2024-06-25 05:30:00,DC_5,23.26,58.75,44.35,56.11,504.13,23.26,43.75,30.0,54.15664872,3.48
2024-06-25 08:00:00,DC_5,23.67,51.28,51.35,41.81,415.36,23.67,36.28,36.35,39.41850262,5.72
2024-06-25 10:30:00,DC_5,16.08,74.57,64.5,107.89,556.44,18.58,59.57,49.5,98.48548807,8.72
2024-06-25 13:00:00,DC_5,22.81,67.99,55.64,120.82,826.88,23.31,52.99,40.64,116.6087008,3.49
2024-06-25 15:30:00,DC_5,21.84,69.12,64.88,138.44,940.53,23.34,54.12,49.88,131.1070995,5.3
2024-06-25 18:00:00,DC_5,23.23,68.27,61.84,174.81,1069.37,23.23,53.27,46.84,170.2233024,2.62
2024-06-25 20:30:00,DC_5,24.04,69.2,54.36,155.09,999.35,24.04,54.2,39.36,149.3952633,3.67
2024-06-25 23:00:00,DC_5,23.19,64.27,64.52,71.2,769.17,23.19,49.27,49.52,68.42704382,3.89
2024-06-26 01:30:00,DC_5,25.04,55.37,55.3,58.67,641.66,25.04,40.37,40.3,53.49354425,8.82
2024-06-26 04:00:00,DC_5,21.49,52.01,46.8,56.94,513.51,23.49,37.01,31.8,54.03947964,5.09
2024-06-26 06:30:00,DC_5,21.76,52.0,52.5,48.9,439.55,23.26,37.0,37.5,43.44452011,11.16
2024-06-26 09:00:00,DC_5,22.78,61.34,59.23,60.19,525.26,23.28,46.34,44.23,57.36064017,4.7
2024-06-26 11:30:00,DC_5,22.35,62.97,57.72,72.91,594.32,23.35,47.97,42.72,69.17635243,5.12
2024-06-26 14:00:00,DC_5,22.2,62.59,57.65,113.27,748.79,23.2,47.59,42.65,108.8992033,3.86
2024-06-26 16:30:00,DC_5,25.42,59.18,56.44,134.85,915.29,25.42,51.18,41.44,132.9156249,1.43
2024-06-26 19:00:00,DC_5,23.27,76.83,66.29,154.88,1193.5,23.27,61.83,51.29,151.1086618,2.44
2024-06-26 21:30:00,DC_5,22.19,71.81,54.79,117.61,920.37,23.19,56.81,39.79,111.6361495,5.08
2024-06-27 00:00:00,DC_5,22.8,57.62,63.87,97.21,791.0,23.3,42.62,48.87,92.46011528,4.89
2024-06-27 02:30:00,DC_5,24.58,52.96,45.07,48.65,557.0,24.58,37.96,30.07,47.70837879,1.94
2024-06-27 05:00:00,DC_5,22.81,45.5,50.03,32.57,421.57,23.31,30.5,35.03,31.44442451,3.46
2024-06-27 07:30:00,DC_5,22.81,49.93,51.49,42.69,439.41,23.31,34.93,36.49,39.56817276,7.31
2024-06-27 10:00:00,DC_5,24.31,49.43,43.94,45.34,478.33,24.31,34.43,30.0,43.01923626,5.12
2024-06-27 12:30:00,DC_5,22.66,59.52,61.94,78.02,677.85,23.16,44.52,46.94,74.08669378,5.04
2024-06-27 15:00:00,DC_5,24.24,64.8,69.82,116.93,799.84,24.24,49.8,54.82,112.2721376,3.98
2024-06-27 17:30:00,DC_5,22.62,80.4,72.77,180.99,1154.85,23.12,65.4,57.77,174.4100162,3.64
2024-06-27 20:00:00,DC_5,24.93,66.72,61.71,124.58,1027.92,24.93,51.72,46.71,119.5785293,4.01
2024-06-27 22:30:00,DC_5,24.14,67.24,61.72,112.46,861.99,24.14,52.24,46.72,108.6571267,3.38
2024-06-28 01:00:00,DC_5,24.09,53.1,56.03,71.36,724.07,24.09,45.1,41.03,67.72970411,5.09
2024-06-28 03:30:00,DC_5,23.73,50.64,45.03,43.14,519.84,23.73,35.64,30.03,41.7989703,3.11
2024-06-28 06:00:00,DC_5,24.3,48.61,44.12,39.29,467.16,24.3,33.61,30.0,36.56566324,6.93
2024-06-28 08:30:00,DC_5,16.31,66.89,59.17,76.44,443.88,18.81,51.89,44.17,69.68365899,8.84
2024-06-28 11:00:00,DC_5,22.7,53.76,42.98,53.42,503.27,23.2,38.76,30.0,51.25944916,4.04
2024-06-28 13:30:00,DC_5,23.52,55.96,50.41,81.68,722.48,23.52,40.96,35.41,77.55101981,5.06
2024-06-28 16:00:00,DC_5,22.42,71.15,77.7,143.98,914.26,23.42,56.15,62.7,136.4880405,5.2
2024-06-28 18:30:00,DC_5,21.46,67.92,58.0,124.28,899.85,23.46,52.92,43.0,116.8963912,5.94
2024-06-28 21:00:00,DC_5,23.23,64.54,68.35,127.96,912.24,23.23,49.54,53.35,124.2461545,2.9
2024-06-28 23:30:00,DC_5,22.37,54.03,50.875,86.62,733.09,23.37,39.03,30.32,81.53538763,5.87
2024-06-29 02:00:00,DC_5,23.78,48.8,50.68,44.59,501.1,23.78,33.8,35.68,42.40744025,4.89
2024-06-29 04:30:00,DC_5,22.78,45.79,43.52,46.62,463.54,23.28,30.79,30.0,43.51545132,6.66
2024-06-29 07:00:00,DC_5,23.31,47.61,45.72,43.92,397.29,23.31,32.61,30.72,42.0624872,4.23
2024-06-29 09:30:00,DC_5,22.53,54.68,50.82,48.42,419.96,23.03,39.68,35.82,46.10805648,4.77
2024-06-29 12:00:00,DC_5,23.04,57.93,52.34,78.91,578.1,23.04,42.93,37.34,76.28323188,3.33
2024-06-29 14:30:00,DC_5,23.28,56.05,59.9,82.52,634.82,23.28,56.05,44.9,81.7836653,0.89
2024-06-29 17:00:00,DC_5,20.54,66.85,63.64,94.87,640.54,23.04,51.85,48.64,86.71847312,8.59
2024-06-29 19:30:00,DC_5,26.91,47.28,52.34,73.81,725.7,26.91,47.28,52.34,73.80723622,0.0
2024-06-29 22:00:00,DC_5,21.3,56.88,54.64,82.7,662.75,23.3,41.88,39.64,78.29624511,5.32
2024-06-30 00:30:00,DC_5,22.64,61.41,55.39,66.43,629.88,23.14,46.41,40.39,60.16332823,9.43
2024-06-30 03:00:00,DC_5,24.43,54.22,40.67,43.14,486.84,24.43,39.22,30.0,39.82581546,7.68
2024-06-30 05:30:00,DC_5,22.72,50.9,46.0,53.54,481.89,23.22,35.9,31.0,53.09620971,0.83
2024-06-30 08:00:00,DC_5,26.94,49.29,42.96,36.91,438.57,26.94,41.29,30.0,35.25752348,4.48
2024-06-30 10:30:00,DC_5,22.73,56.66,53.76,47.0,418.26,23.23,41.66,38.76,44.02727285,6.32
2024-06-30 13:00:00,DC_5,23.27,55.06,48.97,65.6,558.63,23.27,40.06,33.97,61.53133958,6.2
2024-06-30 15:30:00,DC_5,21.97,64.37,59.31,79.92,613.42,23.47,49.37,44.31,75.67358529,5.31
2024-06-30 18:00:00,DC_5,24.33,55.955,59.5,91.37,729.34,24.33,45.94,44.5,88.95749638,2.64
2024-06-30 20:30:00,DC_5,23.52,58.32,57.54,86.19,717.86,23.52,43.32,42.54,83.63197596,2.97
2024-06-30 23:00:00,DC_5,21.7,64.61,59.87,87.52,675.46,23.2,49.61,44.87,82.1412255,6.15
2024-07-01 01:30:00,DC_5,21.88,59.38,51.56,51.14,590.34,23.38,44.38,36.56,46.86789885,8.35
2024-07-01 04:00:00,DC_5,28.72,46.32,47.87,39.65,482.33,28.72,46.32,47.87,39.65,0.0
2024-07-01 06:30:00,DC_5,22.78,46.27,44.34,38.45,396.08,23.28,31.27,30.0,35.10088632,8.71
2024-07-01 09:00:00,DC_5,23.01,53.91,46.89,46.79,419.73,23.01,38.91,31.89,42.05475898,10.12
2024-07-01 11:30:00,DC_5,17.61,66.21,57.98,94.86,637.71,20.11,51.21,42.98,88.362856,6.85
2024-07-01 14:00:00,DC_5,24.44,59.96,51.94,106.92,740.19,24.44,44.96,36.94,103.9182293,2.81
2024-07-01 16:30:00,DC_5,22.3,73.46,64.37,156.61,1002.41,23.3,58.46,49.37,150.9678344,3.6
2024-07-01 19:00:00,DC_5,21.18,71.06,73.59,124.87,950.44,23.18,56.06,58.59,117.7084304,5.74
2024-07-01 21:30:00,DC_5,23.71,57.31,64.91,113.25,883.46,23.71,42.31,49.91,110.6804485,2.27
2024-07-02 00:00:00,DC_5,22.3,57.51,55.91,83.79,846.02,22.3,57.51,55.91,83.78518461,0.01
2024-07-02 02:30:00,DC_5,23.02,56.26,51.58,58.29,596.2,23.02,41.26,36.58,53.93318547,7.47
2024-07-02 05:00:00,DC_5,21.42,61.86,54.61,43.02,417.21,23.42,46.86,39.61,37.09288448,13.78
2024-07-02 07:30:00,DC_5,22.69,60.64,40.31,44.32,472.03,23.19,45.64,30.0,41.66028379,6.0
2024-07-02 10:00:00,DC_5,24.96,44.26,48.85,61.95,577.72,24.96,44.26,48.85,61.95,0.0
2024-07-02 12:30:00,DC_5,22.11,72.35,62.86,162.65,987.89,23.11,57.35,47.86,155.7872528,4.22
2024-07-02 15:00:00,DC_5,23.91,64.65,60.45,131.3,922.83,23.91,49.65,45.45,128.2214352,2.34
2024-07-02 17:30:00,DC_5,24.03,67.88,65.44,150.6,1059.22,24.03,52.88,50.44,146.7981196,2.52
2024-07-02 20:00:00,DC_5,21.72,73.16,62.59,151.23,994.44,23.22,58.16,47.59,142.7948629,5.58
2024-07-02 22:30:00,DC_5,24.39,61.14,50.73,114.44,859.15,24.39,46.14,35.73,110.4486254,3.49
2024-07-03 01:00:00,DC_5,21.45,58.92,50.56,74.15,653.74,23.45,43.92,35.56,68.9715191,6.98
2024-07-03 03:30:00,DC_5,22.77,56.34,46.15,47.12,507.71,23.27,41.34,31.15,44.06966567,6.47
2024-07-03 06:00:00,DC_5,21.7,50.99,49.34,59.16,506.21,23.2,35.99,34.34,56.776149,4.03
2024-07-03 08:30:00,DC_5,20.39,58.45,49.42,56.19,434.45,22.89,43.45,34.42,51.23659763,8.82
2024-07-03 11:00:00,DC_5,22.14,61.5,57.3,87.14,649.29,23.14,46.5,42.3,80.32742757,7.82
2024-07-03 13:30:00,DC_5,21.59,63.56,52.39,102.95,667.08,23.09,48.56,37.39,98.09355109,4.72
2024-07-03 16:00:00,DC_5,21.23,76.44,67.75,197.27,1076.39,23.23,61.44,52.75,186.3545733,5.53
2024-07-03 18:30:00,DC_5,21.12,74.07,64.85,146.74,948.96,23.12,59.07,49.85,135.1872774,7.87
2024-07-03 21:00:00,DC_5,21.79,59.95,61.33,125.15,906.47,23.29,44.95,46.33,120.9681983,3.34
2024-07-03 23:30:00,DC_5,21.9,67.52,56.02,100.09,817.71,23.4,52.52,41.02,93.61544688,6.47
2024-07-04 02:00:00,DC_5,22.37,60.13,48.89,57.76,558.65,23.37,45.13,33.89,54.812212,5.1
2024-07-04 04:30:00,DC_5,23.52,54.3,50.88,55.73,497.34,23.52,39.3,35.88,51.87449916,6.92
2024-07-04 07:00:00,DC_5,22.71,51.27,43.73,46.33,460.07,23.21,36.27,30.0,44.39481083,4.18
2024-07-04 09:30:00,DC_5,21.48,54.88,51.13,58.15,511.56,23.48,39.88,36.13,53.10219432,8.68
2024-07-04 12:00:00,DC_5,23.42,57.95,64.33,83.52,652.96,23.42,42.95,49.33,79.44055714,4.88
2024-07-04 14:30:00,DC_5,24.9,61.72,49.37,109.93,786.41,24.9,46.72,34.37,106.0233629,3.55
2024-07-04 17:00:00,DC_5,23.12,69.94,72.25,203.64,1134.86,23.12,54.94,57.25,200.4814551,1.55
2024-07-04 19:30:00,DC_5,21.77,63.05,60.01,125.18,987.3,23.27,48.05,45.01,118.350664,5.46
2024-07-04 22:00:00,DC_5,23.74,66.51,57.08,105.02,892.15,23.74,51.51,42.08,99.8726822,4.9
2024-07-05 00:30:00,DC_5,24.74,58.89,52.94,76.26,757.73,24.74,43.89,37.94,72.6381019,4.75
2024-07-05 03:00:00,DC_5,18.3,65.65,54.01,72.71,585.16,20.8,50.65,39.01,67.00872606,7.84
2024-07-05 05:30:00,DC_5,24.73,49.32,46.5,59.89,648.2,24.73,41.32,31.5,58.3169319,2.63
2024-07-05 08:00:00,DC_5,23.46,56.14,47.47,51.31,525.69,23.46,41.14,32.47,49.20230945,4.11
2024-07-05 10:30:00,DC_5,21.72,62.59,60.25,64.67,497.59,23.22,47.59,45.25,60.39855693,6.6
2024-07-05 13:00:00,DC_5,23.06,58.22,59.59,92.3,784.4,23.06,58.22,44.59,91.54543587,0.82
2024-07-05 15:30:00,DC_5,23.65,65.07,70.65,194.35,1169.12,23.65,57.07,55.65,189.5643601,2.46
2024-07-05 18:00:00,DC_5,23.68,64.63,66.61,152.8,1056.28,23.68,49.63,51.61,150.0087749,1.83
2024-07-05 20:30:00,DC_5,21.69,68.88,56.64,142.99,991.16,23.19,53.88,41.64,134.9606159,5.62
2024-07-05 23:00:00,DC_5,22.16,64.75,66.7,108.62,853.01,23.16,49.75,51.7,102.6145948,5.53
2024-07-06 01:30:00,DC_5,22.24,60.47,51.08,58.86,601.26,23.24,45.47,36.08,53.61954575,8.9
2024-07-06 04:00:00,DC_5,22.71,53.98,46.9,41.31,511.3,23.21,38.98,31.9,38.50768068,6.78
2024-07-06 06:30:00,DC_5,16.18,59.9,61.18,60.43,446.35,18.68,44.9,46.18,54.24293345,10.24
2024-07-06 09:00:00,DC_5,27.74,46.15,35.19,34.76,426.66,27.74,46.15,35.19,34.75647488,0.01
2024-07-06 11:30:00,DC_5,21.94,60.24,51.31,52.33,451.63,23.44,45.24,36.31,45.81080176,12.46
2024-07-06 14:00:00,DC_5,24.34,53.96,51.95,62.32,607.42,24.34,53.96,51.95,62.31930398,0.0
2024-07-06 16:30:00,DC_5,23.9,57.14,53.84,89.35,713.49,23.9,42.14,38.84,87.5482601,2.02
2024-07-06 19:00:00,DC_5,23.24,62.74,63.18,112.12,760.19,23.24,47.74,48.18,108.2581491,3.44
2024-07-06 21:30:00,DC_5,23.62,56.55,52.56,76.57,673.25,23.62,41.55,37.56,73.73255041,3.71
2024-07-07 00:00:00,DC_5,22.55,55.82,48.83,63.48,576.04,23.05,40.82,33.83,59.13215634,6.85
2024-07-07 02:30:00,DC_5,23.25,53.64,48.61,45.5,538.07,23.25,38.64,33.61,42.50819922,6.58
2024-07-07 05:00:00,DC_5,22.07,56.35,40.56,43.52,401.55,23.07,41.35,30.0,41.71491221,4.15
2024-07-07 07:30:00,DC_5,23.6,52.36,49.16,29.36,429.1,23.6,37.36,34.16,28.24207281,3.81
2024-07-07 10:00:00,DC_5,19.95,62.48,62.09,91.4,702.03,22.45,47.48,47.09,84.68432014,7.35
2024-07-07 12:30:00,DC_5,23.67,60.92,51.24,78.2,560.56,23.67,45.92,36.24,75.0787621,3.99
2024-07-07 15:00:00,DC_5,23.17,64.09,61.39,102.5,709.3,23.17,49.09,46.39,98.23636706,4.16
2024-07-07 17:30:00,DC_5,22.59,63.94,59.23,98.02,701.99,23.09,48.94,44.23,92.62963255,5.5
2024-07-07 20:00:00,DC_5,24.56,52.06,57.18,72.06,673.8,24.56,44.06,42.18,71.30672182,1.05
2024-07-07 22:30:00,DC_5,24.56,54.73,42.5,61.03,583.11,24.56,39.73,30.0,58.76794079,3.71
2024-07-08 01:00:00,DC_5,24.17,55.62,47.62,65.78,666.3,24.17,40.62,32.62,63.03415274,4.17
2024-07-08 03:30:00,DC_5,21.75,52.28,47.71,59.06,516.38,23.25,37.28,32.71,54.20302057,8.22
2024-07-08 06:00:00,DC_5,24.78,49.84,48.7,40.18,506.18,24.78,41.84,33.7,38.57217155,4.0
2024-07-08 08:30:00,DC_5,22.74,48.39,48.79,44.03,466.36,23.24,33.39,33.79,42.00747424,4.59
2024-07-08 11:00:00,DC_5,22.16,60.95,55.05,57.4,578.83,23.16,45.95,40.05,53.90690085,6.09
2024-07-08 13:30:00,DC_5,16.89,77.9,65.37,166.61,752.2,19.39,62.9,50.37,152.2218696,8.64
2024-07-08 16:00:00,DC_5,22.23,74.96,72.75,199.02,1169.79,23.23,59.96,57.75,191.750099,3.65
2024-07-08 18:30:00,DC_5,22.95,73.05,72.97,159.44,971.99,23.45,58.05,57.97,154.0329422,3.39
2024-07-08 21:00:00,DC_5,22.21,71.78,61.06,161.6,1015.88,23.21,56.78,46.06,155.1164641,4.01
2024-07-08 23:30:00,DC_5,23.74,59.32,50.27,86.14,800.02,23.74,44.32,35.27,82.72596852,3.96
2024-07-09 02:00:00,DC_5,23.67,58.58,50.18,55.06,626.97,23.67,43.58,35.18,52.46185432,4.72
2024-07-09 04:30:00,DC_5,25.33,55.61,52.77,64.87,714.51,25.33,47.61,37.77,63.29332825,2.43
2024-07-09 07:00:00,DC_5,23.98,44.16,41.44,39.05,450.05,23.98,36.16,30.0,38.28062466,1.97
2024-07-09 09:30:00,DC_5,23.82,54.08,44.9,41.0,478.38,23.82,39.08,30.0,38.74907842,5.49
2024-07-09 12:00:00,DC_5,16.46,73.8,68.67,123.52,683.84,18.96,58.8,53.67,112.7240176,8.74
2024-07-09 14:30:00,DC_5,24.02,65.43,57.65,86.18,722.51,24.02,50.43,42.65,83.01465506,3.67
2024-07-09 17:00:00,DC_5,28.06,66.45,57.34,161.27,1051.63,28.06,66.45,57.34,161.2665581,0.0
2024-07-09 19:30:00,DC_5,21.75,80.1,70.78,143.39,1054.4,23.25,65.1,55.78,136.3850348,4.89
2024-07-09 22:00:00,DC_5,21.16,70.15,66.01,151.79,1031.45,23.16,55.15,51.01,143.5285629,5.44
2024-07-10 00:30:00,DC_5,21.78,69.92,66.51,118.09,959.1,23.28,54.92,51.51,112.7756397,4.5
2024-07-10 03:00:00,DC_5,22.15,56.38,51.83,57.19,540.63,23.15,41.38,36.83,54.47950457,4.74
2024-07-10 05:30:00,DC_5,28.06,47.25,44.51,44.77,457.03,28.06,47.25,44.51,44.76605383,0.01
2024-07-10 08:00:00,DC_5,22.87,54.21,50.15,49.15,472.31,23.37,39.21,35.15,48.4095908,1.51
2024-07-10 10:30:00,DC_5,24.71,60.24,58.59,58.94,559.12,24.71,45.24,43.59,55.08639507,6.54
2024-07-10 13:00:00,DC_5,21.99,61.95,65.47,101.85,817.96,23.49,46.95,50.47,96.81241987,4.95
2024-07-10 15:30:00,DC_5,25.59,70.25,66.12,149.4,1015.3,25.59,55.25,51.12,144.5473963,3.25
2024-07-10 18:00:00,DC_5,22.79,72.15,64.92,182.71,1076.51,23.29,57.15,49.92,178.4810964,2.31
2024-07-10 20:30:00,DC_5,24.75,69.65,52.27,141.25,1010.63,24.75,54.65,37.27,136.8762073,3.1
2024-07-10 23:00:00,DC_5,23.1,57.81,50.875,103.92,800.94,23.1,57.81,58.99,103.92,0.0
2024-07-11 01:30:00,DC_5,24.04,55.76,53.94,66.68,692.29,24.04,40.76,38.94,65.19452269,2.23
2024-07-11 04:00:00,DC_5,23.57,56.43,41.98,58.08,528.39,23.57,41.43,30.0,55.02208929,5.26
2024-07-11 06:30:00,DC_5,22.53,49.37,52.42,49.76,455.5,23.03,34.37,37.42,46.99397558,5.56
2024-07-11 09:00:00,DC_5,20.93,57.5,57.27,57.75,475.9,23.43,42.5,42.27,52.20856804,9.6
2024-07-11 11:30:00,DC_5,23.68,60.52,55.19,63.76,627.94,23.68,45.52,40.19,59.1672162,7.2
2024-07-11 14:00:00,DC_5,24.63,65.73,50.23,107.82,768.12,24.63,50.73,35.23,104.3443061,3.22
2024-07-11 16:30:00,DC_5,23.61,72.93,65.29,134.31,1032.24,23.61,57.93,50.29,129.6339542,3.48
2024-07-11 19:00:00,DC_5,16.82,81.32,74.27,198.24,1038.09,19.32,66.32,59.27,184.4312333,6.97
2024-07-11 21:30:00,DC_5,25.64,60.2,52.29,75.13,792.7,25.64,52.2,37.29,73.73204159,1.86
2024-07-12 00:00:00,DC_5,23.31,56.63,60.61,74.98,741.15,23.31,41.63,45.61,71.11594723,5.15
2024-07-12 02:30:00,DC_5,24.24,52.05,44.12,64.53,652.04,24.24,52.05,44.12,64.52947572,0.0
2024-07-12 05:00:00,DC_5,23.02,54.02,45.41,42.84,438.82,23.02,39.02,30.41,38.80710537,9.41
2024-07-12 07:30:00,DC_5,21.72,58.58,48.09,48.6,445.07,23.22,43.58,33.09,45.39879674,6.59
2024-07-12 10:00:00,DC_5,22.44,58.87,47.69,72.29,524.24,23.44,43.87,32.69,67.74600181,6.29
2024-07-12 12:30:00,DC_5,21.75,63.66,56.83,95.71,671.07,23.25,48.66,41.83,91.78053629,4.11
2024-07-12 15:00:00,DC_5,24.38,63.56,58.15,115.24,884.53,24.38,48.56,43.15,111.6281852,3.13
2024-07-12 17:30:00,DC_5,24.31,64.56,67.98,149.85,1115.4,24.31,64.56,67.98,149.85,0.0
2024-07-12 20:00:00,DC_5,22.23,72.59,62.42,152.94,935.04,23.23,57.59,47.42,145.7036981,4.73
2024-07-12 22:30:00,DC_5,23.36,62.24,61.56,93.46,923.85,23.36,47.24,46.56,90.22827295,3.46
2024-07-13 01:00:00,DC_5,23.1,62.51,52.56,66.7,583.06,23.1,47.51,37.56,63.7466244,4.43
2024-07-13 03:30:00,DC_5,24.27,43.64,38.94,33.47,431.42,24.27,35.64,30.0,31.79411718,5.01
2024-07-13 06:00:00,DC_5,23.68,48.34,44.34,42.55,408.96,23.68,33.34,30.0,39.20499119,7.86
2024-07-13 08:30:00,DC_5,22.69,58.98,52.43,72.64,585.64,23.19,43.98,37.43,70.1843007,3.38
2024-07-13 11:00:00,DC_5,24.07,57.63,59.37,57.71,527.02,24.07,42.63,44.37,54.28464157,5.94
2024-07-13 13:30:00,DC_5,24.02,50.99,50.78,60.03,553.87,24.02,35.99,35.78,59.44756043,0.97
2024-07-13 16:00:00,DC_5,25.18,63.54,52.87,63.56,626.25,25.18,48.54,37.87,60.99362044,4.04
2024-07-13 18:30:00,DC_5,21.41,72.23,58.34,106.61,747.65,23.41,57.23,43.34,99.61558163,6.56
2024-07-13 21:00:00,DC_5,22.66,61.9,59.68,76.38,678.82,23.16,46.9,44.68,72.49526934,5.09
2024-07-13 23:30:00,DC_5,22.2,54.92,50.82,53.34,617.53,23.2,39.92,35.82,50.97450571,4.43
2024-07-14 02:00:00,DC_5,22.66,57.25,44.67,59.37,551.13,23.16,42.25,30.0,55.42487611,6.64
2024-07-14 04:30:00,DC_5,21.31,53.51,46.85,39.48,414.36,23.31,38.51,31.85,34.95145465,11.47
2024-07-14 07:00:00,DC_5,23.11,49.5,44.75,44.25,429.36,23.11,34.5,30.0,39.34324708,11.09
2024-07-14 09:30:00,DC_5,22.64,55.65,49.55,47.25,485.81,23.14,40.65,34.55,43.20447859,8.56
2024-07-14 12:00:00,DC_5,21.78,63.4,59.84,62.21,543.34,23.28,48.4,44.84,55.76863531,10.35
2024-07-14 14:30:00,DC_5,24.82,65.92,55.2,111.02,793.14,24.82,50.92,40.2,106.8558875,3.75
2024-07-14 17:00:00,DC_5,22.96,59.18,58.43,84.7,714.69,23.46,44.18,43.43,79.91622942,5.65
2024-07-14 19:30:00,DC_5,22.57,58.5,56.23,97.85,691.25,23.07,43.5,41.23,93.89408368,4.04
2024-07-14 22:00:00,DC_5,20.73,67.45,61.57,95.01,748.83,23.23,52.45,46.57,86.82050045,8.62
2024-07-15 00:30:00,DC_5,23.12,56.53,50.77,74.41,740.13,23.12,41.53,35.77,70.70626517,4.98
2024-07-15 03:00:00,DC_5,23.95,56.84,50.94,52.17,565.71,23.95,41.84,35.94,48.20536255,7.6
2024-07-15 05:30:00,DC_5,28.45,46.31,38.76,37.11,468.91,28.45,46.31,38.76,37.11,0.0
2024-07-15 08:00:00,DC_5,22.15,48.91,51.17,46.93,416.31,23.15,33.91,36.17,46.27505568,1.4
2024-07-15 10:30:00,DC_5,23.45,51.73,49.0,64.76,514.12,23.45,36.73,34.0,63.15293082,2.48
2024-07-15 13:00:00,DC_5,21.69,67.04,57.02,103.7,751.47,23.19,52.04,42.02,97.82301469,5.67
2024-07-15 15:30:00,DC_5,22.19,75.75,73.14,202.99,1155.89,23.19,60.75,58.14,195.2726115,3.8
2024-07-15 18:00:00,DC_5,23.19,76.73,62.65,199.05,1185.66,23.19,61.73,47.65,193.5746097,2.75
2024-07-15 20:30:00,DC_5,21.15,71.91,65.74,150.27,891.46,23.15,56.91,50.74,141.7442919,5.67
2024-07-15 23:00:00,DC_5,22.78,64.07,56.77,110.42,920.13,23.28,49.07,41.77,105.649983,4.32
2024-07-16 01:30:00,DC_5,20.9,54.07,49.87,64.91,622.74,23.4,39.07,34.87,58.47164387,9.92
2024-07-16 04:00:00,DC_5,23.8,50.42,49.78,39.84,526.2,23.8,35.42,34.78,38.3379871,3.77
2024-07-16 06:30:00,DC_5,22.55,54.98,48.94,45.14,445.47,23.05,39.98,33.94,41.30666406,8.49
2024-07-16 09:00:00,DC_5,23.82,59.07,49.61,68.66,643.1,23.82,44.07,34.61,65.55889259,4.52
2024-07-16 11:30:00,DC_5,23.97,58.33,50.01,80.69,674.99,23.97,43.33,35.01,78.31868721,2.94
2024-07-16 14:00:00,DC_5,17.7,72.21,66.7,149.07,800.78,20.2,57.21,51.7,138.0091518,7.42
2024-07-16 16:30:00,DC_5,22.69,55.955,64.48,174.81,1049.24,23.19,67.6,49.48,169.1932545,3.21
2024-07-16 19:00:00,DC_5,23.85,64.66,66.29,112.15,964.53,23.85,64.66,66.29,112.15,0.0
2024-07-16 21:30:00,DC_5,21.46,66.84,66.27,127.52,875.48,22.46,66.84,51.27,123.1484193,3.43
2024-07-17 00:00:00,DC_5,21.79,56.37,52.7,77.0,723.43,23.29,41.37,37.7,73.06996538,5.1
2024-07-17 02:30:00,DC_5,21.27,54.39,55.36,51.96,531.58,23.27,39.39,40.36,48.76156159,6.16
2024-07-17 05:00:00,DC_5,24.46,53.07,41.74,49.2,481.15,24.46,53.07,41.74,49.1982963,0.0
2024-07-17 07:30:00,DC_5,23.96,55.955,52.0,40.79,455.62,23.96,36.57,37.0,40.01892878,1.89
2024-07-17 10:00:00,DC_5,19.84,63.99,55.29,70.62,525.5,22.34,48.99,40.29,65.90080961,6.68
2024-07-17 12:30:00,DC_5,18.12,70.12,59.79,107.72,733.45,20.62,55.12,44.79,97.74980927,9.26
2024-07-17 15:00:00,DC_5,21.46,68.81,71.73,143.71,889.08,23.46,53.81,56.73,135.4302256,5.76
2024-07-17 17:30:00,DC_5,22.03,70.44,69.71,143.72,922.02,23.03,55.44,54.71,135.4330845,5.77
2024-07-17 20:00:00,DC_5,21.97,70.7,64.29,165.22,1022.89,23.47,55.7,49.29,159.697525,3.34
2024-07-17 22:30:00,DC_5,23.54,51.99,59.51,78.67,767.42,23.54,43.99,44.51,75.54524692,3.97
2024-07-18 01:00:00,DC_5,23.44,56.81,54.59,58.95,661.64,23.44,41.81,39.59,55.69207911,5.53
2024-07-18 03:30:00,DC_5,22.59,51.72,52.31,64.22,604.05,23.09,36.72,37.31,61.47272343,4.28
2024-07-18 06:00:00,DC_5,21.8,53.68,50.75,41.67,419.4,22.3,38.68,35.75,37.55865064,9.87
2024-07-18 08:30:00,DC_5,23.3,60.95,50.2,61.64,540.56,23.3,45.95,35.2,57.85668081,6.14
2024-07-18 11:00:00,DC_5,21.03,61.77,56.89,78.05,609.25,23.03,46.77,41.89,71.49111256,8.4
2024-07-18 13:30:00,DC_5,22.3,65.14,66.03,104.91,728.69,23.3,50.14,51.03,99.05146254,5.58
2024-07-18 16:00:00,DC_5,26.83,61.04,62.15,152.97,991.21,26.83,61.04,47.15,149.7623094,2.1
2024-07-18 18:30:00,DC_5,23.93,67.64,62.98,137.15,1046.26,23.93,52.64,47.98,135.1112158,1.49
2024-07-18 21:00:00,DC_5,23.49,64.33,56.34,123.13,962.08,23.49,49.33,41.34,120.7393888,1.94
2024-07-18 23:30:00,DC_5,23.62,62.16,53.31,79.03,700.27,23.62,47.16,38.31,74.2381247,6.06
2024-07-19 02:00:00,DC_5,23.45,55.65,53.86,63.26,641.11,23.45,40.65,38.86,60.78611773,3.91
2024-07-19 04:30:00,DC_5,23.94,52.53,46.14,47.3,483.95,23.94,37.53,31.14,44.48079657,5.96
2024-07-19 07:00:00,DC_5,23.3,46.38,54.66,38.85,412.11,23.3,31.38,39.66,36.03854217,7.24
2024-07-19 09:30:00,DC_5,24.85,52.9,52.86,61.6,528.95,24.85,37.9,37.86,59.03424708,4.17
2024-07-19 12:00:00,DC_5,22.15,75.66,62.42,79.79,705.2,23.15,60.66,47.42,75.21524696,5.73
2024-07-19 14:30:00,DC_5,22.42,60.96,66.38,105.36,780.79,23.42,45.96,51.38,100.8952524,4.24
2024-07-19 17:00:00,DC_5,24.18,61.42,66.35,143.36,950.28,24.18,46.42,51.35,138.3089552,3.52
2024-07-19 19:30:00,DC_5,21.69,55.955,67.41,149.66,1021.62,23.19,56.8,52.41,141.4224291,5.5
2024-07-19 22:00:00,DC_5,23.55,61.07,56.42,91.58,923.65,23.55,46.07,41.42,86.37383113,5.68
2024-07-20 00:30:00,DC_5,22.38,52.72,57.32,56.91,600.21,23.38,37.72,42.32,52.21342786,8.25
2024-07-20 03:00:00,DC_5,24.1,47.61,44.65,38.65,446.68,24.1,32.61,30.0,36.29151788,6.1
2024-07-20 05:30:00,DC_5,25.22,46.56,43.92,36.27,453.48,25.22,38.56,30.0,34.92379929,3.71
2024-07-20 08:00:00,DC_5,24.27,57.41,37.78,42.32,446.91,24.27,42.41,30.0,40.02720878,5.42
2024-07-20 10:30:00,DC_5,21.51,67.41,59.97,89.51,690.91,23.01,52.41,44.97,84.62836556,5.45
2024-07-20 13:00:00,DC_5,24.56,51.17,52.29,67.66,587.98,24.56,36.17,37.29,64.35820762,4.88
2024-07-20 15:30:00,DC_5,22.27,54.16,49.06,69.07,596.97,23.27,39.16,34.06,65.624041,4.99
2024-07-20 18:00:00,DC_5,24.0,68.28,61.24,129.1,970.05,24.0,53.28,46.24,124.2537649,3.75
2024-07-20 20:30:00,DC_5,24.27,61.98,55.1,91.69,764.51,24.27,46.98,40.1,88.18247876,3.83
2024-07-20 23:00:00,DC_5,21.05,55.955,57.61,71.28,643.56,23.05,43.05,42.61,67.48878877,5.32
2024-07-21 01:30:00,DC_5,20.84,62.3,50.22,64.26,506.37,23.34,47.3,35.22,59.62411639,7.21
2024-07-21 04:00:00,DC_5,22.13,57.62,45.75,35.68,418.22,23.13,42.62,30.75,32.61321171,8.6
2024-07-21 06:30:00,DC_5,22.65,54.5,39.86,40.19,434.43,23.15,39.5,30.0,36.87216889,8.26
2024-07-21 09:00:00,DC_5,24.1,47.84,48.7,39.11,413.38,24.1,47.84,33.7,37.3215759,4.57
2024-07-21 11:30:00,DC_5,24.3,59.79,52.17,56.22,476.25,24.3,59.79,37.17,53.80067072,4.3
2024-07-21 14:00:00,DC_5,22.86,59.68,62.89,76.45,624.56,23.36,44.68,47.89,72.00313507,5.82
2024-07-21 16:30:00,DC_5,16.78,70.77,64.46,144.04,694.69,19.28,55.77,49.46,133.9535078,7.0
2024-07-21 19:00:00,DC_5,22.66,62.83,54.31,113.22,803.27,23.16,47.83,39.31,110.1506382,2.71
2024-07-21 21:30:00,DC_5,22.77,66.9,50.28,71.08,693.3,23.27,51.9,35.28,66.76767697,6.07
2024-07-22 00:00:00,DC_5,21.59,57.4,60.81,96.84,717.17,23.09,42.4,45.81,91.31166064,5.71
2024-07-22 02:30:00,DC_5,17.52,58.58,61.12,59.75,525.4,20.02,43.58,46.12,54.15634063,9.36
2024-07-22 05:00:00,DC_5,23.2,51.07,45.81,36.56,431.69,23.2,36.07,30.81,34.09918675,6.73
2024-07-22 07:30:00,DC_5,22.0,53.19,48.13,49.65,407.28,23.5,38.19,33.13,46.00050261,7.35
2024-07-22 10:00:00,DC_5,21.23,66.59,47.43,69.33,545.02,21.73,58.59,32.43,65.84821649,5.02
2024-07-22 12:30:00,DC_5,16.62,76.74,69.49,146.71,746.02,19.12,61.74,54.49,135.5877655,7.58
2024-07-22 15:00:00,DC_5,23.38,62.4,58.86,126.04,874.24,23.38,47.4,43.86,121.793064,3.37
2024-07-22 17:30:00,DC_5,24.79,67.76,63.02,145.04,983.05,24.79,52.76,48.02,141.5531062,2.4
2024-07-22 20:00:00,DC_5,24.44,64.89,62.44,150.85,1025.54,24.44,49.89,47.44,148.2564813,1.72
2024-07-22 22:30:00,DC_5,23.68,73.96,56.09,104.38,891.0,23.68,58.96,41.09,99.76775972,4.42
2024-07-23 01:00:00,DC_5,19.96,72.64,71.5,113.99,873.94,22.46,57.64,56.5,105.1814317,7.73
2024-07-23 03:30:00,DC_5,23.11,60.72,49.93,50.19,524.19,23.11,45.72,34.93,47.90232004,4.56
2024-07-23 06:00:00,DC_5,24.43,52.46,44.49,47.28,427.86,24.43,37.46,30.0,44.13786496,6.65
2024-07-23 08:30:00,DC_5,22.82,57.77,45.81,34.88,428.75,23.32,42.77,30.81,32.10768439,7.95
2024-07-23 11:00:00,DC_5,21.49,62.12,58.2,65.56,565.49,23.49,47.12,43.2,61.50795488,6.18
2024-07-23 13:30:00,DC_5,24.04,69.7,60.68,118.88,862.35,24.04,54.7,45.68,112.7930636,5.12
2024-07-23 16:00:00,DC_5,21.78,63.01,64.89,132.99,881.69,22.78,63.01,49.89,129.7050558,2.47
2024-07-23 18:30:00,DC_5,22.3,63.35,64.33,115.2,862.55,23.3,48.35,49.33,108.3018778,5.99
2024-07-23 21:00:00,DC_5,24.69,59.75,60.25,118.49,955.26,24.69,51.75,45.25,114.2855748,3.55
2024-07-23 23:30:00,DC_5,23.76,67.27,58.12,94.31,806.71,23.76,67.27,58.12,94.31,0.0
2024-07-24 02:00:00,DC_5,23.24,59.15,57.24,74.68,647.4,23.24,44.15,42.24,71.63909561,4.07
2024-07-24 04:30:00,DC_5,23.3,52.87,50.38,50.69,510.05,23.3,37.87,35.38,46.44919839,8.37
2024-07-24 07:00:00,DC_5,22.98,49.18,42.91,42.0,439.77,23.48,34.18,30.0,38.80163779,7.62
2024-07-24 09:30:00,DC_5,21.33,50.28,50.89,50.17,444.18,23.33,35.28,35.89,47.28106421,5.76
2024-07-24 12:00:00,DC_5,22.26,64.16,59.46,76.16,672.71,23.26,49.16,44.46,70.69736497,7.17
2024-07-24 14:30:00,DC_5,18.04,75.83,71.63,177.37,845.75,20.54,60.83,56.63,163.0604726,8.07
2024-07-24 17:00:00,DC_5,24.23,68.56,60.94,153.08,1072.7,24.23,53.56,45.94,151.0371202,1.33
2024-07-24 19:30:00,DC_5,23.8,58.83,62.77,124.91,987.25,23.8,50.83,47.77,121.9758794,2.35
2024-07-24 22:00:00,DC_5,22.03,62.48,51.03,91.33,805.93,23.03,47.48,36.03,86.52125724,5.27
2024-07-25 00:30:00,DC_5,23.84,54.18,48.01,56.17,655.19,23.84,39.18,33.01,53.4544629,4.83
2024-07-25 03:00:00,DC_5,24.36,50.58,48.76,47.86,534.61,24.36,35.58,33.76,44.5877112,6.84
2024-07-25 05:30:00,DC_5,22.03,55.955,48.11,52.44,476.63,23.03,44.76,33.11,47.67309256,9.09
2024-07-25 08:00:00,DC_5,21.01,62.39,54.4,66.01,537.67,23.01,47.39,39.4,58.74145028,11.01
2024-07-25 10:30:00,DC_5,21.88,63.36,58.63,83.15,590.46,23.38,48.36,43.63,78.07793845,6.1
2024-07-25 13:00:00,DC_5,21.22,69.19,71.34,129.19,814.39,23.22,54.19,56.34,121.3685251,6.05
2024-07-25 15:30:00,DC_5,21.95,70.05,64.86,139.31,922.31,23.45,55.05,49.86,131.848692,5.36
2024-07-25 18:00:00,DC_5,21.3,74.58,62.23,147.18,979.79,23.3,59.58,47.23,138.5934615,5.83
2024-07-25 20:30:00,DC_5,23.26,69.38,64.8,138.98,939.25,23.26,54.38,49.8,134.0992429,3.51
2024-07-25 23:00:00,DC_5,23.11,61.93,56.16,101.48,786.42,23.11,46.93,41.16,97.0185004,4.4
2024-07-26 01:30:00,DC_5,24.72,59.58,48.86,69.75,704.77,24.72,44.58,33.86,67.88242298,2.68
2024-07-26 04:00:00,DC_5,21.39,59.24,47.55,47.84,475.98,22.89,51.24,32.55,45.22756224,5.46
2024-07-26 06:30:00,DC_5,22.95,43.07,47.22,33.97,383.99,23.45,30.0,32.22,32.04306103,5.67
2024-07-26 09:00:00,DC_5,21.98,52.62,51.25,58.71,453.53,23.48,37.62,36.25,55.48906208,5.49
2024-07-26 11:30:00,DC_5,21.1,58.9,60.43,73.36,624.34,23.1,43.9,45.43,68.0476025,7.24
2024-07-26 14:00:00,DC_5,28.39,53.94,49.43,73.66,704.43,28.39,53.94,49.43,73.66,0.0
2024-07-26 16:30:00,DC_5,23.23,60.18,64.74,145.09,997.92,23.23,45.18,49.74,141.5622025,2.43
2024-07-26 19:00:00,DC_5,24.58,67.49,60.25,112.04,975.08,24.58,52.49,45.25,108.1700212,3.45
2024-07-26 21:30:00,DC_5,24.0,74.59,59.97,118.14,936.82,24.0,59.59,44.97,113.445047,3.97
2024-07-27 00:00:00,DC_5,24.35,50.11,45.23,59.5,611.87,24.35,42.11,30.23,58.31768273,1.99
2024-07-27 02:30:00,DC_5,22.87,49.62,50.23,39.97,490.6,23.37,34.62,35.23,35.57460456,11.0
2024-07-27 05:00:00,DC_5,24.31,49.46,52.87,34.72,421.44,24.31,34.46,37.87,31.21845767,10.09
2024-07-27 07:30:00,DC_5,20.99,57.0,52.96,53.06,453.05,23.49,42.0,37.96,47.52334977,10.43
